user_id,Username,anime_id,Anime Title,rating
501447,killerBee1345,3701,Kaiba,7
37338,schinophrenic,2238,Fuyu no Semi,7
558199,Falix_55,3467,Nogizaka Haruka no Himitsu,6
118354,SusieCho,1172,Slayers Try,10
945807,LisaAraujo,918,Gintama,10
954395,salguz400,14741,Chuunibyou demo Koi ga Shitai!,10
371335,FrumbleMarbee,34497,Death March kara Hajimaru Isekai Kyousoukyoku,9
742147,gallifreyians,10800,Chihayafuru,9
79603,Dorrengaray,31636,Dagashi Kashi,7
2173,DeathGuiseX,256,Hoshi no Koe,9
309123,Kvazikvark,4059,"Clannad: Mou Hitotsu no Sekai, Tomoyo-hen",10
336962,lone_ninja,38999,Watashi ni Tenshi ga Maiorita! Special,8
574907,Annstis,5114,Fullmetal Alchemist: Brotherhood,10
77179,ard,57,Beck,8
497264,LeoALion,1526,Pokemon Movie 08: Mew to Hadou no Yuusha Lucario,9
34811,cobol,226,Elfen Lied,7
1259,M-,1531,Shakugan no Shana: Koi to Onsen no Kougai Gakushuu!,8
94840,Evendell,15417,Gintama': Enchousen,9
536571,Kari-Haruka,3652,Higurashi no Naku Koro ni Rei,7
1192111,Luigi_Lamperouge,487,Girls Bravo: Second Season,5
2324,kirAth-shiAue,1967,Kidou Senshi Z Gundam I: Hoshi wo Tsugu Mono,8
397188,krismaz,10162,Usagi Drop,9
96026,Baibh,40602,7 Seeds 2nd Season,8
449231,czernia,9062,Angel Beats! Specials,8
553565,BreeCatchu,37623,Chiisana Eiyuu: Kani to Tamago to Toumei Ningen,4
341433,SubVerZa,38000,Kimetsu no Yaiba,9
495173,Akamaru_kun,181,Vandread: The Second Stage,7
3622,DarkPnkX,225,Dragon Ball GT,5
397450,ApatheticNerdGuy,10379,Natsume Yuujinchou San,9
507966,MechanicLink,270,Hellsing,10
6949,Fay207,121,Fullmetal Alchemist,8
545329,Sheif,12445,Tasogare Otome x Amnesia,5
331367,alyuzumaki,5114,Fullmetal Alchemist: Brotherhood,8
12663,Zigmoose,1002,Top wo Nerae 2! Diebuster,7
502195,Flame0007,969,Tsubasa Chronicle 2nd Season,7
1070739,LiquidCypher,1292,Afro Samurai,8
1221795,gomugomurocket,1117,Pokemon Movie 02: Maboroshi no Pokemon Lugia Bakutan,9
1169725,RedLuthor,25389,"Dragon Ball Z Movie 15: Fukkatsu no ""F""",7
53700,NecoDelero,13587,Persona 4 the Animation: No One is Alone,7
13933,deserty,17895,Golden Time,10
340457,MaidenChina,34881,Aho Girl,7
414258,mimix2,10897,Boku wa Tomodachi ga Sukunai: Yaminabe wa Bishoujo ga Zannen na Nioi,7
436419,Satsumo,6594,Katanagatari,10
352846,Wludysluw,1361,Final Fantasy: The Spirits Within,9
11017,technic,1117,Pokemon Movie 02: Maboroshi no Pokemon Lugia Bakutan,7
1143215,Yvese,12079,Black★Rock Shooter,6
351988,Shinkan,2897,Nandarou,6
15648,Jovzin,4382,Suzumiya Haruhi no Yuuutsu (2009),10
419846,Lady_N,7791,K-On!!,10
469186,Rysiolinka,18507,Free!,7
107347,Sonvalt,7674,Bakuman.,9
300267,Kazemon15,597,Neko no Ongaeshi,7
29081,Dark_Avenger,6958,Hyakko Extra,6
509168,TimaeusDA,6747,Dance in the Vampire Bund,7
74598,tochiro,1575,Code Geass: Hangyaku no Lelouch,10
381875,paulosantana,23755,Nanatsu no Taizai,9
357328,lilitan,1530,Kanon (2006),9
429457,skroonb,5258,Hajime no Ippo: New Challenger,10
18668,Logax,14749,Ore no Kanojo to Osananajimi ga Shuraba Sugiru,6
6790,Lyle,3702,Detroit Metal City,10
538473,G392,10460,Kimi to Boku.,7
337841,lmjkrol,12677,Ozma,7
4653,Kajitoku,3457,Vampire Knight,6
407627,emptyskyes,5118,Suzumiya Haruhi-chan no Yuuutsu,9
74673,INVASION,3911,Shuukaku no Yoru,7
1153433,allo,12859,One Piece Film: Z,10
319910,kimpede,565,Steamboy,9
119176,Temeee,16662,Kaze Tachinu,8
55249,SEELE_01,8769,Ore no Imouto ga Konnani Kawaii Wake ga Nai,7
1079161,rakky,1132,Digimon Frontier,7
1098271,Master_Ed,32182,Mob Psycho 100,10
715577,Burninggg,578,Hotaru no Haka,9
119365,Krystal,5941,Cross Game,9
986431,zahed7,9919,Ao no Exorcist,8
22009,Satorian,67,Basilisk: Kouga Ninpou Chou,4
357,zhambi,8516,Baka to Test to Shoukanjuu Ni!,5
297015,Dralifer,31043,Boku dake ga Inai Machi,10
1124671,SuzumeBachi666,43,Koukaku Kidoutai,8
682027,Wooser,34751,Blood Lad: Kanketsu Kinen,7
331259,onlywatching,28223,Death Parade,8
397017,Mrthisguy,8277,Hyakka Ryouran: Samurai Girls,10
352342,ZiLaKkA,22961,Date A Live II: Kurumi Star Festival,3
529587,Andromeda_San,780,Detective Conan Movie 02: The Fourteenth Target,6
360749,Tough_REI,5177,Denpa-teki na Kanojo,9
291143,0T4K,3931,Initial D Battle Stage 2,9
566955,enter_sandman92,1195,Zero no Tsukaima,8
998345,MaemiCZ,3588,Soul Eater,8
440950,YukiTsubaki,6211,Tokyo Magnitude 8.0,8
465418,ahimmesenpai,1686,Bleach Movie 1: Memories of Nobody,9
370279,atelierkogarasu,427,Kaleido Star,6
1198429,bowserzeki,16498,Shingeki no Kyojin,10
319319,broken_cylon,4214,Rosario to Vampire Capu2,9
510681,TaraTarantula,1443,Sol Bianca,8
420004,lineage,3667,Strike Witches,7
491268,enoki,4163,Seto no Hanayome OVA,9
81132,Nordsjel,6707,Kuroshitsuji II,7
111549,sonel123,49357,Star Wars: Visions,10
949,chocopocky,33447,Piace: Watashi no Italian,6
42391,Lady_Ren,3024,Ribbon no Kishi,6
998073,zaedas99,12413,Jormungand,9
410487,ayanami3,31478,Bungou Stray Dogs,8
393900,chihiro61298,4654,Toaru Majutsu no Index,10
1081817,IamLaeris,889,Black Lagoon,8
1998,luinthoron,199,Sen to Chihiro no Kamikakushi,6
346927,watsaname,5681,Summer Wars,9
476170,Darkzack,5909,Seitokai no Ichizon,8
333568,Laquendi,9563,Hidamari Sketch x ☆☆☆ Specials,8
78168,Suiren,535,Slayers Next,9
27620,muchrome,5678,Kobato.,8
391434,Eiko_Carol,19447,Arata Kangatari Picture Drama,8
1129933,Rabajiin,6211,Tokyo Magnitude 8.0,9
1265155,d_manzterz,27833,Durarara!!x2 Ketsu,8
469552,Marguerite,119,Final Approach,3
374161,scorpio28b,10681,Blood-C: The Last Dark,6
421928,valkyrie233,9213,Kowarekake no Orgel,10
290106,Nostradamus1989,10162,Usagi Drop,10
491831,Tensai-San,1575,Code Geass: Hangyaku no Lelouch,10
1224935,raguna098,3455,To LOVE-Ru,10
100162,Kotorine-Rin,8187,Fumiko no Kokuhaku,7
53530,gtn4life,2388,Tachiguishi Retsuden,8
477217,Reyio,528,Pokemon Movie 01: Mewtwo no Gyakushuu,8
390440,toomarch,585,Mimi wo Sumaseba,7
1210777,Mimiko_chan,34443,Baki,6
460994,Dixis,132,GetBackers,7
916591,Vario,18041,Rozen Maiden (2013),8
1225535,Vmonkey,8769,Ore no Imouto ga Konnani Kawaii Wake ga Nai,8
512244,raechel_papaya,25015,Kyoukai no Kanata Movie 1: I'll Be Here - Kako-hen,7
308352,Lazytimmy,9181,Motto To LOVE-Ru,8
4833,Zlittzor,4192,Hayate no Gotoku!!,10
444349,shirley1994,35241,Konohana Kitan,8
1105589,--kitade--,34148,Nyanko Days,10
409597,Simple_Not,9734,K-On!!: Keikaku!,7
328286,ultra_aleph,34148,Nyanko Days,6
46793,eji,38101,5-toubun no Hanayome,8
559337,Akaimo,30,Neon Genesis Evangelion,7
9068,Tracer,8915,Dantalian no Shoka,5
413352,Infancen,1151,Dominion,7
292458,asuracry,1887,Lucky☆Star,8
305087,jeimii,1195,Zero no Tsukaima,9
81314,hibertansiyar,16498,Shingeki no Kyojin,10
88471,Keishadow,1023,Wolf's Rain OVA,8
26455,kaon9029,226,Elfen Lied,8
105183,M0116,9421,SmaSTATION-3 SMAnime,7
119035,kazmiz01,225,Dragon Ball GT,6
80917,kielus,534,Slayers,6
322559,Suxi,1723,Clannad Movie,4
103074,davismw2000,468,Innocence,9
404473,Resh12,199,Sen to Chihiro no Kamikakushi,7
84911,kyzia,534,Slayers,4
370048,Gutaper4,4896,Umineko no Naku Koro ni,6
409429,Judou,10805,Kami nomi zo Shiru Sekai: 4-nin to Idol,9
485663,lubibul,10588,Persona 4 the Animation,10
98134,PSYDUDE,263,Hajime no Ippo,9
81109,Mecasonic,30736,Shingeki no Bahamut: Virgin Soul,8
440019,misterT,10611,R-15,9
10417,hyakuiro,53,Ai Yori Aoshi,5
32542,Bocknoi,58,Blue Gender,8
541683,Averinn,339,Serial Experiments Lain,8
69386,Kamcio,34599,Made in Abyss,8
7366,sluncer,704,Kanon Kazahana,9
76315,illiteratewhino,15775,Saint☆Oniisan,7
387611,GoldenWoof,849,Suzumiya Haruhi no Yuuutsu,8
317936,Neapoleon,7059,Black★Rock Shooter (OVA),8
69514,Kellybelly42490,882,Yuu☆Yuu☆Hakusho (Movie),8
410631,JayTord,31608,Teekyuu 4 Specials,6
1100087,gurkninja,10165,Nichijou,9
308975,Holon,19367,Galilei Donna,6
1244231,Lustdemon,15539,Unsweet: Netorare Ochita Onna-tachi,8
534897,ecemus,7054,Kaichou wa Maid-sama!,8
387818,Ichimar,52976,Berserk: Ougon Jidai-hen - Memorial Edition,7
339345,NICETOMEETYOU,1575,Code Geass: Hangyaku no Lelouch,9
498759,Bakaryuu,39587,Re:Zero kara Hajimeru Isekai Seikatsu 2nd Season,7
621247,DarknessV,9513,Beelzebub,8
539259,Rumy3,17505,Mushibugyou,8
41061,ShootTheBullet,789,Shinigami no Ballad.,6
541219,Crescentsky1991,270,Hellsing,9
117032,BartJAMF,7593,Kiss x Sis (TV),10
755663,-kidd-at-heart-,594,Naruto: Takigakure no Shitou - Ore ga Eiyuu Dattebayo!,8
420749,Eredae,149,Loveless,10
31135,yukihime,585,Mimi wo Sumaseba,8
96585,Tsuabasa,886,Amaenaide yo!! Katsu!!,7
78492,Kayane,4997,Mahoromatic 2 End Year Special,7
63405,shinju1,6547,Angel Beats!,7
356882,taweave,182,Tenkuu no Escaflowne,8
694627,Wizeled,40028,Shingeki no Kyojin: The Final Season,9
20803,Fialka,651,Green Green Thirteen: Erolutions,6
519625,Phantismpkz,237,Koukyoushihen Eureka Seven,9
53740,sledger198,10800,Chihayafuru,8
510757,Yukihara_Koyuki,49979,Akuyaku Reijou nanode Last Boss wo Kattemimashita,7
391554,Cooperation-san,35760,Shingeki no Kyojin Season 3,8
697769,Chris1021,1575,Code Geass: Hangyaku no Lelouch,7
344931,Nesirs,28999,Charlotte,6
354413,NGamerPat,5114,Fullmetal Alchemist: Brotherhood,10
1097867,rynerrain,5530,Pandora Hearts,6
83299,Slyx,8937,Toaru Majutsu no Index II,10
111223,bahaa,4004,Inda no Himekishi Janne,4
516063,Fyrestratis,8630,Hidan no Aria,6
469693,Bas_chann,9756,Mahou Shoujo Madoka★Magica,8
110363,firstmidnight,1887,Lucky☆Star,10
298235,Jate,253,Jungle wa Itsumo Hare nochi Guu,10
475227,Snake4fun,548,Wonderful Days,6
93861,starlovefish,2563,Aria the OVA: Arietta,10
1217219,Muzer,14277,Chitose Get You!!,7
335078,mtgZiggas,13535,Binbougami ga!,6
419566,ouipersevere,1133,Tenchi Muyou! GXP,10
392991,Fuyu_Gin,4879,Mouryou no Hako,5
33918,AnonymousCF,6166,Asobi ni Iku yo!,7
34620,Darkmage530,6746,Durarara!!,6
108784,redstars,227,FLCL,4
541053,krutx,1604,Katekyo Hitman Reborn!,7
1110837,crh325,10491,Higurashi no Naku Koro ni Kira,6
994257,imesquilin,1818,Claymore,9
394088,Arrvilja,6268,Sekishoku Elegy,7
498586,BackStab28,11843,Danshi Koukousei no Nichijou,7
1228367,uber_paddler,6205,Kämpfer,5
118228,sphink,6802,So Ra No Wo To,8
889909,thracias,16353,Love Lab,9
80170,Remor,3665,Ginga Eiyuu Densetsu Gaiden (1999),9
348786,olneykunx2,2167,Clannad,10
320300,MegumiInoue,34659,Otokonoko ♂ Delivery,5
69405,littlemisshinta,5719,Sex Pistols,6
496869,Josejaime,31181,Owarimonogatari,9
92061,RazorKnife,4472,Lucky☆Star: Original na Visual to Animation,8
1266675,Sharinganpro,5114,Fullmetal Alchemist: Brotherhood,9
1099227,Jadz1,24227,Nisekoi OVA,7
81,Ramp,6,Trigun,9
450950,MrPriOriify,34281,High School DxD Hero,9
494158,vibe2191,6573,Darker than Black: Ryuusei no Gemini,9
84030,vala911,16157,Choujigen Game Neptune The Animation,7
458165,tadeulobato,839,Samurai Spirits 2: Asura Zanmaden,10
372034,mnegypt,7674,Bakuman.,8
477976,darkeisu,8726,Soredemo Machi wa Mawatteiru,8
19904,Chaoticnova,467,Koukaku Kidoutai: Stand Alone Complex,8
303774,OniWarrior,5355,Sengoku Basara,7
351180,shadowrep,40540,Sword Art Online: Alicization - War of Underworld 2nd Season,8
351141,FatefulLove,12293,Campione! Matsurowanu Kamigami to Kamigoroshi no Maou,7
2569,InNeR_dEmOn258,8408,Durarara!! Specials,7
10541,jackslade,527,Pokemon,4
456082,Wyllds,19,Monster,9
85900,daxterclank,1220,Hoshizora Kiseki,7
1082637,Rekira,343,Tsukuyomi: Moon Phase,8
458570,judg,6024,Chi's Sweet Home: Atarashii Ouchi,7
479132,Yuusha_Motsky,11757,Sword Art Online,9
303621,innocentrap,14967,Boku wa Tomodachi ga Sukunai Next,10
725059,RaidenRobin,6547,Angel Beats!,8
375886,apolloangel,7817,B-gata H-kei,8
424407,n0dl,5114,Fullmetal Alchemist: Brotherhood,10
118048,mrmunchiez,20583,Haikyuu!!,9
378322,andhakai,6033,Dragon Ball Kai,10
1152011,-less,1761,Golgo 13: Queen Bee,7
1108733,vanrokus,31478,Bungou Stray Dogs,8
304253,Elmekia,4472,Lucky☆Star: Original na Visual to Animation,7
3555,Mullet_Power,1535,Death Note,10
1001417,KokoroZ,34148,Nyanko Days,7
118680,Necronomicon,244,Agatha Christie no Meitantei Poirot to Marple,7
14900,alexsiuke,874,Digimon Tamers,8
95602,Keoma,248,Ichigo 100%,9
297,Muda,182,Tenkuu no Escaflowne,8
443369,Kyaka,985,Dragon Ball Z Special 2: Zetsubou e no Hankou!! Nokosareta Chousenshi - Gohan to Trunks,8
76472,EuphoricCake,4792,Pokemon: Pikachu Tankentai,7
490588,JK20210,10620,Mirai Nikki (TV),7
312771,XxKaiser89xX,3572,Macross F,8
113854,l0vedeluxe,8348,Tengen Toppa Gurren Lagann: Parallel Works 2,8
569151,raitei_shourai,8425,Gosick,8
574907,Annstis,251,Kyou kara Maou!,6
446958,Kuro_Equinox,21,One Piece,9
73692,Mistrille,465,One Piece Movie 07: Karakuri-jou no Mecha Kyohei,9
1060149,mteav,18153,Kyoukai no Kanata,8
420369,LoveAngel5,22071,Mikakunin de Shinkoukei: Mite. Are ga Watashitachi no Tomatteiru Ryokan yo.,8
101513,Mino-Chan,873,.hack//Roots,4
346819,Aye411,16405,"Boku no Imouto wa ""Osaka Okan""",3
1149785,Unknown2015,15809,Hataraku Maou-sama!,8
65026,Decap,59,Chobits,9
20283,vega_pro,1482,D.Gray-man,9
308014,oikawatoorusiwa,31798,Kiznaiver,9
19297,daflameking,237,Koukyoushihen Eureka Seven,6
1085691,jack-summer386,1601,Red Garden,3
533079,Lizzy8291,21881,Sword Art Online II,7
442538,EniskerryRyu,4181,Clannad: After Story,10
25630,Jonbaruby,1003,Aa! Megami-sama! (TV) Specials,7
1174005,KisukeUrashima,5680,K-On!,7
1239449,Dogville,31043,Boku dake ga Inai Machi,9
991391,HeartlessKuja,11763,Sekai de Ichiban Tsuyoku Naritai!,6
384699,kopparberg,9756,Mahou Shoujo Madoka★Magica,7
1107239,wofie,1689,Byousoku 5 Centimeter,9
1290921,Cylom,11933,Oda Nobuna no Yabou,6
422335,lopetettu,3958,Kannagi,6
367161,Hans_0819,8630,Hidan no Aria,6
57180,Konowal,534,Slayers,8
16801,CheshireSin,41120,Fugou Keiji: Balance:Unlimited,7
1066601,natsu10Dragneel,226,Elfen Lied,6
1168693,boinky,18857,Ore no Imouto ga Konnani Kawaii Wake ga Nai. Specials,7
1262163,Cyrano99,790,Ergo Proxy,8
415286,Typin,12433,Kyokugen Dasshutsu Adv: Zennin Shibou desu Prologue,8
56172,aayn,761,Naruto: Akaki Yotsuba no Clover wo Sagase,6
332092,Vica,5678,Kobato.,10
12795,J-970,2581,Kidou Senshi Gundam 00,7
85506,Iroul,8074,Highschool of the Dead,8
1203247,d34th0rl1f3,121,Fullmetal Alchemist,9
977567,Galadei,24833,Ansatsu Kyoushitsu,8
304516,Sandman1,226,Elfen Lied,6
101357,emperortopaz,30782,Bikini Warriors,6
424998,amberkinn,24873,Juuou Mujin no Fafnir,6
82885,shadowyguy,3927,Kidou Senshi Gundam 00 Second Season,9
65714,JDGBOLT,113,Uchuu no Stellvia,8
1130591,Jerazol,3784,Evangelion: 2.0 You Can (Not) Advance,8
1202525,Gwendolynnie,1535,Death Note,9
61353,zombieswhatever,11759,Accel World,9
471944,Mandarni,121,Fullmetal Alchemist,5
1103427,SonnyOn,4224,Toradora!,9
13722,Krova,72,Full Metal Panic? Fumoffu,10
118640,Keirik,12565,Fate/Prototype,7
1193491,BigBoss00,10495,Yuru Yuri,7
939761,DaHp,10155,Dog Days,7
25078,winsomemastix,23847,Yahari Ore no Seishun Love Comedy wa Machigatteiru. Zoku,7
95691,Anaglyph,205,Samurai Champloo,7
478149,Dokke,10897,Boku wa Tomodachi ga Sukunai: Yaminabe wa Bishoujo ga Zannen na Nioi,7
390754,thunder-G,7592,Nurarihyon no Mago,7
1185213,Ingolf4Life,18277,Strike the Blood,8
24568,smetske,343,Tsukuyomi: Moon Phase,6
94457,Xanda,6211,Tokyo Magnitude 8.0,8
7562,COTAKU,1575,Code Geass: Hangyaku no Lelouch,8
1195579,SzelkiPana,31181,Owarimonogatari,10
382356,colbymcgovern92,40646,Yes ka No ka Hanbun ka,7
533409,Timinator-Ozwaz,32360,Qualidea Code,8
401143,EmOUchihaHime,13601,Psycho-Pass,9
44497,KisKas,1160,Gundress,5
443080,vexamen,1015,Full Metal Panic! The Second Raid: Wari to Hima na Sentaichou no Ichinichi,9
377966,digiko,116,El Hazard: The Wanderers,7
293981,Exfinia,2923,Shugo Chara!,9
479133,Saidryian,2035,Eikoku Koi Monogatari Emma: Molders-hen,6
611645,Patoy,431,Howl no Ugoku Shiro,9
54127,xboxser,2234,Panda-Z: The Robonimation,5
39480,dinora12,28297,Ore Monogatari!!,8
349022,Saintel,1691,Kaze no Stigma,8
317044,ZeroNeo,4278,Shishunki Shoujo,7
82293,aggiegumboeater,202,Wolf's Rain,10
1158067,Sameco1,10497,Hetalia World Series Specials,7
326558,Kordal,6372,Higashi no Eden Movie I: The King of Eden,9
481002,kuxota,7791,K-On!!,8
1105589,--kitade--,1840,Zero no Tsukaima: Futatsuki no Kishi,8
60099,Sch4live,3457,Vampire Knight,8
446068,Bstatic,11757,Sword Art Online,10
1105907,PainlessPassion,3231,Gunslinger Girl: Il Teatrino,7
501936,novembertwelfth,19365,Samurai Flamenco,9
402117,o0mrg0o,21855,Hanamonogatari,9
463332,reed2711,9539,Cardfight!! Vanguard,5
427243,UsagixKitsune,650,Gunsmith Cats,7
315107,ThatKaruGuy,1564,Pokemon Advanced Generation,7
65248,hurtexpress,760,Tenjou Tenge: The Past Chapter,10
338072,Kaede4,14921,RDG: Red Data Girl,8
290999,damnupucci,4081,Natsume Yuujinchou,7
372014,Niexa,1827,Seirei no Moribito,9
12881,Yangzhou,2144,Naruto Movie 3: Dai Koufun! Mikazuki Jima no Animaru Panikku Dattebayo!,10
9416,HikariNoRexen,1336,Kyoushoku Soukou Guyver II,9
1086037,WhyNoHon,15109,Cuticle Tantei Inaba,8
1188307,audreyleowhl,1686,Bleach Movie 1: Memories of Nobody,10
1057499,-Kage,476,Ginban Kaleidoscope,7
643201,Ignorance,16009,Kamisama no Inai Nichiyoubi,9
97003,sketchmeup,10408,Hotarubi no Mori e,7
29517,Adam-Kun,490,Paniponi Dash!,5
483329,EslN96,2993,Rosario to Vampire,8
652,Wyko,120,Fruits Basket,7
333763,Haykiro,4224,Toradora!,7
525089,Limitek,269,Bleach,6
31208,Prudenzzz,942,Nishi no Yoki Majo: Astraea Testament,8
85475,Shesha,4182,Darker than Black: Kuro no Keiyakusha - Sakura no Hana no Mankai no Shita,9
386409,pandamania,174,Tenjou Tenge,7
367423,oblivios,6956,Working!!,10
753997,Effeli,32998,91 Days,8
394455,raven_o11,5680,K-On!,10
1062513,lukasz18dg,13667,Naruto: Shippuuden Movie 6 - Road to Ninja,8
500106,Szabu,22319,Tokyo Ghoul,6
1133305,dr_hobo,9041,IS: Infinite Stratos,8
24456,Stringed,31500,High School Fleet,8
570023,2gee,8516,Baka to Test to Shoukanjuu Ni!,7
399944,LilyChiba,168,s.CRY.ed,10
348396,shad0wgurl,585,Mimi wo Sumaseba,9
9288,Gladius,32828,Amaama to Inazuma,5
390480,StinkyIkari,237,Koukyoushihen Eureka Seven,7
388092,yeti1337,1535,Death Note,10
8749,_spice,334,Marmalade Boy,2
102237,Anjira,32828,Amaama to Inazuma,9
63260,Airhawk,16498,Shingeki no Kyojin,8
973529,Lhamatorrinco,40456,Kimetsu no Yaiba Movie: Mugen Ressha-hen,6
475403,TrustTheFungus,35608,Chuunibyou demo Koi ga Shitai! Movie: Take On Me,7
328984,reem791,3167,Eve no Jikan,8
498464,Shih,10357,Jinrui wa Suitai Shimashita,8
509887,OrenjiKitsune,9314,Fractale,7
603033,cheshiire,1482,D.Gray-man,8
88995,zlobcho,556,Koutetsu Tenshi Kurumi Zero,7
9957,justice_form,407,Tantei Gakuen Q,9
43026,Ereos,84,Kidou Senshi Gundam 0083: Stardust Memory,8
39537,Hak,164,Mononoke Hime,10
88386,Shine,5177,Denpa-teki na Kanojo,7
1090917,99XenoviaDxD,2515,Detective Conan OVA 05: The Target is Kogoro! The Detective Boys' Secret Investigation,7
567263,AngelOfDeathMD,10213,Maji de Watashi ni Koi Shinasai!,7
814901,Crushinator,2167,Clannad,8
85087,Vixen,1023,Wolf's Rain OVA,4
8913,mikkeneko,553,Yami no Matsuei,10
307402,infinityplusone,4224,Toradora!,10
328240,moha1413,2167,Clannad,8
78751,skyUFO,36407,Kenja no Mago,7
369282,Looboer,8086,Densetsu no Yuusha no Densetsu,8
114204,zaser,68,Black Cat (TV),10
38700,unlucky_ducky,1536,Busou Renkin,8
381571,OmoshiRoy,34382,Citrus,7
559257,alexa_kur,4177,Bounen no Xamdou,6
59228,Kyuuzuki,3105,Chikansha Thomas,6
379254,revenge1337,10020,Ore no Imouto ga Konnani Kawaii Wake ga Nai Specials,10
100218,LittlePidgey4,3043,Andersen Douwa: Ningyohime,7
496816,natylachik,31680,Super Lovers,8
567919,canblas,534,Slayers,9
1217249,jasumintea,3457,Vampire Knight,6
4038,Deathwing,18153,Kyoukai no Kanata,9
1056965,koizumi193,19815,No Game No Life,9
1278357,kiraah,7580,Ikkitousen: Xtreme Xecutor,4
496393,RobotSpaceCowboy,889,Black Lagoon,8
328594,NorthStarr_Angel,1914,Saiunkoku Monogatari 2nd Season,7
490347,ebcdic-ascii,40028,Shingeki no Kyojin: The Final Season,10
481786,CrystalBreeze,72,Full Metal Panic? Fumoffu,8
14882,Starch,16,Hachimitsu to Clover,5
91543,vaughn,20,Naruto,9
1212223,aurora-teiko,4879,Mouryou no Hako,9
1234323,Paniniboy,32935,Haikyuu!! Karasuno Koukou vs. Shiratorizawa Gakuen Koukou,10
72753,AgentCH,13055,Sankarea OVA,7
799427,theblackanimeguy,225,Dragon Ball GT,6
536127,puwaberries,205,Samurai Champloo,5
475002,AEssence,61,D.N.Angel,6
518635,ckiozg54,6675,Redline,9
537881,DisasterSession,408,Final Fantasy VII: Last Order,8
468760,cookienator,33255,Saiki Kusuo no Ψ-nan,8
74481,StarJi,512,Majo no Takkyuubin,8
114718,Deacy,856,Utawarerumono,7
1274345,pinklett,28891,Haikyuu!! Second Season,9
414143,sonicH_lonely,457,Mushishi,8
496569,WildChild109,509,I My Me! Strawberry Eggs,5
54865,QuizMasterDelux,297,Grenadier: Hohoemi no Senshi,8
1132869,Nick_05,2966,Ookami to Koushinryou,8
494356,Tentro,13601,Psycho-Pass,7
54958,C2S2,4081,Natsume Yuujinchou,9
1217205,tgaffer,1530,Kanon (2006),9
333936,Kerozinn,433,"Kumo no Mukou, Yakusoku no Basho",8
17566,Lil34,513,Tenkuu no Shiro Laputa,10
546970,Articwolf,8514,Break Blade Movie 2: Ketsubetsu no Michi,8
542991,iarspider,13391,Rakuen Tsuihou,9
563479,4RR094N773,10119,Seitokai Yakuindomo OVA,9
493689,MaJo0oDe,8769,Ore no Imouto ga Konnani Kawaii Wake ga Nai,8
388395,ulas,618,Juubee Ninpuuchou: Ryuuhougyoku-hen,8
360511,DinosA,8630,Hidan no Aria,6
71447,KamCams,2966,Ookami to Koushinryou,9
417887,OncomingTraffic,18245,White Album 2,7
16111,Loveless_Soul,4725,Ga-Rei: Zero,7
349458,Rushii,1190,Tennis no Ouji-sama: Sonzoku Yama no Hi,7
475340,Die-O,4896,Umineko no Naku Koro ni,10
868675,ShioriYuuki,53273,JoJo no Kimyou na Bouken Part 6: Stone Ocean Part 3,7
46019,danjiro,3058,Darling,6
312279,Booneh,190,Love Hina Again,8
633217,firebrd,3702,Detroit Metal City,9
106689,Zoroku,15613,Hakkenden: Touhou Hakken Ibun,7
546182,twownsu,29785,Jitsu wa Watashi wa,6
118745,Kaito_X,6033,Dragon Ball Kai,7
290400,Popol,389,Karas,8
91468,sirOwlBeak,1151,Dominion,7
66486,dothacker22,5538,Tegamibachi: Hikari to Ao no Gensou Yawa,7
1194463,sleepingdog,4975,ChäoS;HEAd,6
306639,RocketMan131,2144,Naruto Movie 3: Dai Koufun! Mikazuki Jima no Animaru Panic Dattebayo!,6
1099923,jenryalee_,20787,Black Bullet,9
489433,grayrebornnhy,33524,Sakamoto desu ga? Sakamoto deshita?,6
102548,Ruby-Black,793,xxxHOLiC Movie: Manatsu no Yoru no Yume,8
9734,kaszak696,1210,NHK ni Youkoso!,10
511210,DrOppy,50,Aa! Megami-sama! (TV),5
1075243,jinnijinjin,44,Rurouni Kenshin: Meiji Kenkaku Romantan - Tsuioku-hen,8
112864,DonDiablo,468,Innocence,8
480595,OtakuMelisa,8557,Shinryaku! Ika Musume,7
309338,Frown,6351,"Clannad: After Story - Mou Hitotsu no Sekai, Kyou-hen",9
315396,Noof_,28,Yakitate!! Japan,9
557155,Niwade,9756,Mahou Shoujo Madoka★Magica,8
39804,TomoyoSakagami89,477,Aria the Animation,6
46019,danjiro,563,DNA²,8
10214,PikaChika,451,InuYasha Movie 3: Tenka Hadou no Ken,8
113019,linzzchrono,9919,Ao no Exorcist,8
119111,ahin,6594,Katanagatari,8
351019,the_hell_kid,358,"Iriya no Sora, UFO no Natsu",10
459025,Dranzell,14741,Chuunibyou demo Koi ga Shitai!,6
79074,Asnanon,14829,Fate/kaleid liner Prisma☆Illya,7
328501,Werewolfhero,537,Tekken,8
406593,nik-s,134,Gunslinger Girl,5
15539,m-cee,2476,School Days,7
96009,Tarahiro,16894,Kuroko no Basket 2nd Season,9
502156,TheFightingDoll,468,Innocence,4
1180763,DeiiChan,34096,Gintama.,10
524589,WhiteAvenger,8795,Panty & Stocking with Garterbelt,9
383118,Yoruichy,7592,Nurarihyon no Mago,8
65258,Blivionis,981,Ichigo 100% OVA,9
311111,vonthorr,25,Sunabouzu,9
490929,jinxyoung,18507,Free!,7
376207,playa_chan,22319,Tokyo Ghoul,8
2136,Despised,9041,IS: Infinite Stratos,6
16116,Killercookie,2129,True Tears,7
1188585,xxanimeee,19111,Love Live! School Idol Project 2nd Season,9
40527,EternalChaos,22865,Rokujouma no Shinryakusha!?,7
331514,satsujinyuki,4039,Golgo 13 (TV),5
326708,ChihiroBT,30895,HaruChika: Haruta to Chika wa Seishun suru,2
493167,AmoreX,226,Elfen Lied,9
379919,Ritsu4,451,InuYasha Movie 3: Tenka Hadou no Ken,10
514470,dolliette,269,Bleach,9
26400,clair,114,Sakigake!! Cromartie Koukou,8
517277,LordKage,2034,Lovely★Complex,6
97759,Jagra,3572,Macross F,10
304311,saikyouhero,264,Hajime no Ippo: Champion Road,10
419747,Rrajk,4752,Vampire Knight Guilty,8
23444,Wumpa,3545,Kochira Katsushikaku Kameari Kouenmae Hashutsujo,7
64065,generik,1531,Shakugan no Shana: Koi to Onsen no Kougai Gakushuu!,7
1166599,ZombiePsycho,7062,Hidamari Sketch x ☆☆☆,7
502705,Moeoh,6675,Redline,10
44727,meihyphenmei,527,Pokemon,8
468028,kusodesu,6746,Durarara!!,6
412817,yoko_littner,4192,Hayate no Gotoku!!,7
411047,evantrees,19319,Gundam Build Fighters,8
392359,Nanda-Chan,66,Azumanga Daiou The Animation,7
361425,Akanezora,7661,Giant Killing,8
464881,gone_fishing,30,Neon Genesis Evangelion,10
469689,nubc4kez,31245,Zutto Mae kara Suki deshita. Kokuhaku Jikkou Iinkai,9
327091,rastablasta,18465,Genshiken Nidaime,3
1181783,Lulzicon,30727,Saenai Heroine no Sodatekata ♭,9
442253,Roen92,114,Sakigake!! Cromartie Koukou,8
54908,Ferno,53,Ai Yori Aoshi,7
44354,Wishy,13599,Robotics;Notes,5
494065,Dapple-Stream,2923,Shugo Chara!,7
328514,Cthulhu-kun,10588,Persona 4 the Animation,10
68091,phewi,15911,Yuyushiki,8
637833,pf883,530,Bishoujo Senshi Sailor Moon,6
315344,loosst,23289,Gekkan Shoujo Nozaki-kun,8
515257,Ienari,351,Ojamajo Doremi Sharp,4
1075385,earlsanime,265,Hajime no Ippo: Mashiba vs. Kimura,9
1246023,filthyfew,6746,Durarara!!,9
1144469,treinsan,9624,30-sai no Hoken Taiiku,7
1058639,supertercel92,857,Air Gear,8
1108215,SireDelta,24231,Hitsugi no Chaika: Avenging Battle,6
501018,Revenant_,1347,Bubblegum Crisis,6
482526,nryn99,22433,Break Blade,7
303338,hunimka,7079,Ookamikakushi,5
58584,Elfmagic,1689,Byousoku 5 Centimeter,9
1092301,tomastaz,22199,Akame ga Kill!,8
106816,tripknob,8129,Kuragehime,8
1109451,Kinsenka94,10030,Bakuman. 2nd Season,8
627111,audiokiller,47,Akira,8
315392,Cheeze_Toast,21041,Follow Me,6
507966,MechanicLink,53393,Tengoku Daimakyou,8
328389,redcross0032,9756,Mahou Shoujo Madoka★Magica,10
302240,lliih,2002,Heroic Age,10
115335,Skumbunny,2462,Toushinden,2
347382,ShadowLynx,2167,Clannad,10
470406,tabbanarja,6904,Hellsing: Digest for Freaks,8
1158115,KiritoAsunaa,40059,Golden Kamuy 3rd Season,10
500567,9wolfclaw6,11751,Senki Zesshou Symphogear,10
493915,Mortys,8425,Gosick,9
83056,Sharkall,1013,Le Chevalier D'Eon,5
63780,oboyomy,11827,Kuroinu: Kedakaki Seijo wa Hakudaku ni Somaru,8
1106761,Ponakota,9366,Kaichou wa Maid-sama!: Omake da yo!,7
388954,Modrzej,20973,Sekai Seifuku: Bouryaku no Zvezda,6
374689,Xardos,16417,Tamako Market,4
17566,Lil34,5681,Summer Wars,9
512289,Kanariiya,11583,Kami nomi zo Shiru Sekai: Natsu-iro Surprise,5
525719,RinaChanx,32828,Amaama to Inazuma,8
317591,kiur4646,7674,Bakuman.,10
98350,ekjuret,659,Azumanga Daiou: Gekijou Tanpen,4
426469,finalxcross,21639,Yu☆Gi☆Oh! Arc-V,7
357725,Cedd,6351,"Clannad: After Story - Mou Hitotsu no Sekai, Kyou-hen",8
903795,AnonUserX,11887,Kokoro Connect,9
892037,MameReadsManga,8476,Otome Youkai Zakuro,7
329195,Ophelia22,4214,Rosario to Vampire Capu2,3
468415,Lolalo57,178,Ultra Maniac,5
379981,heosuabi,245,Great Teacher Onizuka,6
104182,Takuya-kun,20,Naruto,7
325307,IkarusX,59,Chobits,8
479512,delacroix91,1689,Byousoku 5 Centimeter,10
329371,minxminx,6707,Kuroshitsuji II,7
59508,Danila,6045,Kimi ni Todoke,9
101357,emperortopaz,23433,Shin Strange+,3
2220,Ranivus,14741,Chuunibyou demo Koi ga Shitai!,8
724511,Dizzie,901,"Dragon Ball Z Movie 08: Moetsukiro!! Nessen, Ressen, Chougekisen",5
1075177,Raiwse,7817,B-gata H-kei,7
453716,shirosagi,16524,Suisei no Gargantia,8
344928,wes55463,31658,Kuroko no Basket Movie 4: Last Game,9
486154,szmtex,6351,"Clannad: After Story - Mou Hitotsu no Sekai, Kyou-hen",9
396606,Feorlin,3655,Nabari no Ou,5
347728,OokamiRika,7711,Karigurashi no Arrietty,8
7269,Reki13,114,Sakigake!! Cromartie Koukou,7
316582,milkman57,392,Yuu☆Yuu☆Hakusho,7
65230,SilverWolfeCM,45,Rurouni Kenshin: Meiji Kenkaku Romantan,8
1211533,iceranger309,34612,Saiki Kusuo no Ψ-nan 2,8
461184,NurseBob,30230,Diamond no Ace: Second Season,9
1272311,rogerioah,24893,Sidonia no Kishi: Daikyuu Wakusei Seneki,9
77228,juna,7082,Shugo Chara! Party!,8
322082,SeYc,22297,Fate/stay night: Unlimited Blade Works,7
82499,Lolivov,258,Hitsuji no Uta,4
530315,tofane,8407,Sora no Otoshimono Forte,9
1242983,TheReject,18465,Genshiken Nidaime,7
46929,Th3DarkCloud,9074,Arakawa Under the Bridge x Bridge,8
110417,Motylekk21,2144,Naruto Movie 3: Dai Koufun! Mikazuki Jima no Animaru Panikku Dattebayo!,8
18739,KawaiiChuu,459,One Piece Movie 01,7
90151,JahJah,5941,Cross Game,9
1201175,Anime4me_E,226,Elfen Lied,10
489784,Mizako,30654,Ansatsu Kyoushitsu 2nd Season,8
485096,Eretsonoferet,6325,Naruto: Shippuuden Movie 3 - Hi no Ishi wo Tsugu Mono,4
318400,swordman703,9513,Beelzebub,8
68665,softwarekiller,1375,Watashi no Ashinaga Ojisan,7
1244235,Slipy,42361,"Ijiranaide, Nagatoro-san",7
86558,Vulfreyde,570,Jin-Rou,9
495001,Ananamiii,6033,Dragon Ball Kai,7
1284833,kristos,13357,High School DxD Specials,7
508254,FieryFalka,30205,Aoharu x Kikanjuu,7
531613,SteinCogito,1535,Death Note,9
76920,Tafik93,5365,Tsumiki no Ie,10
52674,Davor,13411,Guilty Crown: Lost Christmas - An Episode of Port Town,7
399334,TastyOrange,8934,Star Driver: Kagayaki no Takuto,7
467009,xXAshXx,5300,Zoku Natsume Yuujinchou,10
67346,Tengux,3457,Vampire Knight,6
1271721,dihobbit,30276,One Punch Man,8
470855,sheirara,20053,Wizard Barristers: Benmashi Cecil,5
561929,Wackel,15775,Saint☆Oniisan,8
23138,Crimson7,1659,Mai-Otome Specials,8
555723,tramtrist,5042,Kiss x Sis,8
362680,MARISA-KAITEN,6288,Kidou Senshi Gundam 00 Movie: A Wakening of the Trailblazer,3
293888,angeline717,6438,Detective Conan OVA 09: The Stranger in 10 Years...,9
385791,Zetsuei380,17265,Log Horizon,8
528847,LelouchMERAMERA,32686,Keijo!!!!!!!!,4
299565,taneet,3653,Kurogane no Linebarrels,7
1140311,HadesQ,20507,Noragami,8
101678,eter,21419,Detective Conan Movie 18: The Sniper from Another Dimension,7
535063,JeridTitans,949,Top wo Nerae! Gunbuster,8
521197,janadesu,3299,H2O: Footprints in the Sand,7
105671,Temishi,572,Kaze no Tani no Nausicaä,9
303119,ShireMiyu,4886,InuYasha: Kuroi Tessaiga,7
503701,BestFriend09,16918,Gin no Saji,8
84350,DRHELL,3112,Papillon Rose,9
85401,remere,7674,Bakuman.,9
359396,Tardis,153,Juuni Kokuki,10
1217697,GenericCH3N,5681,Summer Wars,6
402935,MHeMoHuK,57,Beck,10
60538,Haydee,6512,Nyan Koi!,6
712449,jumpervii,3927,Kidou Senshi Gundam 00 Second Season,8
974031,Haptism,15689,Nekomonogatari: Kuro,9
301754,suse,174,Tenjou Tenge,6
53275,Hanyoulover,7720,Ookiku Furikabutte: Natsu no Taikai-hen,10
567029,KevinCalanor,1482,D.Gray-man,8
3822,DeusSolInvictus,853,Ouran Koukou Host Club,8
411114,F2P,38691,Dr. Stone,7
565797,Chipmunk0093,15879,Chuunibyou demo Koi ga Shitai! Depth of Field: Ai to Nikushimi Gekijou,5
1230323,WoodenNEET,7135,Mahou Sensei Negima! Movie: Anime Final,7
317916,gummyfish,951,Chibi Maruko-chan,7
46543,RhythmSlave,47,Akira,10
40019,Dark-Esper,934,Higurashi no Naku Koro ni,7
106449,Agahime,6974,Seikimatsu Occult Gakuin,6
30320,iitutin,34618,Blend S,8
114218,Marcipanmacsek,8086,Densetsu no Yuusha no Densetsu,9
296889,Chumpers,9041,IS: Infinite Stratos,8
487045,Okami-Seishin,1604,Katekyo Hitman Reborn!,2
1458,Melotron,48,.hack//Sign,9
114792,airwolf,34612,Saiki Kusuo no Ψ-nan 2,8
541053,krutx,17395,Ark IX,5
305122,PMV,2043,Cat's Eye,7
4279,-Byakko-,1530,Kanon (2006),9
418895,seraph777,7782,Kämpfer Picture Drama,9
417801,LouSagi_13,849,Suzumiya Haruhi no Yuuutsu,10
407899,Bowie-Spawan,1057,Ippatsu Kiki Musume,6
20708,Angus,100,Shin Shirayuki-hime Densetsu Prétear,8
31616,4nPix,1722,Nagasarete Airantou,5
4526,Shiro-Neko,1576,Bakumatsu Kikansetsu Irohanihoheto,8
10721,Sphere,64,Rozen Maiden,8
1264275,worstgirlever,24699,Ai Tenchi Muyou!,2
28789,kajan,41380,100-man no Inochi no Ue ni Ore wa Tatteiru,5
478507,Sarah-Haruhi,3907,Ginga Sengoku Gunyuuden Rai,8
32692,Exsequens,1132,Digimon Frontier,6
497409,Seiya0890,49834,Boku ga Aishita Subete no Kimi e,7
320049,vden20,4015,School Rumble San Gakki,7
21905,Locutis,73,Full Metal Panic! The Second Raid,8
4699,Sayuri,54,Appleseed (Movie),7
423166,Altramertes,14131,Girls & Panzer,9
43426,Dekar,25537,Fate/stay night Movie: Heaven's Feel - I. Presage Flower,5
378305,KimmieStacey,22265,Free! Eternal Summer,10
52666,Ankkuli,33988,Demi-chan wa Kataritai,4
477201,Misayo,819,Boku wa Imouto ni Koi wo Suru,6
375461,KatanaRabies,35120,Devilman: Crybaby,4
1174087,dudutrakz,10719,Boku wa Tomodachi ga Sukunai,7
83530,TADDAIMASU,900,Dragon Ball Z Movie 07: Kyokugen Battle!! Sandai Super Saiyajin,8
81289,Luchianka,362,Memories Off 2nd,5
498064,bewiggedrogue,13659,Ore no Imouto ga Konnani Kawaii Wake ga Nai.,8
332591,YOli666na,740,Bishoujo Senshi Sailor Moon R,9
477750,vszanuto,20,Naruto,10
102470,M0naco,4063,Sekirei,8
67805,wingz01,269,Bleach,7
37608,KanashiGD,1535,Death Note,10
436679,xSilentEchox,47,Akira,9
542741,Mikhail5,1726,Devil May Cry,9
16762,raivaka,1682,Baldr Force Exe Resolution,7
421026,Zach971,7817,B-gata H-kei,6
508169,Icerock,4898,Kuroshitsuji,8
1156149,Sukei,3470,Special A,8
65217,KeiraChan,149,Loveless,6
410051,CaffeLatte,3230,Druaga no Tou: The Aegis of Uruk,7
358386,ejikation93,22729,Aldnoah.Zero,9
1121843,yanumi,6594,Katanagatari,8
101979,LaZuRi,986,Dragon Ball Z Special 1: Tatta Hitori no Saishuu Kessen,6
1162597,darkdestinyhero,37403,Ahiru no Sora,7
443367,yUkik0_09,7054,Kaichou wa Maid-sama!,7
33316,solis,468,Innocence,8
1077821,katome,11633,Blood Lad,9
1203923,tano-c,16157,Choujigen Game Neptune The Animation,7
602423,Impp5,5681,Summer Wars,9
547697,Demetori_rt,20479,Choujigen Game Neptune The Animation: Yakusoku no Eien - True End,8
368508,Sayd,38163,Iya na Kao sare nagara Opantsu Misete Moraitai 2,5
14374,donakos,79,Shuffle!,7
693381,DontenNoMichiWo,41595,Tiger & Bunny 2,7
54277,Arkada,2167,Clannad,9
1219501,KR23U,8142,Colorful (Movie),7
469860,z4yd,24231,Hitsugi no Chaika: Avenging Battle,7
429287,007,34350,Alice to Zouroku,8
100336,malipo,190,Love Hina Again,7
94600,Mimiiiii-chwan,90,Shin Kidou Senki Gundam Wing,9
1276213,ShadowMoon94,10536,Kimi ni Todoke 2nd Season: Minitodo Gekijou,6
435959,saikapossession,2759,Evangelion: 1.0 You Are (Not) Alone,10
336074,OtakuGirl636,4192,Hayate no Gotoku!!,9
37262,TriLinK,1239,Bishoujo Senshi Sailor Moon SuperS,7
1085363,Captain_Pigtails,8206,Hime Chen! Otogi Chikku Idol Lilpri,7
299062,Flamon,10155,Dog Days,8
35164,termitehead,430,Fullmetal Alchemist: The Conqueror of Shamballa,8
5735,Megadedhed,413,Hametsu no Mars,1
292937,Surfingllama,934,Higurashi no Naku Koro ni,9
16482,Venaeli,659,Azumanga Daiou: Gekijou Tanpen,9
530647,ttomm,21,One Piece,9
353362,sevenup,319,Happy World!,7
104172,iker,227,FLCL,7
106764,matias067,48417,"Maou Gakuin no Futekigousha: Shijou Saikyou no Maou no Shiso, Tensei shite Shison-tachi no Gakkou e Kayou II",8
3016,Ginger_Snap,7337,"Hetalia Axis Powers Movie: Paint it, White",6
461163,Oolenka,38753,Araburu Kisetsu no Otome-domo yo.,6
304240,Shanghai,1231,Saber Marionette J to X,5
296973,azarathesque,1953,Code Geass: Hangyaku no Lelouch Picture Drama,6
325807,vampire_maaka,986,Dragon Ball Z Special 1: Tatta Hitori no Saishuu Kessen,8
321079,xBrandxBlandx,986,Dragon Ball Z Special 1: Tatta Hitori no Saishuu Kessen,3
412695,Clouddarkwood,15,Eyeshield 21,9
38103,Jasiek,624,Mouse,8
922083,JoyXiish,6573,Darker than Black: Ryuusei no Gemini,6
300710,Kuro99,9379,Denpa Onna to Seishun Otoko,10
300255,jamstirj,1117,Pokemon Movie 02: Maboroshi no Pokemon Lugia Bakutan,10
443551,Dialga03,3702,Detroit Metal City,9
933137,Least,45,Rurouni Kenshin: Meiji Kenkaku Romantan,9
414448,Xialia,232,Cardcaptor Sakura,10
57254,Oogle_fluff,317,Final Fantasy VII: Advent Children,8
351946,Izumi86,14345,Btooom!,8
509595,AnimeBrainStorm,20,Naruto,10
355763,eien_ame,807,Tsubasa Chronicle: Tori Kago no Kuni no Himegimi,9
58827,RagdollQT,330,Midori no Hibi,5
21522,Eliks,27899,Tokyo Ghoul √A,8
350527,themanwithanrx7,2904,Code Geass: Hangyaku no Lelouch R2,10
1239765,rm_Stallion,18245,White Album 2,8
528123,RachaelLefler,32,Neon Genesis Evangelion: The End of Evangelion,8
394242,dazzlerahzeller,2890,Gake no Ue no Ponyo,10
468002,Vamp1836,30831,Kono Subarashii Sekai ni Shukufuku wo!,8
1188027,rootesh,14645,Hiiro no Kakera 2,7
755859,Heliosies3,10396,Ben-To,9
32399,MLithium,918,Gintama,7
403496,kwapple02,30276,One Punch Man,8
1071203,Skandha,4744,Akaneiro ni Somaru Saka,7
330127,Moeksi,193,Maburaho,9
539477,sony109,21,One Piece,9
40752,mitsukosukino,9756,Mahou Shoujo Madoka★Magica,9
1255855,TzonaSK,17265,Log Horizon,8
484368,tackyting,66,Azumanga Daiou The Animation,8
525867,tnpoon,35557,Houseki no Kuni,8
1068,mrfunkybawkbawk,39551,Tensei shitara Slime Datta Ken 2nd Season,7
1270813,katsumex,355,Shakugan no Shana,10
1210249,airplane_freak,3470,Special A,9
1108103,Tagischeap,9981,Phi Brain: Kami no Puzzle,6
1189801,Exultant,2759,Evangelion: 1.0 You Are (Not) Alone,9
1054417,Qozmiko,10863,Steins;Gate: Oukoubakko no Poriomania,9
16340,3v1l-53N1N,20365,Another: Misaki Mei - Shizukani,7
23659,Lko,813,Dragon Ball Z,6
413881,Drack77,25777,Shingeki no Kyojin Season 2,8
21853,CMB17,9205,Kaichuu!,6
489457,alvarracles,12115,Berserk: Ougon Jidai-hen III - Kourin,9
1113885,DarkBladeAlchemy,1498,Black Blood Brothers,8
321704,DraggsConnor,368,Bible Black,5
327276,koffiejunkie,37154,Grimms Notes The Animation,6
3135,kumagorobunny,2025,Darker than Black: Kuro no Keiyakusha,7
54001,Amuro1X,6862,K-On!: Live House!,9
492514,Agentmoocow,6768,Code Geass: Hangyaku no Lelouch R2 Special Edition - Zero Requiem,8
805249,Shizko,1519,Black Lagoon: The Second Barrage,8
400723,JennuNyan,2236,Toki wo Kakeru Shoujo,10
315677,zexeiz,4722,Skip Beat!,8
5636,tarf,2951,Gintama: Nanigoto mo Saisho ga Kanjin nanode Tashou Senobisuru Kurai ga Choudoyoi,1
477691,KudaNS,10156,Sacred Seven,6
686679,starkitty466,22057,"Inari, Konkon, Koi Iroha. Inari, Konkon, Semishigure.",7
99738,entauri,2832,Ani*Kuri15,7
369993,SadisticPrincess,1579,Kiniro no Corda: Primo Passo,10
393141,peoplecanfly,13655,Little Busters!,6
311211,Muilo,6496,Cutey Honey Flash: The Movie,7
61357,Molly,2966,Ookami to Koushinryou,8
80867,MeiaRan,4087,Michiko to Hatchin,10
301661,Mr_Meh,8074,Highschool of the Dead,9
405512,Huggels,9919,Ao no Exorcist,6
396933,xchocoxpandax,30276,One Punch Man,7
545017,Nocturne135,73,Full Metal Panic! The Second Raid,7
74767,hamstar138,464,One Piece Movie 06: Omatsuri Danshaku to Himitsu no Shima,10
63169,dandanio,982,Cosplay Complex,7
17324,PharahAmari,272,Noir,9
475861,shunskyress,21667,Non Non Biyori: Okinawa e Ikukoto ni Natta,8
78751,skyUFO,14575,Minami-ke Omatase,10
46968,dragonshade,32979,Flip Flappers,10
370059,Perko,23277,Saenai Heroine no Sodatekata,8
1176831,Ramori,5081,Bakemonogatari,10
347949,-HeXy-,29067,Danna ga Nani wo Itteiru ka Wakaranai Ken 2 Sure-me,8
1111553,skkoolkid,3927,Kidou Senshi Gundam 00 Second Season,7
479129,tent14,9925,Amagami SS: Tachibana Miya-hen - Imouto,9
474250,Destroyer12,28927,Owari no Seraph: Nagoya Kessen-hen,5
1123925,Regaf,121,Fullmetal Alchemist,8
357228,LarissaRyu,31964,Boku no Hero Academia,7
525791,Acceleration,32282,Shokugeki no Souma: Ni no Sara,8
465050,novainfinity,29095,Grisaia no Rakuen,7
483511,xXKuroNekoXx,254,Jungle wa Itsumo Hare nochi Guu Deluxe,10
368044,Tosiek-chan,8424,MM!,8
56849,Theotenai,306,Abenobashi Mahou☆Shoutengai,9
427979,GrimmjowReaper,22359,Sanzoku no Musume Ronja,2
554597,Krystian,7311,Suzumiya Haruhi no Shoushitsu,7
939481,shz777,2904,Code Geass: Hangyaku no Lelouch R2,10
87487,gabe,849,Suzumiya Haruhi no Yuuutsu,9
457622,caluanthes,9314,Fractale,8
109380,Werewolfdude501,210,Ranma ½,7
379063,ge_standards,3167,Eve no Jikan,10
500500,Babu-chan,3588,Soul Eater,10
388484,kogalover0809,4551,Hakushaku to Yousei,5
1258911,kaw0ruu,25011,Fate/kaleid liner Prisma☆Illya 2wei! Specials,8
50148,Shiko,1818,Claymore,10
904041,Akashiina,6922,Fate/stay night Movie: Unlimited Blade Works,7
1132207,releaseme,14513,Magi: The Labyrinth of Magic,9
494606,Toan_Rogue,1418,"Lupin III: Episode 0 ""First Contact""",9
11452,Izumi,819,Boku wa Imouto ni Koi wo Suru,7
46526,FernaMedel,5081,Bakemonogatari,10
724649,soulight,47,Akira,10
113362,ttrinax,390,Suzuka,7
86234,gilnar,14237,Busou Shinki,7
1100319,dartzreunion,9513,Beelzebub,8
381848,WolfieShizuma,98,Mai-HiME,8
310331,Yoake,23847,Yahari Ore no Seishun Love Comedy wa Machigatteiru. Zoku,5
387981,rozpad-eternitu,39477,Shingeki no Kyojin Season 3 Specials,7
395019,Genius95,5341,Ookami to Koushinryou II,9
1111107,AnimeLoverGrl15,20853,Hitsugi no Chaika,8
298153,caoxoanx,59,Chobits,7
333763,Haykiro,29941,Million Doll,5
489732,kana93,6707,Kuroshitsuji II,8
400999,Mokuyoubi,1818,Claymore,10
501318,papajetro,28249,Arslan Senki (TV),8
367772,Ryuoku,2026,Hayate no Gotoku!,6
87072,Kurini,7724,Shiki,7
344057,lilxada,11355,"Kono Danshi, Uchuujin to Tatakaemasu.",10
81754,setsuna-chan,20583,Haikyuu!!,8
931697,0Cupcake0,298,.hack//Tasogare no Udewa Densetsu,7
296087,DardDrak,34618,Blend S,7
2062,kyoshi,430,Fullmetal Alchemist: The Conqueror of Shamballa,7
290053,Walkampf,5356,Canaan,5
7118,kizu,9074,Arakawa Under the Bridge x Bridge,6
1198429,bowserzeki,1469,Monster Farm: Enbanseki no Himitsu,9
621685,touchly,35376,Himouto! Umaru-chan R,8
546722,Millastafa,431,Howl no Ugoku Shiro,10
54205,bloodychaos,174,Tenjou Tenge,8
561335,BLG,7858,Sora no Otoshimono: Project Pink,7
1128953,guima,6512,Nyan Koi!,8
1288175,GPJW,13403,Inu x Boku SS: Miketsukami-kun Henka/Switch/Omamagoto,9
95417,COVEy_RocKEr,11751,Senki Zesshou Symphogear,8
1144889,Clypsedra,63,DearS,1
451263,RunAmok87,578,Hotaru no Haka,9
1226897,Zel_Kamtari,10495,Yuru Yuri,8
24962,Gurenn,1969,Kidou Senshi Z Gundam III: Hoshi no Kodou wa Ai,8
537363,ReneeZ,1818,Claymore,7
51952,Janne,591,Amaenaide yo!!,8
78980,Shark,2562,Shion no Ou,7
111095,Gjin,2104,Seto no Hanayome,10
357665,Trinix,779,Detective Conan Movie 01: The Timed Skyscraper,8
306074,Mondego,23281,Psycho-Pass 2,5
359566,Vla,11135,Hybrid Child,9
32330,renjikuchiki1,6746,Durarara!!,5
106123,lastq,4181,Clannad: After Story,10
482059,Scarlion,71,Full Metal Panic!,8
472594,HaganeNoAme,8407,Sora no Otoshimono Forte,9
562469,qteen1,4181,Clannad: After Story,9
429418,littlinker,33502,Shuumatsu Nani Shitemasu ka? Isogashii desu ka? Sukutte Moratte Ii desu ka?,7
68149,Cathleen,228,Jigoku Shoujo,8
3873,manacatsaman,966,Crayon Shin-chan,7
98615,weewees,35180,3-gatsu no Lion 2nd Season,10
112740,Zpace,41467,Bleach: Sennen Kessen-hen,8
399520,Kristinkarma,17409,Suki tte Ii na yo. Mei and Marshmallow,9
1100691,urusai-baka,129,Gensoumaden Saiyuuki,7
1222293,BrittleJoe,11757,Sword Art Online,7
506221,Nirom,14289,Suki tte Ii na yo.,7
375846,bigdo,16157,Choujigen Game Neptune The Animation,3
376848,Gr1mscythe,15201,Code Geass: Boukoku no Akito 4 - Nikushimi no Kioku kara,10
1003505,ps3gamer250,21561,Ryuugajou Nanana no Maizoukin,7
310288,fertok,8514,Break Blade Movie 2: Ketsubetsu no Michi,8
521093,wilplay3r,32370,D.Gray-man Hallow,9
48314,aariadna,1366,Detective Conan Movie 07: Crossroad in the Ancient Capital,7
382193,Leonard93,6862,K-On!: Live House!,8
57643,Noirsword,381,Fushigi Yuugi: Dai Ni Bu,4
50576,IchiroEX,38145,"Doukyonin wa Hiza, Tokidoki, Atama no Ue.",9
309556,WhisperBit,11061,Hunter x Hunter (2011),8
93168,TridentBoy,3901,Baccano! Specials,10
3106,Siing,227,FLCL,7
420596,kuwisdelu,5030,Maria†Holic,5
376361,Saveric,8038,Nodame Cantabile: Finale - Mine to Kiyora no Saikai,9
699467,FudgeCookies,969,Tsubasa Chronicle 2nd Season,8
80574,darakna,1192,Kakurenbo,7
322132,iRenamedUser,27911,Anime de Wakaru Shinryounaika,6
26111,xKana,250,Konjiki no Gash Bell!!,6
797785,isoann,7593,Kiss x Sis (TV),7
836219,ideoidiom,12189,Hyouka,9
395956,who_shot_kr,93,Kidou Senshi Gundam SEED,8
504465,tsani,3965,Nodame Cantabile: Nodame to Chiaki no Umi Monogatari,6
339527,Hizashi91,5826,Oira no Yakyuu,3
1203529,Taikii-san,482,Yu☆Gi☆Oh! Duel Monsters GX,7
352408,MasahiroKun,11241,Brave 10,7
1050205,purplesamurai,18771,Gifuu Doudou!!: Kanetsugu to Keiji,8
459044,miyumi,2476,School Days,4
566087,MysteriousMoo,2963,Minami-ke,9
383294,djalel,10418,Deadman Wonderland: Akai Knife Tsukai,5
1212297,NoxMurder,1686,Bleach Movie 1: Memories of Nobody,9
425623,yokshka,44200,Boku no Hero Academia the Movie 3: World Heroes' Mission,8
403552,Avid_Existence,237,Koukyoushihen Eureka Seven,10
418155,nana90,190,Love Hina Again,8
105629,fraz2kuk,551,Grappler Baki: Saidai Tournament-hen,7
1107601,Effnal,11741,Fate/Zero 2nd Season,9
520925,Mitterbutter,34934,Koi to Uso,7
307692,superjoker,1735,Naruto: Shippuuden,8
387826,Vitu,174,Tenjou Tenge,7
62020,mastadon,1484,Youma,9
553329,Hiss000,36474,Sword Art Online: Alicization,5
95454,franciagiannina,1184,Lost Universe,10
1218147,FantaStar,39208,100% Renewable Energy,10
461163,Oolenka,1642,Sugar Sugar Rune,3
713071,terkaderp,1535,Death Note,9
473020,Kasik,1218,Tonagura!,8
464270,pipefox,4081,Natsume Yuujinchou,10
37255,SpikeTerra,50205,Arknights: Reimei Zensou,7
961901,LiCobra,18693,Tenioha!: Onnanoko datte Honto wa Ecchi da yo?,4
555999,RelaxingS,1571,Ghost Hunt,8
330805,Shykyta,3861,Shaman King Specials,10
531319,yoffry,44203,Seirei Gensouki,7
413358,GoodKid15,38999,Watashi ni Tenshi ga Maiorita! Special,8
363581,korasai,37430,Tensei shitara Slime Datta Ken,7
10051,AnOldMeINeverSee,237,Koukyoushihen Eureka Seven,9
416036,misspameladianne,51,Tenshi Kinryouku,5
1238693,Night-Raven1666,71,Full Metal Panic!,10
299882,NoMoreHero,430,Fullmetal Alchemist: The Conqueror of Shamballa,7
365078,Nurichigo,22145,Kuroshitsuji: Book of Circus,9
36896,stelliferous00,3588,Soul Eater,10
1109569,katanadude1337,12355,Ookami Kodomo no Ame to Yuki,9
398200,jabberwocky_,1604,Katekyo Hitman Reborn!,6
22359,allstar4188,11617,High School DxD,7
392176,xViral,40571,Majo no Tabitabi,7
1118155,Yuu-chan_desu,14713,Kamisama Hajimemashita,10
322328,s3thus,881,Green Green OVA,4
43364,kyoluvsme4,209,R.O.D: The TV,9
499552,Miralen,9201,Air Gear: Kuro no Hane to Nemuri no Mori - Break on the Sky,9
376242,gabriira,10793,Guilty Crown,10
113033,Rhioy,1956,Ikkitousen: Dragon Destiny,7
313512,curryoku,30,Neon Genesis Evangelion,10
410941,VandP,269,Bleach,5
80575,Neprinos,11633,Blood Lad,7
355214,Darth_Ou,10163,C: The Money of Soul and Possibility Control,7
22602,cardian,400,Seihou Bukyou Outlaw Star,6
417349,Hiruki-kun,4437,Naruto: Shippuuden Movie 2 - Kizuna,7
33497,JadedAnimeLady,650,Gunsmith Cats,8
66556,AngelFoxette,27,Trinity Blood,9
456483,Nan0loli,2156,Bakugan Battle Brawlers,6
86142,Tasimer,29893,Aria the Avvenire,8
564911,Fllipe,36121,Ikkyuu Nyuukon,10
493073,00118500,10379,Natsume Yuujinchou San,10
70406,iNF,1571,Ghost Hunt,9
18909,Mellie,2923,Shugo Chara!,6
4607,Fridge,7661,Giant Killing,10
10160,Regalia92,977,Ginga Teikoku no Metsubou Gaiden: Aoki Ookami-tachi no Densetsu,4
362575,Elyk,9135,Fullmetal Alchemist: The Sacred Star of Milos,6
52682,watermelonshake,74,Gakuen Alice,5
434917,sptor,21405,Bokura wa Minna Kawai-sou,8
64910,askfroogle,853,Ouran Koukou Host Club,9
1189157,Sudek,34933,Kakegurui,8
5474,Delwack,1802,Dirty Pair Flash,6
67097,Knackwurst,10087,Fate/Zero,9
73944,snoyu,2621,Natsu e no Tobira,7
639163,colonelpanic,1519,Black Lagoon: The Second Barrage,8
87090,IdiotsEverywhere,1685,Duel Masters,7
486510,Rac00n,243,Gravitation,8
327777,born2badored,182,Tenkuu no Escaflowne,8
939745,kraziilazii,21881,Sword Art Online II,7
1214881,DELETEPLEASE178,11739,Kimi to Boku. 2,8
343983,666_ONI_666,694,Canvas 2: Nijiiro no Sketch,8
75556,Inu-kun,249,InuYasha,9
58192,tsukikage,532,Bishoujo Senshi Sailor Moon S,7
1281765,RaphaelRobo,1525,Pokemon Crystal: Raikou Ikazuchi no Densetsu,9
37589,Crimsonguy,134,Gunslinger Girl,8
386416,S0uviE,6500,Seikon no Qwaser,5
96126,mika9,9936,Maken-Ki!,4
290854,claie,31988,Hibike! Euphonium 2,7
1114765,Kesuki,10110,Mayo Chiki!,8
75446,p01ntl3ss,371,Cardcaptor Sakura Movie 1,5
447882,ookamisan,48548,5-toubun no Hanayome Movie,8
559239,heavy_cream,801,Koukaku Kidoutai: Stand Alone Complex 2nd GIG,7
409065,Zdroja,11433,Ano Natsu de Matteru,9
1211145,gabrielriot,164,Mononoke Hime,10
63325,SilentOne,4483,Mahoutsukai ni Taisetsu na Koto: Natsu no Sora,8
29800,Hanyuu33,5060,Hetalia Axis Powers,10
53530,gtn4life,2144,Naruto Movie 3: Dai Koufun! Mikazuki Jima no Animaru Panikku Dattebayo!,5
471501,cynel235,11433,Ano Natsu de Matteru,8
1209745,StopDropAndBowl,3901,Baccano! Specials,9
324141,SuMm,37773,"Yuru Yuri,",7
92359,GuitarHero,190,Love Hina Again,7
100437,JDogg2K8,430,Fullmetal Alchemist: The Conqueror of Shamballa,5
76560,Klona,356,Fate/stay night,7
1060353,rhill93,1535,Death Note,10
70147,Nidogod,20543,Bayonetta: Bloody Fate,7
919933,alphab0mb,8246,Naruto: Shippuuden Movie 4 - The Lost Tower,7
412518,JTiago,889,Black Lagoon,9
63529,Shiro-cat,19365,Samurai Flamenco,6
437756,Shadowydeath,9922,Oretachi ni Tsubasa wa Nai: Under the Innocent Sky.,7
399519,mutsuriniii,32365,Boruto: Naruto the Movie - Naruto ga Hokage ni Natta Hi,7
401682,shygazing,31964,Boku no Hero Academia,7
377667,Raikee00,61,D.N.Angel,9
891,majikkou,431,Howl no Ugoku Shiro,9
325060,Diski,6864,xxxHOLiC Rou,7
395488,artiniest,34599,Made in Abyss,7
1232785,MetalHeaD,52305,Tomo-chan wa Onnanoko!,9
1075427,HektX,9750,Itsuka Tenma no Kuro Usagi,8
567197,icyazn15,2904,Code Geass: Hangyaku no Lelouch R2,9
104856,Neilll,3229,Kimi ga Aruji de Shitsuji ga Ore de,8
1112089,flaxman85,3702,Detroit Metal City,8
113188,LostTyger,227,FLCL,7
467774,a2231,20785,Mahouka Koukou no Rettousei,9
33330,lily555,282,Angel Heart,8
108452,ulqiorra_75,5521,Hayate no Gotoku!!: Atsu ga Natsuize - Mizugi-hen!,7
1264065,Tsubasa-san,8536,Fortune Arterial: Akai Yakusoku,7
34574,kawaiimisato,1162,Maze☆Bakunetsu Jikuu,7
6512,Kamui_Shiro,5341,Ookami to Koushinryou II,10
75120,Q-san,416,Kurenai no Buta,9
443653,CyTmrw,14467,K,9
421178,LiquidProust,813,Dragon Ball Z,10
15259,DGC1808,530,Bishoujo Senshi Sailor Moon,6
985017,uprising008,1559,Shijou Saikyou no Deshi Kenichi,9
1050719,cold_void344,10582,Astarotte no Omocha! EX,9
15156,tofupika,1530,Kanon (2006),9
1233855,alan_mangaka,23233,Shinmai Maou no Testament,8
382401,hasegawa59,6712,Natsu no Arashi! Akinaichuu,8
20135,Miki-chan,1689,Byousoku 5 Centimeter,9
1229499,balho,48413,Hataraku Maou-sama!!,8
25163,KuriTheGod,50,Aa! Megami-sama! (TV),6
78252,Seiren,13495,Tokyo Disney Resort: Yume ga Kanau Basho,5
96340,alinnert,1140,Giniro no Kami no Agito,9
90920,Tinkelburg,14741,Chuunibyou demo Koi ga Shitai!,7
918507,Dexyne,35849,Darling in the FranXX,8
501495,kinoSabe,15451,High School DxD New,7
1199951,PenguinDust,300,3x3 Eyes,8
298332,yunofag,17909,Uchouten Kazoku,10
45296,UnknownEcho,902,Dragon Ball Z Movie 09: Ginga Girigiri!! Bucchigiri no Sugoi Yatsu,7
476455,RAGNIR,9330,Dragon Crisis!,7
385831,vongola1827,21,One Piece,10
469542,Giuseppe_89,15689,Nekomonogatari: Kuro,6
368253,GracideaShaymin,101,Air,9
548809,TifaLValentine,35790,Tate no Yuusha no Nariagari,10
83990,argnain,45,Rurouni Kenshin: Meiji Kenkaku Romantan,10
409435,tsukivalo,4182,Darker than Black: Kuro no Keiyakusha - Sakura no Hana no Mankai no Shita,10
386105,HallowBird,6547,Angel Beats!,9
55600,vedder,2162,Koutetsu Sangokushi,4
19827,RM24,17187,Koukaku Kidoutai Arise: Ghost in the Shell - Border:1 Ghost Pain,8
113052,akahanabi,4581,Shikabane Hime: Aka,9
34980,Mirrored_Moon,74,Gakuen Alice,9
40584,00NAKA00,523,Tonari no Totoro,10
61548,Edward2202,121,Fullmetal Alchemist,10
407604,Hii-chan,17573,Uchuu Kyoudai: Itten no Hikari,7
1239061,Barker404,1953,Code Geass: Hangyaku no Lelouch Picture Drama,6
498096,Pradadollie,1887,Lucky☆Star,10
291408,mrcolson,6956,Working!!,7
300163,Dethtai,82,Kidou Senshi Gundam 0080: Pocket no Naka no Sensou,10
115800,Feorh,3299,H2O: Footprints in the Sand,8
45220,Rege,6702,Fairy Tail,6
438396,keolad,27655,Aldnoah.Zero Part 2,9
27768,Pukas,297,Grenadier: Hohoemi no Senshi,7
570337,Lakio,395,Gantz 2nd Stage,10
339313,PockyKai,368,Bible Black,7
583979,TheOneWhoToils,16706,Kami nomi zo Shiru Sekai: Megami-hen,6
529163,DukeofMurk,4811,Ichigo Mashimaro Encore,8
24844,Leyari,48553,Akebi-chan no Sailor-fuku,7
557433,Legato001,493,Armitage III: Poly-Matrix,9
98970,MistressMinako,270,Hellsing,7
482264,CinnamonTTV,14751,Bishoujo Senshi Sailor Moon Crystal,8
23950,Kainsin,1563,Magic Knight Rayearth II,8
330154,sasazuka,7059,Black★Rock Shooter (OVA),5
391539,chubar,11887,Kokoro Connect,6
65069,andrelimfj,227,FLCL,6
4620,Mattwasx,873,.hack//Roots,6
371720,Tenchiken,416,Kurenai no Buta,8
850607,Reishion,935,Witchblade,8
298947,yuririn,11457,Chibi☆Devi!,9
489433,grayrebornnhy,37451,Boogiepop wa Warawanai (2019),7
63841,logiwingman,1691,Kaze no Stigma,8
293423,Inui,5065,Detroit Metal City: Birth of the Metal Devil,7
1173215,noobis419,23277,Saenai Heroine no Sodatekata,8
492929,breezy1,431,Howl no Ugoku Shiro,8
1150941,Hydur,22789,Barakamon,9
320972,Santechnikas,8100,Mardock Scramble: The First Compression,8
1124117,inumuta,317,Final Fantasy VII: Advent Children,7
497947,MadMike91X,41433,Akudama Drive,8
1071183,BloodCrow97,230,Air Master,6
1104279,Smashman100,52034,"""Oshi no Ko""",10
453990,cambrei,6637,Higashi no Eden Movie II: Paradise Lost,9
319164,raphathekid,2330,Jibaku-kun,10
454080,hexenn69,849,Suzumiya Haruhi no Yuuutsu,9
433973,Enbee,1120,Pokemon Movie 05: Mizu no Miyako no Mamorigami Latias to Latios,6
391316,VampireLine,1482,D.Gray-man,8
59041,SparklingAngel,4069,Pucca,6
23715,Umandsf,21419,Detective Conan Movie 18: The Sniper from Another Dimension,8
1147305,Kysi,4765,Gunslinger Girl: Il Teatrino OVA,8
456538,Grimmejow91,11597,Nisemonogatari,8
352611,Kennit,30279,Yuru Yuri San☆Hai!,8
72457,Poppinfloss,3085,Koharu Biyori,6
45895,-vitani-,34984,Koi wa Ameagari no You ni,8
331142,MarshyMalloy,325,Peach Girl,8
1217591,Wario21,6211,Tokyo Magnitude 8.0,7
37849,Chren,2963,Minami-ke,9
504818,Dead_Lemon,8937,Toaru Majutsu no Index II,6
369240,JBlade,35073,Overlord II,8
1080305,CherrySmile,22,Tennis no Oujisama,8
331855,davesv,431,Howl no Ugoku Shiro,8
477722,n3o_krat0z,3229,Kimi ga Aruji de Shitsuji ga Ore de,8
462110,Lone_Ryoka,5667,To LOVE-Ru OVA,10
506215,reemo-suliman,2799,Hello! Sandybell,9
502643,A7oG,10110,Mayo Chiki!,7
29976,Popetaco,3841,Chi's Sweet Home,5
37401,Valerynn,1454,Kemonozume,8
28647,Enjeh,464,One Piece Movie 06: Omatsuri Danshaku to Himitsu no Shima,7
436449,Misha-nya,4134,"Naruto: Shippuuden - Shippuu! ""Konoha Gakuen"" Den",4
6140,trafagibr,38395,Otona no Bouguya-san,6
324986,Al_Alstroemeria,4789,ef: A Tale of Melodies.,7
104562,aenseidhe,1195,Zero no Tsukaima,10
7908,clc,343,Tsukuyomi: Moon Phase,9
458661,t3hjonneh,54,Appleseed (Movie),7
478898,fdasdfsdfgdfg,2593,Kara no Kyoukai Movie 1: Fukan Fuukei,8
493577,ArcanaTrace,16355,Dansai Bunri no Crime Edge,6
1118929,roypeled,51019,Kimetsu no Yaiba: Katanakaji no Sato-hen,9
527555,oy-tsukki,8479,Hetalia World Series,9
303748,Teresa96,6553,Junjou Romantica Special,7
405155,Alskan,4186,Chrome Shelled Regios,7
372703,A1ma,209,R.O.D: The TV,8
436628,VirulentToast,48488,Higurashi no Naku Koro ni Sotsu,7
434879,Xythar,18413,Puchitto Gargantia,8
409775,xanysteryx,2847,Pokemon Movie 10: Dialga vs. Palkia vs. Darkrai,7
437633,Naruto_am,849,Suzumiya Haruhi no Yuuutsu,8
358460,charlieseilrahc,41168,Nakitai Watashi wa Neko wo Kaburu,8
1069089,batman3000re,8525,Kami nomi zo Shiru Sekai,9
32296,Myrmidon,10165,Nichijou,6
431834,RocketBoost,33988,Demi-chan wa Kataritai,8
532919,Chan69Z,341,Spiral: Suiri no Kizuna,9
391122,darkeros,4106,Trigun: Badlands Rumble,7
96746,Shieva,15687,Chuunibyou demo Koi ga Shitai! Lite,7
59119,purple_zebra,31043,Boku dake ga Inai Machi,8
18693,aaaaaa112341124,2030,El Cazador de la Bruja,6
425385,Cosmos07,36456,Boku no Hero Academia 3rd Season,9
1269289,Str8-Flexin,10863,Steins;Gate: Oukoubakko no Poriomania,9
18675,teutates,143,Kannazuki no Miko,8
470001,Justus_,13411,Guilty Crown: Lost Christmas - An Episode of Port Town,2
1216033,mcgraczu,34102,Sakurada Reset,4
883399,Avenira,29976,Dance with Devils,9
427900,Ozharu_nik,2494,Goshuushou-sama Ninomiya-kun,5
381828,willylatorre,6702,Fairy Tail,9
373748,Kawaiisky,22199,Akame ga Kill!,10
35206,NivinK,755,Boku no Sexual Harassment,4
524741,Amsterdam,6880,Deadman Wonderland,9
47741,nazia_f,37095,"Violet Evergarden: Kitto ""Ai"" wo Shiru Hi ga Kuru no Darou",10
1205025,Minami_666,15605,Brothers Conflict,8
506782,DarthWhite,38691,Dr. Stone,8
1126219,eddie93,33255,Saiki Kusuo no Ψ-nan,9
392565,leo_da_lion,4059,"Clannad: Mou Hitotsu no Sekai, Tomoyo-hen",7
1066281,weirdoooxp,467,Koukaku Kidoutai: Stand Alone Complex,9
1197043,Refan99,1375,Watashi no Ashinaga Ojisan,7
103429,TheRedLagoon,49533,Uchi no Shishou wa Shippo ga Nai,8
87222,Little_Kitsune,231,Asagiri no Miko,7
377759,illidark58,226,Elfen Lied,7
517807,BDecker,9479,Coppelion,8
2691,Kimura,1726,Devil May Cry,6
76220,RavenDW,35849,Darling in the FranXX,6
1069105,supdawg,17895,Golden Time,6
480171,Felioth,31163,Dimension W,9
420130,julciczka,1535,Death Note,8
341545,BattleSpunk,34542,Inuyashiki,9
1189897,Ryner1989,9515,Highschool of the Dead: Drifters of the Dead,6
1138351,iAnime-,2993,Rosario to Vampire,10
1164467,shaonight,790,Ergo Proxy,10
413044,Misayuz,33731,Gabriel DropOut,7
2144,panzer_magier,330,Midori no Hibi,6
1246049,jP5an,8915,Dantalian no Shoka,6
87266,AmnaMJ,13331,Jormungand: Perfect Order,8
87401,KaryMinuette,2923,Shugo Chara!,8
453928,Adhamkhan,7647,Arakawa Under the Bridge,9
410329,Cyn3x,3783,Kara no Kyoukai Movie 3: Tsuukaku Zanryuu,10
489407,kite2012,9919,Ao no Exorcist,10
399148,Meriav,3974,Tetsuwan Birdy Decode,4
420676,Jenia,849,Suzumiya Haruhi no Yuuutsu,3
300656,Luna_Haruna,2787,Shakugan no Shana II (Second),7
454915,Escuizo,8937,Toaru Majutsu no Index II,6
1182637,HiddenShade,5667,To LOVE-Ru OVA,8
299814,sang930822,9776,A-Channel,7
562885,rasatorr,13367,"Kono Naka ni Hitori, Imouto ga Iru!",9
443634,mary_apple,2097,Tokumu Sentai Shinesman,7
75585,Mightyenapup,34542,Inuyashiki,8
1141791,Lafiska,37614,Hitoribocchi no Marumaru Seikatsu,5
1147551,Taimyr,8407,Sora no Otoshimono Forte,9
11474,bugeol,28891,Haikyuu!! Second Season,9
1229231,Edera,1956,Ikkitousen: Dragon Destiny,9
62271,Nesa90,270,Hellsing,10
78907,CharMomone,33820,Ao Oni The Animation (Movie),8
332815,Sicka,31686,Shigeru,1
391125,Parisbelle,23289,Gekkan Shoujo Nozaki-kun,7
1143313,Seiya-kou,603,Futari wa Precure,7
8228,Sin,7088,Ichiban Ushiro no Daimaou,8
31587,MeXoC,109,Bakuretsu Tenshi,9
815457,dude123,572,Kaze no Tani no Nausicaä,10
423762,Light-Itachi,536,Slayers: The Motion Picture,4
306354,Tousl,427,Kaleido Star,7
482891,EatsSweets,21329,Mushishi: Hihamukage,10
454600,Malendrach,72,Full Metal Panic? Fumoffu,10
54424,Encipher,45,Rurouni Kenshin: Meiji Kenkaku Romantan,10
1197251,Daneko,3784,Evangelion: 2.0 You Can (Not) Advance,8
466324,SolKanar,39654,Cinderella Girls Gekijou: Kayou Cinderella Theater 4th Season,6
954087,Seto_Sora,454,.hack//Gift,7
1077667,Moolox24,11739,Kimi to Boku. 2,8
340437,Bezik,356,Fate/stay night,8
70886,Mehsi,1658,Karakuri no Kimi,7
31953,EternalSin,4835,Bleach Movie 3: Fade to Black - Kimi no Na wo Yobu,7
78266,MalleusDiaSin,1482,D.Gray-man,10
30239,Ground_Z3RO,40456,Kimetsu no Yaiba Movie: Mugen Ressha-hen,9
295891,Darkness007,1527,Pokemon: Senritsu no Mirage Pokemon,1
18456,Master10K,24701,Mushishi Zoku Shou 2nd Season,9
510250,Linaewen,239,Gankutsuou,10
1144307,Xuecnahc,5204,Kara no Kyoukai Movie 6: Boukyaku Rokuon,6
20796,Kojiro,108,Ou Dorobou Jing in Seventh Heaven,8
335007,blargsan,12445,Tasogare Otome x Amnesia,7
70062,Doom_Kiseki,4224,Toradora!,10
552225,lilithu,120,Fruits Basket,7
12475,Niglif,63,DearS,6
443323,Makicide,38476,Heya Camp△,6
62848,Inside_Joke,1709,Pokemon: Mewtwo! Ware wa Koko ni Ari,5
429579,Art_kingdom,3572,Macross F,7
493607,NyanLucasx3,250,Konjiki no Gash Bell!!,5
385784,FSensei,42310,Cyberpunk: Edgerunners,7
5514,solid002,4214,Rosario to Vampire Capu2,6
394562,Im_In_Space,6377,Zan Sayonara Zetsubou Sensei,10
484052,dekimasen,32915,Durarara!!x2 Ketsu: Dufufufu!!,7
14217,v3ctor,205,Samurai Champloo,9
588473,Tekkenmover,782,Gasaraki,2
1271641,diablonino,10447,Aquarion Evol,10
1218723,Lue,894,Dragon Ball Z Movie 01: Ora no Gohan wo Kaese!!,5
1175401,SkallyWag19,11597,Nisemonogatari,9
54843,toblerone,384,Gantz,6
59101,Diamart,8630,Hidan no Aria,3
560941,kdozu,2768,CLAMP in Wonderland 2,7
117667,sicjtaco,1726,Devil May Cry,6
110073,miepmuts,125,Futakoi,7
15130,Frau_Nebel,3981,Shokuzai no Kyoushitsu,6
1230375,InvaderKrag,1195,Zero no Tsukaima,10
334756,gloombox,2154,Tekkon Kinkreet,7
327399,poopycat,1140,Giniro no Kami no Agito,8
63352,pinkangel28,1198,Tsuyokiss,7
309123,Kvazikvark,38555,Otome Game no Hametsu Flag shika Nai Akuyaku Reijou ni Tensei shiteshimatta...,9
24920,manus0077,356,Fate/stay night,8
972109,MissileSoup,517,School Rumble: Ichi Gakki Hoshuu,7
562797,BakaIno,29095,Grisaia no Rakuen,8
22459,Monakai,22147,Amagi Brilliant Park,8
358121,WhiteShinigami,34572,Black Clover,7
570993,PhantasyWings,102,Aishiteruze Baby★★,7
30834,animexinyi,2800,Candy Candy,9
379460,cutealtdel,28851,Koe no Katachi,9
34306,Nyorai,28805,Bakemono no Ko,9
98542,MickeyK,249,InuYasha,5
56887,PukeCloud,457,Mushishi,8
376181,HB087,889,Black Lagoon,9
392706,Veltress,801,Koukaku Kidoutai: Stand Alone Complex 2nd GIG,9
348586,NinjaTheory,1292,Afro Samurai,8
1092903,kicho1,12669,Amagami SS+ Plus: Extra Episode+ Plus,8
515365,animefreak08,18115,Magi: The Kingdom of Magic,9
7245,the_jamie,1010,Ranma ½: Chou Musabetsu Kessen! Ranma Team vs. Densetsu no Houou,9
382167,ximwz,14349,Little Witch Academia,8
453716,shirosagi,16668,Kakumeiki Valvrave,8
734,Baka_Ichigo,48649,Fuuto Tantei,9
502374,seishun-oizu,22789,Barakamon,10
769741,Nara323,317,Final Fantasy VII: Advent Children,9
61044,nait,239,Gankutsuou,9
1096497,myanimetoni,907,Princess Princess,7
589951,_dot,2963,Minami-ke,6
303526,26ti,838,Narutaru: Mukuro Naru Hoshi Tama Taru Ko,6
74939,monsieurtaco,14513,Magi: The Labyrinth of Magic,7
545467,Saybarnet,5651,Helter Skelter: Hakudaku no Mura,6
112940,Artho,79,Shuffle!,7
439497,SciFi,13851,To LOVE-Ru Darkness OVA,9
414002,astinkyturd,3712,Zero no Tsukaima: Princesses no Rondo,10
376041,Nevermore82,886,Amaenaide yo!! Katsu!!,7
111516,karas_nippon,5097,Hatsu Inu 2 The Animation: Strange Kind of Woman - Again,7
336127,ThriftyShark,813,Dragon Ball Z,8
1144993,kawoshinsmom,437,Perfect Blue,10
36126,Traumino,572,Kaze no Tani no Nausicaä,9
508327,GantzJkeee,245,Great Teacher Onizuka,10
337577,iKyon_eXII,9989,Ano Hi Mita Hana no Namae wo Bokutachi wa Mada Shiranai.,8
114713,Raradragoon,3927,Kidou Senshi Gundam 00 Second Season,9
34854,mechpics,321,Najica Dengeki Sakusen,8
1279855,Lagriel,12677,Ozma,5
90040,Tyabann,7338,Darker than Black: Kuro no Keiyakusha Gaiden,7
499838,Rainaire,12149,AKB0048,9
20819,Chilli-Kun,1237,One Piece: Oounabara ni Hirake! Dekkai Dekkai Chichi no Yume!,10
9570,Mishota,530,Bishoujo Senshi Sailor Moon,8
82686,delaLune,317,Final Fantasy VII: Advent Children,10
408741,AkiraGirl,6572,Shakugan no Shana S,9
356327,Mariolle,1887,Lucky☆Star,9
39894,Autre,3342,Mnemosyne: Mnemosyne no Musume-tachi,7
1277739,chatchalita,36653,Tsurune: Kazemai Koukou Kyuudou-bu,7
408867,AriGold,37823,Conception,5
463657,sanbyakuyen,9989,Ano Hi Mita Hana no Namae wo Bokutachi wa Mada Shiranai.,3
496110,MagicalEntropy,2251,Baccano!,8
364263,NarutoKan,132,GetBackers,9
395530,SavyUz,1640,Angel's Feather,8
467226,shanoliu,37451,Boogiepop wa Warawanai (2019),8
399610,Wheezle,12189,Hyouka,8
39237,Ich1go,31980,Okusama ga Seitokaichou! Seitokaichou to Ofuro Asobi,8
1290215,Epixors,2594,Piano no Mori,8
320629,LostOblivion,9919,Ao no Exorcist,7
548581,nana87,49,Aa! Megami-sama!,7
389642,Ninius,14719,JoJo no Kimyou na Bouken (TV),8
365349,05C-I-R-C-L-E,33746,Anitore! XX: Hitotsu Yane no Shita de,8
350963,JoNekoKo,12883,Tsuritama,7
7643,Shinji90,3318,Kimi ga Nozomu Eien: Next Season,7
25820,KandaLavi,6030,Needless,9
101591,Witeq,4744,Akaneiro ni Somaru Saka,9
46301,arthil,1276,Ys,6
446382,simplyella214,1535,Death Note,10
332873,_sleepyhead_,6351,"Clannad: After Story - Mou Hitotsu no Sekai, Kyou-hen",7
1194191,xzkaminazx,2966,Ookami to Koushinryou,8
475713,antherinasuraka,513,Tenkuu no Shiro Laputa,9
462171,Wizkid,14027,Boku wa Tomodachi ga Sukunai: Relay Shousetsu wa Ketsumatsu ga Hanpanai,8
495829,ChainLocked,5216,D.C.if: Da Capo if,8
392619,BACKSPACE,8074,Highschool of the Dead,8
318810,Meronpan_Chan,9471,Baka to Test to Shoukanjuu: Matsuri,9
413395,NiXxon,1535,Death Note,10
1287827,ohsheknows,14713,Kamisama Hajimemashita,8
19495,Cruthine,7791,K-On!!,6
474910,Aeleia,11113,Usagi Drop Specials,9
442134,Yasala,3470,Special A,8
347097,sanzohoushi,3166,Ayakashi,4
356695,Pippopluto,33050,Fate/stay night Movie: Heaven's Feel - III. Spring Song,10
424046,sato-chi,1686,Bleach Movie 1: Memories of Nobody,6
426959,Versi093,5165,Macross 25-shuunen Kinen: All That VF Macross F Version,8
412755,Reaper10123,249,InuYasha,10
113900,JohhnyApple,963,"Love Hina: Motoko no Sentaku, Koi ka Ken... ""Naku na""",7
395570,Sweet-Cherry-Pie,1119,Pokemon Movie 04: Celebi Toki wo Koeta Deai,6
58977,pizazzchica3579,6747,Dance in the Vampire Bund,6
929357,Gurololi,1535,Death Note,9
1215,alix,8841,Kore wa Zombie desu ka?,8
302458,MikiBungle,974,Dead Leaves,10
496406,fandomhive,2026,Hayate no Gotoku!,7
1111071,Mirvald,570,Jin-Rou,6
87062,bluepyre,40128,Arte,9
364019,Trey_Richards,8247,Bleach Movie 4: Jigoku-hen,7
483919,Miruzu,47,Akira,9
440645,FrostyTiger,8407,Sora no Otoshimono Forte,8
1208335,snuzzernaut,16498,Shingeki no Kyojin,10
44944,skizz,35557,Houseki no Kuni,9
337799,tempter94,4903,Kyou no 5 no 2 (TV),6
683427,katzers,8086,Densetsu no Yuusha no Densetsu,9
346297,TheCheshireKaren,918,Gintama,9
1233337,Pinecat,10620,Mirai Nikki (TV),6
322606,ironinferno,6987,Aki-Sora,10
1120627,Blackshin,17729,Grisaia no Kajitsu,7
102221,Jessman92392,31339,Drifters,8
322812,eldok,3464,Kemeko Deluxe!,8
471017,Rinaisu4,10834,Baka to Test to Shoukanjuu: Spinout! Sore ga Bokura no Nichijou,9
387575,Iczelion,32937,Kono Subarashii Sekai ni Shukufuku wo! 2,8
71915,radith,2787,Shakugan no Shana II (Second),9
317041,WickedBear,9065,Hakuouki: Hekketsuroku,8
495819,carloscai,9919,Ao no Exorcist,9
557987,Laciie,18411,Gingitsune,8
536941,Lucifer-10,7858,Sora no Otoshimono: Project Pink,7
18550,Mikki-chan,1119,Pokemon Movie 04: Celebi Toki wo Koeta Deai,8
318781,vvoohyun,4742,Papa to Odorou,9
114280,MegamiRissa,35843,Gintama.: Porori-hen,8
453233,upgraded28,356,Fate/stay night,8
502991,qnzmostbadass,17115,Pokemon Best Wishes! Season 2: Episode N,9
324277,Kerberons,22,Tennis no Ouji-sama,1
109206,Pumex,770,Pale Cocoon,8
102439,Nyarlathot,6675,Redline,10
87793,Nimrod,93,Kidou Senshi Gundam SEED,5
329797,Martel,6351,"Clannad: After Story - Mou Hitotsu no Sekai, Kyou-hen",10
67620,dark02060,137,Hunter x Hunter: Original Video Animation,10
46554,Shisai,167,Scrapped Princess,7
416677,KuroMajutsu,2131,Bokusatsu Tenshi Dokuro-chan 2,10
354636,gizzo,1195,Zero no Tsukaima,7
525373,Mashta,14131,Girls & Panzer,7
54351,reacquaintance,814,Tennis no Ouji-sama: Atobe kara no Okurimono - Kimi ni Sasageru Tennis Prince Matsuri,7
40452,kayliegh,1750,Amaenaide yo!! Katsu!!: Damasarenaide yo!!,8
82169,nettixx02,27821,Fate/stay night: Unlimited Blade Works Prologue,9
408051,Sugar_Cookie,4382,Suzumiya Haruhi no Yuuutsu (2009),8
332214,menx64,6421,Fullmetal Alchemist: Brotherhood Specials,9
113587,raven_tker,210,Ranma ½,6
440578,Kuremisago,25159,Inou-Battle wa Nichijou-kei no Naka de,7
509584,tsukishikicrow,11266,Ao no Exorcist: Kuro no Iede,8
946445,xMisakiLove,146,Kono Minikuku mo Utsukushii Sekai,8
371704,14theroad,263,Hajime no Ippo,10
381610,nanayastitch,6166,Asobi ni Iku yo!,9
101950,wideface,5005,Tentai Senshi Sunred,10
485217,-Kenshin-,15863,Ginga Kikoutai Majestic Prince,5
31743,Velix,1922,Urusei Yatsura Movie 3: Remember My Love,5
444974,anyideas,43692,Gokushufudou,7
483038,M_L,11179,Papa no Iukoto wo Kikinasai!,9
568869,scampadversary,2251,Baccano!,9
807547,AntiskillGaming,59,Chobits,10
102586,AgnostoTheo,880,Aa! Megami-sama! Sorezore no Tsubasa,9
330453,einixmax,32094,Reikenzan: Hoshikuzu-tachi no Utage,4
54867,Diakka,2926,Myself; Yourself,7
24652,Arkeleon,28999,Charlotte,5
302809,Skyrider,13601,Psycho-Pass,8
500430,-Tears-,6547,Angel Beats!,10
371240,KoVox,849,Suzumiya Haruhi no Yuuutsu,8
479653,scarletmage,2034,Lovely★Complex,9
68609,nankaipai,3731,Itazura na Kiss,6
103316,Yagami_Raito8920,523,Tonari no Totoro,9
385584,Nekich,2595,D.C.II: Da Capo II,7
413777,DigiDigi,6714,Dragon Ball Z: Atsumare! Gokuu World,8
74301,Nioko13,31964,Boku no Hero Academia,10
302478,Urzu_Six,219,Kidou Senkan Nadesico: The Prince of Darkness,5
42399,Yothiel,6164,Aoi Hana,7
10153,Sowra,28701,Fate/stay night: Unlimited Blade Works 2nd Season,8
418903,HakaiWing,102,Aishiteruze Baby★★,9
506187,Suraiku,6351,"Clannad: After Story - Mou Hitotsu no Sekai, Kyou-hen",7
519311,txMaddog,667,Kashimashi: Girl Meets Girl,7
428677,iPhaust,60,Chrno Crusade,8
7763,Kudan,20745,Love Live! School Idol Project OVA,7
570569,AlphaAlpha,31629,Granblue Fantasy The Animation,7
33358,cassian_eaves,1534,Futari wa Precure: Splash☆Star,7
339758,coolthevictor09,461,One Piece Movie 03: Chinjuu-jima no Chopper Oukoku,8
548385,SomaKeitaro,1015,Full Metal Panic! The Second Raid: Wari to Hima na Sentaichou no Ichinichi,9
2353,Raivis,11241,Brave 10,6
1280261,ValorsoraEX,48736,Sono Bisque Doll wa Koi wo Suru,8
1207659,Roxas-XIII,39701,Nanatsu no Taizai: Kamigami no Gekirin,7
567387,nickelamshah,5081,Bakemonogatari,8
1097505,Gamas,5751,Tennis no Oujisama: Another Story - Kako to Mirai no Message,7
390592,Dessinateurd,7674,Bakuman.,7
316799,silverflame425,2476,School Days,9
40571,Brome,16011,Tokyo Ravens,6
391776,Cira,320,A Kite,5
58099,darthwood,10495,Yuru Yuri,8
1114999,1234cuddles,30544,Gakusen Toshi Asterisk,8
1215251,wolfgame,572,Kaze no Tani no Nausicaä,10
88675,thebassa,1594,Jigoku Shoujo Futakomori,9
327230,oreko,427,Kaleido Star,6
83236,kiloboy,60,Chrno Crusade,6
371363,Mustache,40938,Hige wo Soru. Soshite Joshikousei wo Hirou.,8
364418,Ninetailsrox,19221,"Ore no Nounai Sentakushi ga, Gakuen Love Comedy wo Zenryoku de Jama Shiteiru",8
334549,moddesteni,25183,Gangsta.,7
5231,myanimelist,6547,Angel Beats!,7
80218,Type,5630,Higashi no Eden,9
482759,ras869,7148,Ladies versus Butlers!,7
79924,JonnyH88,71,Full Metal Panic!,10
468408,Tsunaki,13125,Shinsekai yori,9
1120873,nurkka,10372,Kamisama Dolls,8
375085,VeryStupidPerson,9919,Ao no Exorcist,10
361509,Valkrav,39026,Dumbbell Nan Kilo Moteru?,8
1129965,moonstars,7705,Starry☆Sky,6
379583,Przefciu,270,Hellsing,8
469222,GustavWynter,10460,Kimi to Boku.,7
95234,NatsuDragonil,6811,InuYasha: Kanketsu-hen,9
1098093,piyachaipetch,18153,Kyoukai no Kanata,8
57948,winlongummy,210,Ranma ½,7
323640,andgucps,9617,K-On! Movie,8
293116,bluewind43,40591,Kaguya-sama wa Kokurasetai? Tensai-tachi no Renai Zunousen,8
463748,amolife,898,Dragon Ball Z Movie 05: Tobikkiri no Saikyou tai Saikyou,7
16970,TalSoto,1210,NHK ni Youkoso!,9
649225,Corve,27831,Durarara!!x2 Ten,9
379193,niininii,13367,"Kono Naka ni Hitori, Imouto ga Iru!",6
91679,Afalo,7079,Ookamikakushi,9
326995,kanon-chan,1992,Chou Kousoku Gran Doll,6
402402,Requiem-aura,1943,Paprika,9
320703,ZukieThePharaoh,741,Sensitive Pornograph,9
535841,hate_you,11597,Nisemonogatari,8
80976,Demonku,54,Appleseed (Movie),8
383522,Oniii-chan,12189,Hyouka,8
22023,Sononeo,1575,Code Geass: Hangyaku no Lelouch,8
324273,Erisupaisu,26441,Junketsu no Maria,7
556009,Mihiro,31478,Bungou Stray Dogs,9
1069283,novachild,39196,Mairimashita! Iruma-kun,7
10534,Mairlae,154,Shaman King,3
346248,atB,762,Bleach: Memories in the Rain,8
447788,mucca,4725,Ga-Rei: Zero,9
564755,SHADOW785,6361,ef: A Tale of Memories. - Prologue,8
379979,Alexnym,4872,Goku Sayonara Zetsubou Sensei,8
96597,decompositions,759,Tokyo Godfathers,4
429409,Kasuus,2605,Sayonara Zetsubou Sensei,9
458835,Kyllick,14749,Ore no Kanojo to Osananajimi ga Shuraba Sugiru,7
101182,mastafrooper,269,Bleach,9
65150,nandaromei,239,Gankutsuou,9
1266161,UndockingDiction,339,Serial Experiments Lain,9
374770,VankoPL,48,.hack//Sign,9
33095,chee_,430,Fullmetal Alchemist: The Conqueror of Shamballa,6
1122259,sihara1031,23283,Zankyou no Terror,6
491114,duke182,11061,Hunter x Hunter (2011),10
472597,truhilz,5079,Kurokami The Animation,7
1147641,Macubex8,10155,Dog Days,6
1076939,botti,139,Hunter x Hunter: Greed Island Final,9
3488,Smithy,181,Vandread: The Second Stage,7
532029,Charly-Boy,998,Blue Seed,10
23330,tehsupakakashi,1887,Lucky☆Star,8
2776,asra,10030,Bakuman. 2nd Season,8
554245,yetenakin,28171,Shokugeki no Souma,9
414434,russbus16,36923,Nanatsu no Taizai: Imashime no Fukkatsu Joshou,8
443720,xGrandauMx,33983,Onihei,6
118668,kaname08,30206,Amagi Brilliant Park: Nonbirishiteiru Hima ga Nai!,8
307166,hayate-chan,18229,Gatchaman Crowds,6
892751,BlairKS,32827,B: The Beginning,8
27838,Aiko-chan,457,Mushishi,7
373766,Chiisi,16049,Toaru Kagaku no Railgun S,8
436671,Gravekeeper_Love,11741,Fate/Zero 2nd Season,8
1114081,VritraTE,42361,"Ijiranaide, Nagatoro-san",8
10653,warhamer,119,Final Approach,7
351141,FatefulLove,27899,Tokyo Ghoul √A,8
69877,alex14n,450,InuYasha Movie 2: Kagami no Naka no Mugenjo,6
445711,enwall,11266,Ao no Exorcist: Kuro no Iede,5
493883,Lutras,27911,Anime de Wakaru Shinryounaika,6
531371,Chrixxx,39196,Mairimashita! Iruma-kun,8
436226,nyoku,227,FLCL,10
394398,FairyCorpse,34428,Overlord Movie 2: Shikkoku no Eiyuu,9
980613,meowmeow418,13655,Little Busters!,10
392903,YoxalLoyal,10163,C: The Money of Soul and Possibility Control,9
1107541,KZ-Jumper,1816,Sonic X,6
500625,alphawolff,14131,Girls & Panzer,8
473668,Lotus97,9045,Jack to Mame no Ki (OVA),7
1064201,Persona9,8424,MM!,6
444950,Ness__B,24997,Love Live! The School Idol Movie,7
476648,omegavamp,3588,Soul Eater,8
59538,un1que,15451,High School DxD New,6
303228,Stardew,34402,Love Kome: We Love Rice,2
344835,la4o0,2372,Enbo,8
6897,Baskerville,1915,Mahou Shoujo Lyrical Nanoha StrikerS,5
24105,Ninjigen,6,Trigun,8
351159,cr8zyamg,38759,Sewayaki Kitsune no Senko-san,7
563737,surgane,30,Neon Genesis Evangelion,9
375671,Luciela,746,Papa to Kiss in the Dark,4
436633,PandeBarra,8937,Toaru Majutsu no Index II,6
27078,Paradoxxum,40532,Appare-Ranman!,5
1242243,focbmwftw,552,Digimon Adventure,8
118670,mawra01,477,Aria the Animation,3
100891,ziroc,4188,Mahou Sensei Negima!: Shiroki Tsubasa Ala Alba,9
370081,Fizzeltux,329,Planetes,7
350857,mitsuki_fullmoon,132,GetBackers,7
412012,nekonapping,32828,Amaama to Inazuma,9
549053,Jiang_Wei,9510,Mitsudomoe Zouryouchuu!,10
451126,arigathanku,27989,Hibike! Euphonium,10
10611,seacmber,32105,Sousei no Onmyouji,5
1226523,keitestarossa,1689,Byousoku 5 Centimeter,7
754059,EchoingTheme,3901,Baccano! Specials,9
374813,matrixtrap,28149,Nihon Animator Mihonichi,8
538047,verita,16762,Mirai Nikki: Redial,5
1106961,Galasayshey,22729,Aldnoah.Zero,6
3380,Tracer_Senpai,3349,Kiddy GiRL-AND,8
93908,liluger4e,550,Yu☆Gi☆Oh!,7
55938,kaito_asuke,101,Air,10
74211,morningblue,10719,Boku wa Tomodachi ga Sukunai,6
7196,Cynxos,31404,Netoge no Yome wa Onnanoko ja Nai to Omotta?,8
390249,MidnightWalker95,30902,Yuru Yuri Nachuyachumi!+,8
1238277,erunia,5081,Bakemonogatari,8
294291,Doajiggie,13659,Ore no Imouto ga Konnani Kawaii Wake ga Nai.,8
526763,Celestial88,13659,Ore no Imouto ga Konnani Kawaii Wake ga Nai.,6
84228,_duch,10219,Oniichan no Koto nanka Zenzen Suki ja Nai n da kara ne!! Special,9
510546,griever_chain,2001,Tengen Toppa Gurren Lagann,10
72606,gloomheart,3165,Hidamari Sketch Specials,7
319053,Kita-san,10521,Working'!!,10
60054,gdrocks,4722,Skip Beat!,10
714911,J_Rripsz,16317,Ishida to Asakura,4
966177,RiasIsseiAkeno,1735,Naruto: Shippuuden,10
40162,Anon-kun,2924,ef: A Tale of Memories.,8
594601,poziomek,10092,Break Blade Movie 6: Doukoku no Toride,9
78990,hidetada,656,Air in Summer,8
117799,Jonneh,160,"Ima, Soko ni Iru Boku",8
405430,xiaopang,2001,Tengen Toppa Gurren Lagann,10
768487,almasana159,269,Bleach,7
10407,yumenichan,4186,Chrome Shelled Regios,7
300421,dettawalker,532,Bishoujo Senshi Sailor Moon S,7
317010,RoBo8888,11061,Hunter x Hunter (2011),9
1106671,ChokeBee,892,Dragon Ball Movie 3: Makafushigi Daibouken,6
298883,jadeborn,10163,C: The Money of Soul and Possibility Control,8
315687,zi-88,3229,Kimi ga Aruji de Shitsuji ga Ore de,9
382218,chriskiku,7647,Arakawa Under the Bridge,9
459160,Jtran1412,2759,Evangelion: 1.0 You Are (Not) Alone,7
388231,DiegoPL,7902,Fullmetal Alchemist: Brotherhood - 4-Koma Theater,10
80135,frei-chan,350,Ojamajo Doremi,7
352312,solidmoose,73,Full Metal Panic! The Second Raid,6
28530,animedigger,50,Aa! Megami-sama! (TV),8
1226555,Aleiad,4082,Kaibutsu Oujo: Konsui Oujo,8
1239343,Taciturn_Dragon,5177,Denpa-teki na Kanojo,9
1114557,aimizuno,4415,World Destruction: Sekai Bokumetsu no Rokunin,8
1108967,krulofa_zombie,1549,1000-nen Joou: Queen Millennia,8
389365,chibi-koe,6555,Pokemon: Pikachu no Kirakira Daisousaku!,7
21698,Blad,50,Aa! Megami-sama! (TV),7
707047,UnmeiNoShugosha,1723,Clannad Movie,10
488992,duko,11577,Steins;Gate Movie: Fuka Ryouiki no Déjà vu,7
100001,zerohour,81,Kidou Senshi Gundam: Dai 08 MS Shoutai,9
1116449,ReToX,4654,Toaru Majutsu no Index,8
74718,Ronin_theSage,2251,Baccano!,8
1144751,Gvts,3701,Kaiba,9
470723,Empyrien,7,Witch Hunter Robin,5
358031,_mm,16067,Nagi no Asu kara,8
1216975,FrozunLightning,25389,"Dragon Ball Z Movie 15: Fukkatsu no ""F""",4
1088357,candyfacegirl,3457,Vampire Knight,7
554889,quackmoo,431,Howl no Ugoku Shiro,10
115389,Ecks_Ess,1631,Koukyoushihen Eureka Seven: Kinkyuu Tokuban Navigation ray=out,7
614511,Nuon1337,11633,Blood Lad,6
352194,kelvinsigh,24893,Sidonia no Kishi: Daikyuu Wakusei Seneki,4
504889,Kongming-S,36524,Dies Irae: Reimei,7
1074199,k--dawg,6746,Durarara!!,9
449019,Sky_money,27727,Binan Koukou Chikyuu Bouei-bu LOVE!,9
24435,Lovekuja,1117,Pokemon Movie 02: Maboroshi no Pokemon Lugia Bakutan,5
84448,stfngp,3673,Nijuu Mensou no Musume,7
386999,ExpletiveDeleted,10020,Ore no Imouto ga Konnani Kawaii Wake ga Nai Specials,9
96809,dundyna,5525,07-Ghost,6
1219641,HiddenS,36316,Shichisei no Subaru,1
415096,Essono,1840,Zero no Tsukaima: Futatsuki no Kishi,8
98772,erreur,7580,Ikkitousen: Xtreme Xecutor,7
51176,Gibbedboy,8675,Seitokai Yakuindomo,7
488142,E823,20507,Noragami,6
433950,Silence_Prince,4896,Umineko no Naku Koro ni,8
514194,Arl-,9515,Highschool of the Dead: Drifters of the Dead,6
360511,DinosA,15689,Nekomonogatari: Kuro,10
319526,Ginsei,4214,Rosario to Vampire Capu2,10
501612,tenshiangel1,33050,Fate/stay night Movie: Heaven's Feel - III. Spring Song,9
561099,Sameshinzo,10719,Boku wa Tomodachi ga Sukunai,8
331178,hettsu,5424,Oppai Life,5
118130,janusik5,28929,Vampire Holmes,4
1070067,Javiuzu,32485,Prison School: Mad Wax,8
1200617,ChobiNeko,8426,Hourou Musuko,9
493130,Naitosuta,1361,Final Fantasy: The Spirits Within,6
34798,inuaddict,20543,Bayonetta: Bloody Fate,7
63176,nb,134,Gunslinger Girl,8
747835,Undertaker095,4535,Candy Boy: Nonchalant Talk of the Certain Twin Sisters in Daily Life,8
44886,Ekowc,10110,Mayo Chiki!,8
1130075,coddo,30091,Chaos Dragon: Sekiryuu Seneki,10
323933,captain_curls,2904,Code Geass: Hangyaku no Lelouch R2,9
486290,officious,6547,Angel Beats!,10
1089425,PantsuPillow,24459,Tales of Zestiria: Doushi no Yoake,5
8460,Rolica,38691,Dr. Stone,8
644733,Zilley,35180,3-gatsu no Lion 2nd Season,10
40666,TigerLily,3841,Chi's Sweet Home,7
818893,ppchu,18153,Kyoukai no Kanata,8
119546,Fii-chan,2220,Be-Boy Kidnapp'n Idol,6
421935,Transvoid,29095,Grisaia no Rakuen,8
340484,Gaijin91,2236,Toki wo Kakeru Shoujo,9
4497,Xyanide,12565,Fate/Prototype,7
347907,nzw4rlord,25013,Akatsuki no Yona,9
392076,Hrothgar1,10165,Nichijou,8
397603,UC-Kyerii,5112,Akikan!,9
645075,Erios_Pantsu,4654,Toaru Majutsu no Index,9
5122,ZackZeal,17641,Date A Live: Date to Date,4
100956,SilverSeed,210,Ranma ½,7
293707,Elusius,857,Air Gear,7
69228,Eater-of-All,329,Planetes,9
91932,meow-meow,6747,Dance in the Vampire Bund,6
1210919,lukaleia,523,Tonari no Totoro,10
94594,yma981,2969,Appleseed Saga Ex Machina,7
317290,sakuyabloodwing,6114,Rainbow: Nisha Rokubou no Shichinin,10
451605,gi_goku,42192,Edens Zero,7
3156,Hemispheree,317,Final Fantasy VII: Advent Children,5
359210,seraphinek,1780,Choukou Tenshi Escalayer,8
422994,anesej,286,B'T X,7
11284,kite88,1367,Detective Conan Movie 08: Magician of the Silver Sky,10
1067399,VicenzoAttilio,1536,Busou Renkin,9
1090381,dewidepewi,17895,Golden Time,6
104939,VScosplay,189,Love Hina,7
40245,santetjan,364,Gallery Fake,6
116193,Harumaro,1840,Zero no Tsukaima: Futatsuki no Kishi,7
499788,RahzenshiaRose,5681,Summer Wars,9
2525,McDohl,2198,Aa! Megami-sama! Sorezore no Tsubasa Specials,7
116044,virtual-hl,27663,Baby Steps 2nd Season,9
400164,ChibiCrashey,7724,Shiki,9
384881,Seminix,106,Hana yori Dango,6
319857,Marston,454,.hack//Gift,6
959761,frobz91,10620,Mirai Nikki (TV),8
483392,pagis,1132,Digimon Frontier,9
344875,BlueJay1,20541,Mikakunin de Shinkoukei,3
340744,Asturaetus,2727,Sweet Valerian,5
464893,djbrugge,382,Futari Ecchi,5
500694,couchmallows,38826,Tenki no Ko,8
543959,Zaraki-Lover,9065,Hakuouki: Hekketsuroku,9
1097919,BadCriticism,12859,One Piece Film: Z,4
438338,phooge,1079,Armitage III,7
1225489,Aloxamax,36873,Back Street Girls: Gokudolls,6
90306,AkaSmiley,8676,Amagami SS,8
541165,Marron_WWiO,32915,Durarara!!x2 Ketsu: Dufufufu!!,9
28104,Raitou-,267,Gungrave,7
523401,Rollz,597,Neko no Ongaeshi,7
1215161,TheShinso,1195,Zero no Tsukaima,7
489066,Kei221,36275,Natsume Yuujinchou Roku Specials,8
358517,SSpirate,6802,So Ra No Wo To,7
37911,stationry,1978,Onkyo Seimeitai Noiseman,7
102346,jer01,2129,True Tears,9
499218,king_89,53111,Dungeon ni Deai wo Motomeru no wa Machigatteiru Darou ka IV: Fuka Shou - Yakusai-hen,10
25423,israel,889,Black Lagoon,8
2480,rolie123,1011,Ranma ½ Super,9
12530,Resska,191,Love Hina Christmas Special: Silent Eve,7
65128,innerchorus,9756,Mahou Shoujo Madoka★Magica,9
401785,Lostkey,248,Ichigo 100%,6
315248,wicilith,13335,Fuse: Teppou Musume no Torimonochou,7
369904,Ahmadov,4884,Tales of the Abyss,5
36693,ANN-abunai,1865,Getsumen To Heiki Mina,4
466634,Choco_Maniac_13,65,Rozen Maiden: Träumend,7
1238999,MoonJump,1604,Katekyo Hitman Reborn!,6
533731,irohamomiji,2025,Darker than Black: Kuro no Keiyakusha,8
27804,OddioFreak,467,Koukaku Kidoutai: Stand Alone Complex,7
430408,lolijandro,3467,Nogizaka Haruka no Himitsu,6
1127035,CoffiHoli,6512,Nyan Koi!,8
1064515,LanaChanP,12355,Ookami Kodomo no Ame to Yuki,10
111612,Ningushi,5081,Bakemonogatari,10
11350,saizo6,5593,Dogs: Bullets & Carnage,8
424532,Ewi,4224,Toradora!,10
309506,Raiquiis,28623,Koutetsujou no Kabaneri,7
355842,OriginsofSpirits,10321,Uta no☆Prince-sama♪ Maji Love 1000%,9
466671,PlaguedDarkness,38000,Kimetsu no Yaiba,9
6140,trafagibr,19163,Date A Live II,7
62467,ReaperBunny,226,Elfen Lied,7
1135595,Hungz0rs,4835,Bleach Movie 3: Fade to Black - Kimi no Na wo Yobu,7
362933,AprilDruid,17651,Genei wo Kakeru Taiyou,5
93093,Yagami_Rimmer,387,Haibane Renmei,9
509912,maKAKERO,20,Naruto,6
774449,delphist2008,10620,Mirai Nikki (TV),9
495301,tamias,45613,Kawaii dake ja Nai Shikimori-san,6
377638,Hache,26055,JoJo no Kimyou na Bouken Part 3: Stardust Crusaders 2nd Season,8
16616,iKji,7674,Bakuman.,4
353210,superlove312,1482,D.Gray-man,8
65593,Brila,18893,Aoki Hagane no Arpeggio: Ars Nova,7
90618,kuglefang,6465,Kangoku Senkan,7
112356,BooShadows,761,Naruto: Akaki Yotsuba no Clover wo Sagase,5
515307,naivety,1482,D.Gray-man,7
358738,paradoxspiral,7897,Issho ni Sleeping: Sleeping with Hinako,2
102095,Ainsel,3430,Blame! Prologue,7
633897,blackstar719,16397,Photokano,7
32246,mikuruhi,4896,Umineko no Naku Koro ni,9
470359,Lacktone,6573,Darker than Black: Ryuusei no Gemini,6
554173,irnsht,35298,Ramen Daisuki Koizumi-san,7
1138531,Riandro,16518,Arata Kangatari,9
544327,steg22,25011,Fate/kaleid liner Prisma☆Illya 2wei! Specials,8
1287469,camel-d,38993,Karakai Jouzu no Takagi-san 2,6
1084393,YuriInLuck,30123,Akagami no Shirayuki-hime,8
934639,tveche,6637,Higashi no Eden Movie II: Paradise Lost,9
1085875,2hard2bblack,8516,Baka to Test to Shoukanjuu Ni!,9
2324,kirAth-shiAue,2418,Stranger: Mukou Hadan,8
1085199,Chiiix3,41468,Burn the Witch,8
356071,Golborne,10396,Ben-To,5
298791,ShenDytan,5042,Kiss x Sis,8
306095,SaKensei,1575,Code Geass: Hangyaku no Lelouch,10
1121583,yoryoko,8038,Nodame Cantabile: Finale - Mine to Kiyora no Saikai,10
359211,Marangos,6862,K-On!: Live House!,6
736587,Ginnunga25gap,4722,Skip Beat!,8
369238,htdepaula,12189,Hyouka,8
76334,layhas,969,Tsubasa Chronicle 2nd Season,8
24629,Xephifer,1017,Majutsushi Orphen,7
953929,KeyboardBunny,2752,Tennis no Oujisama: Zenkoku Taikai-hen - Semifinal,7
291734,Arstra,304,Aa! Megami-sama! Movie,9
1218209,phelype,24781,Imawa no Kuni no Alice,10
414011,MrChamploo,40356,Tate no Yuusha no Nariagari Season 2,8
321843,ShinyVaati,4026,Pokemon Movie 11: Giratina to Sora no Hanataba Sheimi,9
384126,sebastian_b_b,267,Gungrave,8
444029,faasf,133,Green Green,8
434744,Galarn,40262,Haikyuu!! Riku vs. Kuu,9
31896,leiramm,3572,Macross F,8
355459,Shippu7,34076,Uchouten Kazoku 2,7
1145687,hafiz_kun,12879,Dantalian no Shoka: Ibarahime,6
547553,Goldfighter,1535,Death Note,9
546700,anilover07,5460,Detective Conan Movie 13: The Raven Chaser,10
1180485,AkiJuro,9982,Fairy Tail OVA,10
1270093,Ryomou,20583,Haikyuu!!,9
556617,suzuha,10863,Steins;Gate: Oukoubakko no Poriomania,7
80516,aswani,19191,Koukaku Kidoutai Arise: Ghost in the Shell - Border:2 Ghost Whispers,6
93364,Quellsmat,319,Happy World!,6
22979,voxinraleigh,33051,Kidou Senshi Gundam: Tekketsu no Orphans 2nd Season,7
482632,chiiaki,5530,Pandora Hearts,9
840353,2LazyToCare,52355,Fudanshi Shoukan: Isekai de Shinjuu ni Hameraremashita 3rd Season,3
53838,ChocoEllis,93,Kidou Senshi Gundam SEED,9
42349,Fakia,1868,Giniro no Olynsis: Tokito,1
721407,J4ester,9041,IS: Infinite Stratos,10
452376,Marukawa01,9331,Yumekui Merry,7
462027,patterns_unseen,4280,Kara no Kyoukai Movie 4: Garan no Dou,9
81177,blacknegro,189,Love Hina,10
67254,kaztar,28891,Haikyuu!! Second Season,8
454354,Seraph1,1017,Majutsushi Orphen,9
435695,Bewitchi,198,Speed Grapher,4
1145885,Chaosurt,20,Naruto,7
308687,kleinisfijn,23199,Durarara!!x2 Shou,7
31065,VirtualS,4923,Akai Hayate,4
53132,eNVee,3087,Cencoroll,9
718051,bureaulamp,3782,Kara no Kyoukai Movie 2: Satsujin Kousatsu (Zen),7
28681,Simbelmyne,1033,Sennen Joyuu,8
415847,Shyrius,17909,Uchouten Kazoku,9
365989,Jushirou,226,Elfen Lied,8
8553,miko-chan,49987,Papa Katsu!,7
478820,jbro,18153,Kyoukai no Kanata,7
400203,Cornholio77,8246,Naruto: Shippuuden Movie 4 - The Lost Tower,8
567873,sum41,11237,Hidamari Sketch x SP,9
1230221,marcusgx,153,Juuni Kokuki,8
479185,UltimaKyuubi,9989,Ano Hi Mita Hana no Namae wo Bokutachi wa Mada Shiranai.,10
495382,Fiddel,152,Solty Rei,8
1004543,MissFelis,4918,xxxHOLiC Shunmuki,8
1223905,Amarillis,23199,Durarara!!x2 Shou,9
297630,Zeraiy,50,Aa! Megami-sama! (TV),10
804641,Soulbeere,33486,Boku no Hero Academia 2nd Season,8
107549,Filadeus,5332,Toshokan Sensou: Koi no Shougai,5
92483,Wiggin,13333,Tari Tari,8
1239787,Maddiee,6880,Deadman Wonderland,8
1105027,Haruka97,4581,Shikabane Hime: Aka,5
2211,Synn,27,Trinity Blood,10
505202,markichu,552,Digimon Adventure,8
82301,Rebellion,2148,Okane ga Nai,9
364660,Glyphs,9074,Arakawa Under the Bridge x Bridge,6
479015,axiro,747,Haru wo Daite Ita,7
48718,strawberry-dango,1818,Claymore,9
61122,chackabure,35760,Shingeki no Kyojin Season 3,8
1219367,Otaku_808,29589,Denpa Kyoushi,8
68636,Muddy,3466,Kino no Tabi: The Beautiful World - Tou no Kuni - Free Lance,8
1274581,thump65,2966,Ookami to Koushinryou,7
18643,Naturalrice,1195,Zero no Tsukaima,10
551217,LilySchnee,889,Black Lagoon,10
391969,mm_railgun,6746,Durarara!!,7
1236037,Ledard,12673,Papa no Iukoto wo Kikinasai!: Pokkapoka,9
508938,Mysado,72,Full Metal Panic? Fumoffu,9
410705,Roxanexx,45,Rurouni Kenshin: Meiji Kenkaku Romantan,10
751535,STIGMA2X,762,Bleach: Memories in the Rain,10
948815,WinterBarrows,3457,Vampire Knight,8
992187,thierry_dondake,31173,Akagami no Shirayuki-hime 2nd Season,7
293680,Devoured,17074,Monogatari Series: Second Season,8
10381,vicious357,249,InuYasha,4
374039,radical_mess,5079,Kurokami The Animation,7
470347,Seikaius,33,Kenpuu Denki Berserk,8
491494,Tofik,41457,86,10
446494,Ardamaeus,32030,MEMORiES MELODiES,3
115297,zizepki,1379,Kino no Tabi: The Beautiful World - Nanika wo Suru Tame ni - Life Goes On.,7
604757,luneice,30347,Nanatsu no Taizai OVA,9
320705,toughfruits,14921,RDG: Red Data Girl,6
365432,DrAgNmAsTr,8652,Arbeit Shiyo!!,6
89679,bobojobo,974,Dead Leaves,6
985633,PlubicHousing,227,FLCL,9
20568,DarkFox052,38101,5-toubun no Hanayome,8
492823,evilnixon,14075,Zetsuen no Tempest,9
355637,devoid,264,Hajime no Ippo: Champion Road,9
411269,kantori,22147,Amagi Brilliant Park,7
409312,Pivotman225,14719,JoJo no Kimyou na Bouken (TV),7
339622,AK-404,53126,Yamada-kun to Lv999 no Koi wo Suru,7
1104301,JoRox90,21,One Piece,10
350358,kiras7,2476,School Days,7
393887,Ankus,8063,Sekaiichi Hatsukoi OVA,7
537971,rimagi,32935,Haikyuu!! Karasuno Koukou vs. Shiratorizawa Gakuen Koukou,8
1123783,StyleF1re,24261,Hitsugi no Chaika: Nerawareta Hitsugi/Yomigaeru Iseki,2
373869,TubbyToad,9760,Hoshi wo Ou Kodomo,9
361263,holatuwol,5163,Code Geass: Hangyaku no Lelouch R2 Picture Drama,6
307019,idieslove,2236,Toki wo Kakeru Shoujo,10
495725,kerowillyam,3588,Soul Eater,9
23441,underhill,37514,Made in Abyss Movie 1: Tabidachi no Yoake,7
55754,boqbqb,4901,Black Lagoon: Roberta's Blood Trail,9
441451,springrolls,957,Saiunkoku Monogatari,9
354344,SURAIRU,269,Bleach,9
89942,KeFFi,24833,Ansatsu Kyoushitsu,8
911695,Adeios,1028,Arete Hime,7
57880,InstantNoodles,256,Hoshi no Koe,7
479909,ChristianQuijano,591,Amaenaide yo!!,6
415532,BLITZKAI,17389,Kingdom 2nd Season,6
102475,Gallarn,1142,Hachimitsu to Clover II,8
5420,skyechan,33486,Boku no Hero Academia 2nd Season,9
325263,Astadorian,8756,Bishoujo Senshi Sailor Moon Memorial,9
76322,Girlz101,8425,Gosick,9
338177,Khenyot,4657,Arad Senki: Slap Up Party,7
450261,Mahoses,6127,Toradora!: SOS! Kuishinbou Banbanzai,9
395555,pinknightmares,16774,Inferno Cop,5
52848,konimini,52,Kidou Tenshi Angelic Layer,8
1097673,Kanadanaka,6336,Kidou Senshi Gundam Unicorn,9
1076075,Astri77,4744,Akaneiro ni Somaru Saka,7
458994,gosucat,1535,Death Note,9
27082,avelmaevis,1203,Nitaboh,8
22792,KuyahRed,9756,Mahou Shoujo Madoka★Magica,10
317701,dawid550,13535,Binbougami ga!,9
1268905,SnowyGranius,18671,Chuunibyou demo Koi ga Shitai! Ren,5
1214057,Loire_,33082,Kingsglaive: Final Fantasy XV,6
427101,Jiyuuryu,8460,Mirai Nikki,7
317641,Mckufi,249,InuYasha,8
91408,L7uki,1840,Zero no Tsukaima: Futatsuki no Kishi,8
496816,natylachik,68,Black Cat (TV),9
408269,sieg123,935,Witchblade,8
392924,staringatthesun,357,Bokusatsu Tenshi Dokuro-chan,8
297598,RosaUshiromiya,652,Galaxy Angel Z,6
474751,tinkerhell,164,Mononoke Hime,9
34306,Nyorai,12565,Fate/Prototype,7
380500,Mirian,245,Great Teacher Onizuka,9
390778,eidobot,13263,Fate/Zero: Onegai! Einzbern Soudanshitsu,6
113699,linnet,2034,Lovely★Complex,10
984845,Kekar,31318,Comet Lucifer,7
51960,RedWolf,76,Mahou Shoujo Lyrical Nanoha,5
943665,mani_donte,24,School Rumble,7
305642,CaptHAF11,461,One Piece Movie 03: Chinjuu-jima no Chopper Oukoku,9
435166,TimmoL,143,Kannazuki no Miko,6
537005,TataPsychopata,4744,Akaneiro ni Somaru Saka,7
463167,Broman,433,"Kumo no Mukou, Yakusoku no Basho",8
327204,NEEXT,8277,Hyakka Ryouran: Samurai Girls,9
1263217,djoleary,4063,Sekirei,9
2276,Sitha,17741,Kimi no Iru Machi,7
1256729,Nixini,6547,Angel Beats!,8
484366,Crystos12,2167,Clannad,9
321484,Gin-Senpai,10578,C³,8
1179219,jffearbkhlhgjgjg,532,Bishoujo Senshi Sailor Moon S,10
378572,Takata,35672,Yama no Susume Third Season,8
89364,fred62,5764,Zero no Tsukaima: Princesses no Rondo - Yuuwaku no Sunahama,8
1175721,hanzzzz89,37078,Quanzhi Gaoshou Specials,8
505837,Rincchi,15687,Chuunibyou demo Koi ga Shitai! Lite,6
41042,Kamidoni,2404,Zombie-Loan,9
315376,Kuunvarjo,9963,Detective Conan Movie 15: Quarter of Silence,10
435974,garyoaklol,28171,Shokugeki no Souma,10
31711,Dave_Everdeen,29998,Asobi ni Iku yo!: Asobi ni Oide - Owari,3
16298,MJGPIMPIN,23289,Gekkan Shoujo Nozaki-kun,8
445795,GrimX,37976,Zombieland Saga,8
393976,tomosatsui,11235,Amagami SS+ Plus,7
94716,Ryoumei,48561,Jujutsu Kaisen 0 Movie,8
290345,osteo,15689,Nekomonogatari: Kuro,8
1488,Sceleris,841,Colorful,6
1238017,Jyu_Viole_Grace,880,Aa! Megami-sama! Sorezore no Tsubasa,10
444639,RelicDemon,9989,Ano Hi Mita Hana no Namae wo Bokutachi wa Mada Shiranai.,6
403641,ls95,1222,Bokura ga Ita,8
813923,orwahwardat,146,Kono Minikuku mo Utsukushii Sekai,7
80867,MeiaRan,4752,Vampire Knight Guilty,10
360676,Parkiet,20787,Black Bullet,6
25003,SoundHyp,133,Green Green,8
296702,Andazu,10156,Sacred Seven,6
328454,pyrce,7817,B-gata H-kei,9
378943,JustLain,23277,Saenai Heroine no Sodatekata,5
366303,F50NOS,8514,Break Blade Movie 2: Ketsubetsu no Michi,8
28331,sushi-InSAnE,1735,Naruto: Shippuuden,9
35577,PieHole,857,Air Gear,6
1237189,that-asian-kid,1689,Byousoku 5 Centimeter,10
515309,projectvirtue,34636,Ballroom e Youkoso,7
491052,BlackRei,34299,Digimon Adventure tri. 4: Soushitsu,7
511307,alexc612,30,Neon Genesis Evangelion,4
1195635,VirescentZephyr,6505,There She Is!!,8
1103679,Mirado,568,Bubblegum Crisis Tokyo 2040,6
342235,Wilczy,245,Great Teacher Onizuka,10
339718,canon_memphis,104,Ayashi no Ceres,10
562387,pacify,195,Onegai☆Teacher,7
337075,pachinko-police,24231,Hitsugi no Chaika: Avenging Battle,8
298505,tanoshii_boushi,490,Paniponi Dash!,8
107349,Deedlit,2847,Pokemon Movie 10: Dialga vs. Palkia vs. Darkrai,7
411124,Angelbox001,21339,Psycho-Pass Movie,10
55393,gaikamoku,1440,Ninja Mono,5
40719,Nano,3221,Shakugan no Shana-tan Movie,7
62973,Jing48,27821,Fate/stay night: Unlimited Blade Works Prologue,10
88613,black_vs_white,5150,Hatsukoi Limited.,7
104073,Koryu,16011,Tokyo Ravens,5
314598,Neverarine,257,Ikkitousen,4
737017,YuuriPL,6325,Naruto: Shippuuden Movie 3 - Hi no Ishi wo Tsugu Mono,9
1207641,superskinny,48569,86 Part 2,9
488253,bsaft,430,Fullmetal Alchemist: The Conqueror of Shamballa,10
491168,Night_Live,19367,Galilei Donna,10
106151,rickyjrbd,1313,Digimon Adventure 02,8
647471,baziol1234,35608,Chuunibyou demo Koi ga Shitai! Movie: Take On Me,9
310685,Aurabolt12,185,Initial D First Stage,7
114737,sirwence,23233,Shinmai Maou no Testament,7
90747,Korppi,9471,Baka to Test to Shoukanjuu: Matsuri,8
1084363,greinrift,21995,Ao Haru Ride,8
18609,yuudesu,61,D.N.Angel,7
302575,Natsuxx_fire,10431,"Baka to Test to Shoukanjuu: Matsuri - Sentaku ni Yotte Tenkai ga Kawaru ""LIPS Eizou""",7
490239,kyuu98,1363,Detective Conan Movie 04: Captured in Her Eyes,6
395000,Dafster,28623,Koutetsujou no Kabaneri,7
429557,Kagenokami,4835,Bleach Movie 3: Fade to Black - Kimi no Na wo Yobu,7
399069,asianJ5429,10087,Fate/Zero,9
24959,Aphexic,121,Fullmetal Alchemist,7
338646,anbc1994,4999,Asu no Yoichi!,7
488239,Soulinekk,7817,B-gata H-kei,8
413685,masticayescupe,10590,Reunion,6
919931,Faded_Illusion,15197,Code Geass: Boukoku no Akito 2 - Hikisakareshi Yokuryuu,8
471455,Darthsorrow,1840,Zero no Tsukaima: Futatsuki no Kishi,8
649357,BoneSenpai,4654,Toaru Majutsu no Index,8
1191815,Uchiose,35203,Isekai wa Smartphone to Tomo ni.,6
1066779,Beyourseelf,64,Rozen Maiden,10
1130641,Lilithstein,813,Dragon Ball Z,10
323501,theharshone,5177,Denpa-teki na Kanojo,9
2184,Zirgo,81,Kidou Senshi Gundam: Dai 08 MS Shoutai,7
46915,adatti,356,Fate/stay night,6
506796,Ichi-Nyu,934,Higurashi no Naku Koro ni,7
1076869,sol_hidden,38797,"Papa datte, Shitai",6
88087,ranka-chan,345,Eikoku Koi Monogatari Emma,10
325076,RWard,2421,Super Kuma-san,5
108057,holland6045,3653,Kurogane no Linebarrels,8
76037,Rikimaru_Ikusabe,1,Cowboy Bebop,10
361428,qaaz,138,Hunter x Hunter: Greed Island,9
856885,Gotita,934,Higurashi no Naku Koro ni,10
61125,YamiAtem,21863,Mangaka-san to Assistant-san to The Animation,4
463374,dinchess,59,Chobits,8
8105,Mekran,1686,Bleach Movie 1: Memories of Nobody,5
44941,nowol,53,Ai Yori Aoshi,7
557343,Silver_Marisol,9793,Senjou no Valkyria 3: Tagatame no Juusou,8
57680,Guernsey,317,Final Fantasy VII: Advent Children,9
57292,Sepyuff,120,Fruits Basket,8
739205,misterjap,35120,Devilman: Crybaby,8
420774,d0rkh4n,901,"Dragon Ball Z Movie 08: Moetsukiro!! Nessen, Ressen, Chougekisen",10
465263,Animalfangirl,853,Ouran Koukou Host Club,10
331516,OminousWrex,11843,Danshi Koukousei no Nichijou,7
364444,StuermJ,489,Kamichu!,7
22962,djdrocco,1339,Cool Devices,3
427356,Firs058,195,Onegai☆Teacher,9
364162,kuchikiL,31500,High School Fleet,8
342222,Sillfon,269,Bleach,9
117901,Chthonia,58,Blue Gender,6
535853,kiuB,2904,Code Geass: Hangyaku no Lelouch R2,10
1210445,Keldaris,1017,Majutsushi Orphen,9
1221761,TedJustice,265,Hajime no Ippo: Mashiba vs. Kimura,8
1203091,LaenaZ,6112,Shin Koihime†Musou,6
1214529,EsPwnage,6573,Darker than Black: Ryuusei no Gemini,5
1054795,emusiolina,5682,Phantom: Requiem for the Phantom,7
1206917,Superstormer666,20787,Black Bullet,6
72574,cdsboy,4246,Koukyoushihen Eureka Seven: Pocket ga Niji de Ippai,6
417448,drachryn,2605,Sayonara Zetsubou Sensei,9
104411,kurotan,4975,ChäoS;HEAd,8
1198559,TheCutieew,25777,Shingeki no Kyojin Season 2,8
392536,giblord,1604,Katekyo Hitman Reborn!,9
1210791,Volmarg,13125,Shinsekai yori,10
20550,Vizard,21067,Strange+,5
50058,makaryn,33047,Fate/Extra: Last Encore,4
53469,Deedz,3772,Saiko Robot Kombock,5
739757,Killawiffa,20785,Mahouka Koukou no Rettousei,6
1065691,GonzoArmstrong,73,Full Metal Panic! The Second Raid,8
440638,bt13,20,Naruto,8
98575,tsukasa-L,523,Tonari no Totoro,8
359673,Kanamchik,4765,Gunslinger Girl: Il Teatrino OVA,8
341842,romanwarrior84,37202,Radiant,7
1163013,Sir2win,48649,Fuuto Tantei,7
7170,HNTI,4196,Ikkitousen: Great Guardians,7
336289,kckitty88,20787,Black Bullet,8
426898,darkhalo180,226,Elfen Lied,5
1243937,thedamntrain,32901,Eromanga-sensei,6
20669,matandov,1132,Digimon Frontier,9
311666,FriendF,9253,Steins;Gate,9
313484,Kiinho,10798,Un-Go,8
101955,Trilioh,1691,Kaze no Stigma,6
420934,Matheson,849,Suzumiya Haruhi no Yuuutsu,7
474118,frtztrk,40056,Deca-Dence,7
559283,aytrax,11597,Nisemonogatari,9
2511,HGFenn85,14749,Ore no Kanojo to Osananajimi ga Shuraba Sugiru,8
59487,titman,72,Full Metal Panic? Fumoffu,7
85772,homovillain,15227,Kono Sekai no Katasumi ni,8
481114,LucasKEN,3464,Kemeko Deluxe!,10
41900,xz3120x,120,Fruits Basket,9
531095,GangstaWeeaboo,908,Fullmetal Alchemist: Premium Collection,7
446128,hakeya,37806,Gunjou no Magmell,7
24203,SaintMage,1546,Negima!?,10
67142,kittykun2011,6707,Kuroshitsuji II,9
1259931,willytoto,11777,Lupin III: Chi no Kokuin - Eien no Mermaid,7
304783,root,6675,Redline,8
408504,flpmni,16049,Toaru Kagaku no Railgun S,6
305143,Aefener,30709,Kamisama Hajimemashita: Kako-hen,9
425609,GrumpyKir,50602,Spy x Family Part 2,7
88552,Usagi-Kana,2928,.hack//G.U. Returner,8
12865,WingZero1223,22199,Akame ga Kill!,8
390726,Hiikage,6702,Fairy Tail,9
443997,Strangelover,7193,Aoi Bungaku Series,10
26928,Nebiros,1943,Paprika,10
1066121,LovelyLexi,143,Kannazuki no Miko,6
1076961,Heiyami,13333,Tari Tari,7
1053969,MrObsolete,889,Black Lagoon,9
505142,Usagi-Desu,223,Dragon Ball,10
445904,KaZenji,7054,Kaichou wa Maid-sama!,6
1198407,jackal9006,2926,Myself; Yourself,9
436680,saintayu,38003,Bungou Stray Dogs 3rd Season,9
426463,matchetator,5065,Detroit Metal City: Birth of the Metal Devil,8
365979,Zefirus,14513,Magi: The Labyrinth of Magic,10
377145,thefuzzyhamster,1222,Bokura ga Ita,7
1060297,lucasandrier,199,Sen to Chihiro no Kamikakushi,9
1231049,radekg12,10897,Boku wa Tomodachi ga Sukunai: Yaminabe wa Bishoujo ga Zannen na Nioi,9
1127917,Ownji,226,Elfen Lied,9
429216,IZEROII,26085,Military!,7
45975,Battoushin,7193,Aoi Bungaku Series,9
3034,carrots,32281,Kimi no Na wa.,8
421005,Jaooooo,10521,Working'!!,8
1218593,memoonlemon,10804,"Ikoku Meiro no Croisée The Animation: Ongakkai ""Récital""",10
15410,kevinayP,477,Aria the Animation,10
348611,Sajju,6875,Iron Man,5
5703,SquallAce,1210,NHK ni Youkoso!,9
412471,einziger,40748,Jujutsu Kaisen,10
464958,bllazzer,10087,Fate/Zero,8
466324,SolKanar,38480,Toaru Kagaku no Accelerator,4
45156,Daru,32,Neon Genesis Evangelion: The End of Evangelion,8
444943,Sumomo4ka,28677,Yamada-kun to 7-nin no Majo,10
620011,Myrmidon83,10897,Boku wa Tomodachi ga Sukunai: Yaminabe wa Bishoujo ga Zannen na Nioi,5
42775,Taiyo,596,Chobits: Chibits,10
1199169,kimikoprincess,22729,Aldnoah.Zero,10
8126,pewfessional,1694,iDOLM@STER Xenoglossia,8
428740,Quatris,880,Aa! Megami-sama! Sorezore no Tsubasa,5
648341,Gui_MD,30831,Kono Subarashii Sekai ni Shukufuku wo!,9
70095,HiyonoSaeko,158,Maria-sama ga Miteru,10
442483,EmpressSeiChan,33,Kenpuu Denki Berserk,9
26522,garnet,32648,Handa-kun,5
35856,Demilich1988,57,Beck,9
504638,Ryokoful,205,Samurai Champloo,6
1096109,Masoles,48661,JoJo no Kimyou na Bouken Part 6: Stone Ocean,8
395598,Maroona9,8074,Highschool of the Dead,8
20870,KY791,8425,Gosick,7
1139059,LiquidGold,31637,"Gate: Jieitai Kanochi nite, Kaku Tatakaeri Part 2",8
5478,Orb,20517,Little Busters! EX,10
97708,bluemer,3392,Kiniro no Corda: Primo Passo - Hitonatsu no Encore,7
494108,Salamandastron,1559,Shijou Saikyou no Deshi Kenichi,6
553501,Natodayo,6045,Kimi ni Todoke,8
508140,Leilaila,532,Bishoujo Senshi Sailor Moon S,8
981125,samuelzz01,246,Groove Adventure Rave,9
63841,logiwingman,8407,Sora no Otoshimono Forte,7
457673,Hellkite,6045,Kimi ni Todoke,8
708255,Re_Hikari,121,Fullmetal Alchemist,9
323989,duhovnik,121,Fullmetal Alchemist,6
419206,MrMosbka,7088,Ichiban Ushiro no Daimaou,8
427782,Sithy,4898,Kuroshitsuji,8
433209,me25,481,Yu☆Gi☆Oh! Duel Monsters,9
16267,SetsunaFZero,3062,Futago no Haha Seihonnou,3
638641,M4L1y,37719,High School DxD Hero: Taiikukan-ura no Holy,8
1273367,dante-gl,5630,Higashi no Eden,8
115430,KeisukeCK,67,Basilisk: Kouga Ninpou Chou,6
501610,xClairex,60,Chrno Crusade,10
98093,Elyccino,10793,Guilty Crown,3
575877,Hekshi,35798,Detective Conan Movie 22: Zero the Enforcer,7
37210,ptitejuju,8211,Dance in the Vampire Bund: Special Edition,2
554165,Lukinin,2889,Bleach Movie 2: The DiamondDust Rebellion - Mou Hitotsu no Hyourinmaru,7
59859,Mystic_Spirit,13587,Persona 4 the Animation: No One is Alone,5
412925,fuyuka,48643,Koi wa Sekai Seifuku no Ato de,7
87314,Aris18,532,Bishoujo Senshi Sailor Moon S,7
567533,Karath,6702,Fairy Tail,7
511878,chu-san,340,Mutsu Enmei Ryuu Gaiden: Shura no Toki,9
1211539,tamahome10,68,Black Cat (TV),6
297860,SlayMagical,49979,Akuyaku Reijou nanode Last Boss wo Kattemimashita,8
329245,UsagiiSan,507,Gravitation: Lyrics of Love,6
1060189,Aeyrie,42976,Biohazard: Infinite Darkness,6
396680,Sesshou,7769,Ookami-san to Shichinin no Nakama-tachi,6
55322,true_cricket,3231,Gunslinger Girl: Il Teatrino,8
25836,Leninha,120,Fruits Basket,4
62441,Oryon,493,Armitage III: Poly-Matrix,7
393676,Akira_Tairo,4752,Vampire Knight Guilty,8
356189,Shinigami_Blade,44511,Chainsaw Man,8
115500,Onizouka,3515,Saint Seiya: Meiou Hades Elysion-hen,8
320400,Lavenda,2041,Ai to Yuuki no Pig Girl Tonde Buurin,7
356118,iLyoshi,20,Naruto,7
1187927,kukurumu,14227,Tonari no Kaibutsu-kun,9
1146151,MonkeyDMills,205,Samurai Champloo,8
351955,Lazeil,11887,Kokoro Connect,9
462464,aymah,2154,Tekkon Kinkreet,9
302473,Defqon,3166,Ayakashi,5
391875,GnarlsBarkley,918,Gintama,10
1279623,alluensse,934,Higurashi no Naku Koro ni,10
106134,Obscure_Master,11241,Brave 10,8
1123121,YukiRyuugu,3712,Zero no Tsukaima: Princesses no Rondo,9
80159,Narutaki,10379,Natsume Yuujinchou San,8
46780,KidKaBOOM,3588,Soul Eater,10
419133,moonie11355,7674,Bakuman.,9
351857,dohi,6484,Chokin Senshi Cashman,8
1218255,Forbbidenx,6951,Yu☆Gi☆Oh! Movie: Chou Yuugou! Toki wo Koeta Kizuna,8
470001,Justus_,18153,Kyoukai no Kanata,5
35352,nanakiangel23,393,Escaflowne,8
401111,Stephishy,33222,Fudanshi Koukou Seikatsu,6
41132,rawriarebunnie,32827,B: The Beginning,7
346502,Qeris,7593,Kiss x Sis (TV),8
979789,Loreandlaw,11179,Papa no Iukoto wo Kikinasai!,8
7637,Azuriel,11739,Kimi to Boku. 2,7
639029,MrAndreGoku,534,Slayers,7
45971,sinox_mayer,121,Fullmetal Alchemist,6
33658,Yunarashi,120,Fruits Basket,8
325196,Britva,40417,Fruits Basket 2nd Season,7
420416,mohas,395,Gantz 2nd Stage,6
34011,keitasama,180,Vandread,8
2029,kuroraka,11285,Black★Rock Shooter (TV),6
542013,FyreFli,20057,Space☆Dandy,5
119210,ClementIV,13655,Little Busters!,8
643261,ActiveEater,31251,Kidou Senshi Gundam: Tekketsu no Orphans,7
5703,SquallAce,395,Gantz 2nd Stage,5
73375,R_asuka,6862,K-On!: Live House!,8
404825,echonettle,11061,Hunter x Hunter (2011),10
4803,Traversy,1593,Azumanga Web Daiou,7
1133,BlueFoxAngel,44511,Chainsaw Man,9
1125223,BlueMoonKat,17419,Dog Days' Specials,5
444880,ahmetsozen1988,6772,Break Blade Movie 1: Kakusei no Toki,8
512311,Kletian,6045,Kimi ni Todoke,10
43160,adventurer_killy,490,Paniponi Dash!,7
4690,TAB,10209,Kore wa Zombie desu ka? OVA,6
1118437,YukiKodomo,4981,Casshern Sins,5
503066,Lamark,10798,Un-Go,8
480984,Jarkoh558,34751,Blood Lad: Kanketsu Kinen,7
62321,Shino-Bakura,5671,Saki,6
429305,ItsCrisBoI,13601,Psycho-Pass,9
408406,slayervirus,9062,Angel Beats! Specials,9
9656,rah-rah,1482,D.Gray-man,9
42880,Deadhouse,49612,Ningen Fushin no Boukensha-tachi ga Sekai wo Sukuu you desu,6
587943,MilesSs,19191,Koukaku Kidoutai Arise: Ghost in the Shell - Border:2 Ghost Whispers,9
362518,WNxHellRaver,269,Bleach,8
18616,KitsuneAsika,20507,Noragami,8
10755,animemark35,5216,D.C.if: Da Capo if,7
524011,Aich,23321,Log Horizon 2nd Season,6
531501,twim2004,7436,Dragon Quest: Dai no Daibouken Tachiagare!! Aban no Shito,7
109861,Cabegna,3210,Ikoku Irokoi Romantan,5
415333,Takashi_O,903,Dragon Ball Z Movie 10: Kiken na Futari! Super Senshi wa Nemurenai,8
1207145,Alucard77,28621,Subete ga F ni Naru,5
393598,ranka_8689,5300,Zoku Natsume Yuujinchou,8
407509,MrHater,44,Rurouni Kenshin: Meiji Kenkaku Romantan - Tsuioku-hen,9
468632,PsyKenny,45,Rurouni Kenshin: Meiji Kenkaku Romantan,6
33250,Meatrose,10800,Chihayafuru,5
1120245,OceanShark,12069,Hajime no Ippo: Boxer no Kobushi,9
343942,shion66618,7054,Kaichou wa Maid-sama!,10
1290237,Ullianna,1576,Bakumatsu Kikansetsu Irohanihoheto,6
33676,Hoothoot,9252,Break Blade Movie 3: Kyoujin no Ato,9
77570,Syfurs,157,Mahou Sensei Negima!,8
3095,StrawberryPrince,5029,Major Movie: Yuujou no Winning Shot,7
418475,ninakiller,9062,Angel Beats! Specials,5
5722,DeoxysPrime,12883,Tsuritama,8
299590,NATEDOGG9666,3927,Kidou Senshi Gundam 00 Second Season,10
101056,Kikalishi,2248,Naruto: Dai Katsugeki!! Yuki Hime Shinobu Houjou Dattebayo! - Konoha no Sato no Dai Undoukai,6
505692,toasterstrudel,1943,Paprika,6
97561,Furrek,9958,Hayate no Gotoku! Heaven Is a Place on Earth,6
430387,pointybee,39610,ACCA: 13-ku Kansatsu-ka - Regards,7
559469,Pheonix2o2,30709,Kamisama Hajimemashita: Kako-hen,8
1181917,Hawnda,30346,Doukyuusei (Movie),4
302473,Defqon,2952,Final Fantasy VII: Advent Children Complete,9
26488,nijuu,3092,Junjou Romantica,8
394398,FairyCorpse,41521,WIXOSS Diva(A)Live,8
45538,mizanonimous,2928,.hack//G.U. Returner,8
475421,Mitsukizzy,40262,Haikyuu!! Riku vs. Kuu,8
1069093,arturordz3000,21085,Witch Craft Works,9
402275,RJ_Calimlim,121,Fullmetal Alchemist,7
45411,Aya-chan,10491,Higurashi no Naku Koro ni Kira,6
380810,slu,3457,Vampire Knight,7
20900,prophetnite,1074,Naruto Narutimate Hero 3: Tsuini Gekitotsu! Jounin vs. Genin!! Musabetsu Dairansen Taikai Kaisai!!,7
740547,szaza666,10074,Toriko 3D: Kaimaku Gourmet Adventure!!,7
489480,hardcode,10721,Mawaru Penguindrum,9
367747,Tarrey,5941,Cross Game,8
903795,AnonUserX,14837,Dragon Ball Z Movie 14: Kami to Kami,10
290066,Hellcat240,1735,Naruto: Shippuuden,5
6129,GomuBlade,9919,Ao no Exorcist,7
116134,Zarbis,9515,Highschool of the Dead: Drifters of the Dead,7
355896,OOM911,6347,Baka to Test to Shoukanjuu,9
1054569,Smior,16668,Kakumeiki Valvrave,9
465583,axzie,14047,Ikusa Otome Valkyrie G,7
28552,Ryzen,1575,Code Geass: Hangyaku no Lelouch,10
699329,parul,6610,Ibara no Ou,5
513356,Arkh,4186,Chrome Shelled Regios,7
565471,Kashiyuu,552,Digimon Adventure,8
1203777,Alahue,2025,Darker than Black: Kuro no Keiyakusha,10
380674,theatot,6922,Fate/stay night Movie: Unlimited Blade Works,8
305157,Fierla,33337,ACCA: 13-ku Kansatsu-ka,9
371082,Sagara02,14833,Maoyuu Maou Yuusha,8
1081549,haruka-tenoh,32,Neon Genesis Evangelion: The End of Evangelion,8
44274,Kisho_Himura,1696,Murder Princess,8
57319,Len-77,10155,Dog Days,5
322431,Glamzilla,1,Cowboy Bebop,9
3380,Tracer_Senpai,4473,Shoujo Sect,8
47393,The-Otaku,240,Genshiken,10
13203,Rahkshilord,637,Iketeru Futari,8
522195,Miss-Hanabira,4224,Toradora!,6
457352,Altrouge_,13171,Wasurenagumo,7
485659,ChibiHaruka,5112,Akikan!,6
502194,Sanchous,34566,Boruto: Naruto Next Generations,7
346886,Aethen,10087,Fate/Zero,8
505878,TwinSoul,5,Cowboy Bebop: Tengoku no Tobira,6
1243085,lulabya10,11741,Fate/Zero 2nd Season,8
304407,kamiookami,1519,Black Lagoon: The Second Barrage,8
556107,corneal35,19,Monster,4
491339,SlantedSpade,268,Golden Boy,10
300716,HalfAcer,28,Yakitate!! Japan,7
298922,ratratrat098,202,Wolf's Rain,4
315044,xlvietlx,124,Fushigi Yuugi: Eikouden,3
504631,Luxland,8557,Shinryaku! Ika Musume,7
1211993,RastiGhost,356,Fate/stay night,10
355022,Yuukachan,120,Fruits Basket,10
414713,MarissaChan,26243,Owari no Seraph,8
421157,Hissori,34382,Citrus,6
6472,Airamith,1222,Bokura ga Ita,8
298248,Soltari,10638,Denpa Onna to Seishun Otoko: Mayonaka no Taiyou,6
1273747,DarkIrek,1943,Paprika,7
108173,yachia,356,Fate/stay night,8
340820,Aieru,8424,MM!,7
529253,Oo-Muda-Senpai,2602,Kenkou Zenrakei Suiei-bu Umishou,8
321780,Powle,205,Samurai Champloo,10
349879,TruGangStar5009,2251,Baccano!,9
107585,geogaia,19163,Date A Live II,10
323357,Trosik,7088,Ichiban Ushiro no Daimaou,8
74540,assaf6,897,Dragon Ball Z Movie 04: Super Saiyajin da Son Gokuu,7
528325,MaleusDarkblade,9253,Steins;Gate,9
477406,superTramp92,48926,"Komi-san wa, Comyushou desu.",7
102638,amiyusoku,2034,Lovely★Complex,9
115374,lilama812,220,Kuro no Danshou,6
366295,Psychotik,8934,Star Driver: Kagayaki no Takuto,5
388105,Djisas,379,Heppoko Jikken Animation Excel♥Saga,9
415103,Lord_Vizard,1254,Saint Seiya,9
548175,cdonham,8937,Toaru Majutsu no Index II,10
17303,Acolytic,4196,Ikkitousen: Great Guardians,7
1198771,shiizumi,15809,Hataraku Maou-sama!,7
63905,WillKR,8246,Naruto: Shippuuden Movie 4 - The Lost Tower,5
14366,Eire,440,Shoujo Kakumei Utena,10
397502,Derbmeister,9776,A-Channel,5
482477,yeahreally,9289,Hanasaku Iroha,7
475871,tootie,19511,Naruto: Shippuuden - Sunny Side Battle,8
506791,MD_tgl,1575,Code Geass: Hangyaku no Lelouch,9
31731,Numi,6857,Momotarou no Umiwashi,5
462464,aymah,5,Cowboy Bebop: Tengoku no Tobira,10
506347,Traicion,10049,Nurarihyon no Mago: Sennen Makyou,6
1196791,simon_aka_h8,11617,High School DxD,8
38224,Nextexit,272,Noir,6
114987,profuse101,953,Juu Ou Sei,6
542725,Ibsneaky,2167,Clannad,9
378027,_Lawliet_,13807,Corpse Party: Missing Footage,7
468109,Besuro,38000,Kimetsu no Yaiba,9
1215343,TheBitmask,1735,Naruto: Shippuuden,7
310231,ginewer,687,Tokyo Mew Mew,7
304108,Nakrul,4786,Kodomo no Jikan Recap,5
318467,TrueMusou4432,2248,Naruto: Dai Katsugeki!! Yuki Hime Shinobu Houjou Dattebayo! - Konoha no Sato no Dai Undoukai,7
14050,Satoko,10681,Blood-C: The Last Dark,7
333751,Ying-,3457,Vampire Knight,3
93931,Aboraash,617,Juubee Ninpuuchou,7
1264615,hishehim,185,Initial D First Stage,8
549325,desuLamperouge,2904,Code Geass: Hangyaku no Lelouch R2,10
363965,purgatorio,996,Bishoujo Senshi Sailor Moon: Sailor Stars,7
1084857,checkmate_19,763,Zoids,10
492791,Nishii,5530,Pandora Hearts,7
304108,Nakrul,37987,Violet Evergarden Movie,7
373241,Shouki,237,Koukyoushihen Eureka Seven,9
390941,Conan_Ranpo_san,31405,Joker Game,6
341568,dszx,2251,Baccano!,10
420583,Konakonz,16051,Ro-Kyu-Bu! SS,7
36336,_EndeR_,4901,Black Lagoon: Roberta's Blood Trail,8
987013,StormFangX,269,Bleach,9
373763,Sora-Phantomhive,6895,Hakuouki,9
83927,Ryjek,52211,Mashle,7
1205059,CemeteryRiot,10408,Hotarubi no Mori e,10
476646,Moulinex365,247,Harukanaru Toki no Naka de: Hachiyou Shou,10
1066719,gonza456,4437,Naruto: Shippuuden Movie 2 - Kizuna,5
444098,sebmr2,24,School Rumble,5
638549,BrassFerandom,31715,Working!!! Lord of the Takanashi,7
40496,Jumoji,37347,Dungeon ni Deai wo Motomeru no wa Machigatteiru Darou ka II,8
481698,Zuriczi,3455,To LOVE-Ru,7
1116449,ReToX,7,Witch Hunter Robin,9
2158,evolutionrefrag,861,xxxHOLiC,7
505287,Ireilas,8908,Tales of Symphonia The Animation: Kaette Kita Kratos-sensei no Private Lesson,4
316284,maliceOfSkies,976,Yokohama Kaidashi Kikou: Quiet Country Cafe,8
300268,I3ladeDragon,36475,Sword Art Online Alternative: Gun Gale Online,7
4296,Endo,5081,Bakemonogatari,10
84743,Nef_,3485,Koukaku Kidoutai: Stand Alone Complex 2nd GIG - Tachikoma na Hibi,6
1114055,Cyus,12189,Hyouka,4
474118,frtztrk,11701,Another: The Other - Inga,7
107944,kneekey,512,Majo no Takkyuubin,8
538695,Peskus,877,Nana,6
529021,Kenji0009,330,Midori no Hibi,8
316692,GabMunhoz,4382,Suzumiya Haruhi no Yuuutsu (2009),9
507817,VictoriaLyn,6547,Angel Beats!,7
294267,JawsDark,30831,Kono Subarashii Sekai ni Shukufuku wo!,9
489522,Deathtoy25,223,Dragon Ball,10
301270,tiger_cub,102,Aishiteruze Baby★★,5
497365,wonderstruckkkk,9919,Ao no Exorcist,10
346707,octa123456,1536,Busou Renkin,8
1076381,Heresiya,1117,Pokemon Movie 02: Maboroshi no Pokemon Lugia Bakutan,7
78083,arbitrarysilo85,11771,Kuroko no Basket,8
522503,quater200,205,Samurai Champloo,6
314380,Xeon800,8624,Digimon Xros Wars,8
358323,andkaoz,67,Basilisk: Kouga Ninpou Chou,10
314598,Neverarine,37716,Beelzebub-jou no Okinimesu mama.,7
1266539,riorbacchi,512,Majo no Takkyuubin,10
83108,goszka,1108,Senkaiden Houshin Engi,2
536389,misterJ,3701,Kaiba,9
299481,duowen,339,Serial Experiments Lain,10
566079,xoenea,16444,Mondaiji-tachi ga Isekai kara Kuru Sou desu yo?: Onsen Manyuuki,7
921501,Vitao,17729,Grisaia no Kajitsu,9
322023,Rena-chanKawaii,1808,Kamichama Karin,8
1078295,GLoBaLL_Gio,3848,"One Piece Movie 09: Episode of Chopper Plus - Fuyu ni Saku, Kiseki no Sakura",8
42990,Hubsche,298,.hack//Tasogare no Udewa Densetsu,5
330360,ezzybellie,7088,Ichiban Ushiro no Daimaou,8
98853,sealedfate66,2198,Aa! Megami-sama! Sorezore no Tsubasa Specials,9
14752,gaiden,781,Detective Conan Movie 03: The Last Wizard of the Century,9
1124115,TheLastTest,4163,Seto no Hanayome OVA,8
1170323,oedor,37520,Dororo,8
14306,Rychu,4981,Casshern Sins,9
35600,KaleidoKirby,2198,Aa! Megami-sama! Sorezore no Tsubasa Specials,9
340107,lawutras,1860,Tokyo Majin Gakuen Kenpucho: Tou,9
402509,leegaara,7647,Arakawa Under the Bridge,6
3835,The-sessh25,512,Majo no Takkyuubin,9
493355,lunuju,6594,Katanagatari,8
328087,Cho,10029,Coquelicot-zaka kara,10
27366,miricalestar,49320,Detective Conan Movie 25: Halloween no Hanayome,7
513460,viktorihoney,918,Gintama,8
988,Hirako,68,Black Cat (TV),5
487653,Martusino,1519,Black Lagoon: The Second Barrage,7
9127,MangaKa-ju89,164,Mononoke Hime,7
952505,-Luthien-,12445,Tasogare Otome x Amnesia,8
1083017,EmoRikki,777,Hellsing Ultimate,8
1211735,Aiven_Gor,3091,xxxHOLiC◆Kei,9
620791,Drama-Sama,16397,Photokano,6
102929,simo000,2904,Code Geass: Hangyaku no Lelouch R2,10
468039,Skyla,96,Kidou Butouden G Gundam,8
871493,goes,16894,Kuroko no Basket 2nd Season,8
1148817,vlliW,32887,Dungeon ni Deai wo Motomeru no wa Machigatteiru Darou ka Gaiden: Sword Oratoria,9
99103,Drekier,269,Bleach,8
51156,Sil,1535,Death Note,5
1282943,oxana1402,1324,Earthian,7
1205835,muriluz,31665,Hibike! Euphonium: Kakedasu Monaka,9
1169347,MilhoW,894,Dragon Ball Z Movie 01: Ora no Gohan wo Kaese!!,7
458390,d-prophet,2985,Majin Tantei Nougami Neuro,5
1115869,Antoniowg6,2251,Baccano!,8
327953,Nitzy,450,InuYasha Movie 2: Kagami no Naka no Mugenjo,9
44183,spartiate,27,Trinity Blood,7
106993,Kagura_Chan,71,Full Metal Panic!,9
1148759,4xposed,30240,Prison School,9
432387,Rory,16782,Kotonoha no Niwa,9
1116815,Xhyko,1723,Clannad Movie,9
337236,TenKetsu,16866,Tonari no Kaibutsu-kun: Tonari no Gokudou-kun,6
410141,Killamanik,5958,Sora no Otoshimono,8
1162317,Mi-dori,5678,Kobato.,8
440123,x0xDragonfly,2034,Lovely★Complex,8
1138715,Eienshi,27899,Tokyo Ghoul √A,7
412862,Daisetsu-bushido,34984,Koi wa Ameagari no You ni,8
26679,psygremlin,31376,Flying Witch,7
443916,Xamil,8142,Colorful (Movie),9
372104,EshkiMakareshki,1686,Bleach Movie 1: Memories of Nobody,8
446928,nova27,8311,Tegamibachi Reverse,6
1246119,Nekogatari,21821,Fuuun Ishin Dai☆Shogun,10
82499,Lolivov,4477,Nodame Cantabile: Paris-hen,10
402046,adi44443,4835,Bleach Movie 3: Fade to Black - Kimi no Na wo Yobu,9
377161,Gridley17,23321,Log Horizon 2nd Season,7
73174,BeigeBox,3247,Love Hina Final Selection,6
1124341,ahmedxwm,15689,Nekomonogatari: Kuro,9
357154,slinky_slink,121,Fullmetal Alchemist,4
423848,scottyseng,8676,Amagami SS,7
347542,jagleny,26441,Junketsu no Maria,5
400509,Smiti234,5630,Higashi no Eden,9
1121387,lleuku,7311,Suzumiya Haruhi no Shoushitsu,7
1080499,HollaKoala,12031,Kingdom,8
1104279,Smashman100,563,DNA²,7
507263,ProteanAdvark,32801,Dungeon ni Deai wo Motomeru no wa Machigatteiru Darou ka OVA,8
557705,Lisaamoo,449,InuYasha Movie 4: Guren no Houraijima,8
441344,Kachi,1210,NHK ni Youkoso!,8
32874,makorihi,5675,Basquash!,8
107552,asdgwqvcbg,226,Elfen Lied,10
451604,Randoooshah,10379,Natsume Yuujinchou San,8
1197737,KarasuGummi,5680,K-On!,7
503872,JouinUP,12113,Berserk: Ougon Jidai-hen II - Doldrey Kouryaku,8
45405,Ash-Falls-Town,30705,Makura no Danshi,6
2557,piecemealcranky,10568,Kamisama no Memochou,7
395580,NatsuFx,1313,Digimon Adventure 02,6
319226,stoneworld,1060,Oruchuban Ebichu,8
87533,ZeroBreaker,986,Dragon Ball Z Special 1: Tatta Hitori no Saishuu Kessen,9
117220,deetz,27947,Lupin III (2015),5
404348,DeidaraFly,14467,K,7
109142,F_Ren_Brahma,2963,Minami-ke,8
64108,Hieronym,4078,Kyou no 5 no 2 Kagai Jugyou: Mizukake,9
384679,meridan,22547,Blade & Soul,8
1261543,PBnJaime,1412,Lupin III,9
538917,mitch3315,17791,Kyoto Animation: Ikitaku Naru Omise-hen,7
22551,animebrainyanic,2014,Taiho Shichau zo: Second Season,6
1180077,Claude_Kenny,23153,Hayate no Gotoku! OVA,7
554259,FoxNews,28623,Koutetsujou no Kabaneri,7
90410,imbeleth,3375,Kirepapa.,7
29460,kAzeio,134,Gunslinger Girl,4
62481,Rejar,460,One Piece Movie 02: Nejimaki-jima no Daibouken,7
74739,Eberhart,372,Cardcaptor Sakura Movie 2: Fuuin Sareta Card,7
107251,crimotaku,6351,"Clannad: After Story - Mou Hitotsu no Sekai, Kyou-hen",10
542221,Leckie,6045,Kimi ni Todoke,6
1067673,Nioavellir,3470,Special A,6
1078111,accelerate,5079,Kurokami The Animation,7
1136349,dragonester,32878,ēlDLIVE,7
1284149,ProfDoctorGir,31553,Charlotte: Tsuyoimono-tachi,7
439907,Arcued,2597,Detective Conan OVA 07: A Challenge from Agasa! Agasa vs. Conan and the Detective Boys,6
466597,GabrielKatsu,31564,Sansha Sanyou,7
26914,cwdou,121,Fullmetal Alchemist,9
39359,cobaltmdn,2952,Final Fantasy VII: Advent Children Complete,7
367753,Yurikuro,12413,Jormungand,7
449556,Kinozo,1965,Sola,7
506910,Mikki16,45,Rurouni Kenshin: Meiji Kenkaku Romantan,10
96191,TheCatMan,205,Samurai Champloo,7
1124005,IsotropicArmilla,7791,K-On!!,10
371646,Hisokas_baby,17513,Diabolik Lovers,4
66600,status,28223,Death Parade,10
422251,onted,4181,Clannad: After Story,7
88337,Neesha,8426,Hourou Musuko,6
552273,insaneaj,34280,Gamers!,7
316315,Tamura,8460,Mirai Nikki,6
532819,kimimarux,5114,Fullmetal Alchemist: Brotherhood,10
400466,spyrocoot,1237,One Piece: Oounabara ni Hirake! Dekkai Dekkai Chichi no Yume!,4
317406,Pirsson,5530,Pandora Hearts,7
17989,Blackmanta,2787,Shakugan no Shana II (Second),7
447091,MrGorskiy,431,Howl no Ugoku Shiro,8
117029,Tierce,1003,Aa! Megami-sama! (TV) Specials,5
75874,sylphkeeper,3091,xxxHOLiC◆Kei,8
4654,disgust,4879,Mouryou no Hako,7
1126219,eddie93,48736,Sono Bisque Doll wa Koi wo Suru,7
1053677,Iggle_,28701,Fate/stay night: Unlimited Blade Works 2nd Season,9
529787,justaury,6324,Omamori Himari,7
290569,dorkface__,4262,Koihime†Musou,8
385995,Ryuukasu,5306,Tales of Symphonia The Animation: Tethe'alla-hen,9
465530,ChaosXen,10460,Kimi to Boku.,7
24913,ranalinde,2175,Kino no Tabi: The Beautiful World - Byouki no Kuni - For You,9
370188,PicoLoo,11739,Kimi to Boku. 2,10
27028,Tii__,5369,Street Fighter IV: Aratanaru Kizuna,6
1120241,killadeex8x,384,Gantz,6
74450,strangeone94,935,Witchblade,6
1522,protoman96,355,Shakugan no Shana,5
352481,alk3rio97,15583,Date A Live,8
426440,SiiN,2890,Gake no Ue no Ponyo,8
392064,Dragosani7,28121,Dungeon ni Deai wo Motomeru no wa Machigatteiru Darou ka,9
469285,heartworms,2952,Final Fantasy VII: Advent Children Complete,6
309485,batossai,24231,Hitsugi no Chaika: Avenging Battle,7
110113,demokan,5310,Macross F Movie 1: Itsuwari no Utahime,8
368601,ecka,8676,Amagami SS,6
323370,shushay,6610,Ibara no Ou,8
77198,RedButterfly,25,Sunabouzu,7
88433,MirageB,3457,Vampire Knight,7
1229913,seesaika,49470,Mamahaha no Tsurego ga Motokano datta,3
562693,Luna19950223,32983,Natsume Yuujinchou Go,8
60304,hiyoriasahina,10588,Persona 4 the Animation,8
325450,Ashente,9379,Denpa Onna to Seishun Otoko,7
425523,Brainsniff,51381,RWBY: Hyousetsu Teikoku,7
337595,cakufiora,13759,Sakura-sou no Pet na Kanojo,7
13825,BlackMagic,1709,Pokemon: Mewtwo! Ware wa Koko ni Ari,7
17029,Xoum,7674,Bakuman.,7
109907,melink14,321,Najica Dengeki Sakusen,7
93508,elkoe,317,Final Fantasy VII: Advent Children,8
373895,astroprogs,384,Gantz,1
350969,ariamachi,9062,Angel Beats! Specials,8
530467,KiariChikitoka,789,Shinigami no Ballad.,10
542785,Kamiu,26123,Seitokai Yakuindomo* OVA,5
448135,Bublgum,109,Bakuretsu Tenshi,5
354603,tiger21us,9065,Hakuouki: Hekketsuroku,7
365463,Ori-chan,384,Gantz,8
365586,kuyarawa,10397,Mashiro-iro Symphony: The Color of Lovers,7
517799,Genmu,25013,Akatsuki no Yona,8
304205,denichan,507,Gravitation: Lyrics of Love,8
1171537,Gravewish,4059,"Clannad: Mou Hitotsu no Sekai, Tomoyo-hen",7
98827,naghazul,1575,Code Geass: Hangyaku no Lelouch,9
399902,Solva-tan,4177,Bounen no Xamdou,8
1214167,DaemonGenius,19775,Sidonia no Kishi,6
9309,ayaseyue,393,Escaflowne,8
29156,marinp1,101,Air,5
410577,karma-pudding,67,Basilisk: Kouga Ninpou Chou,8
408362,dranzephyr,387,Haibane Renmei,8
63671,foxia,3626,Shin Kidou Senki Gundam Wing: Operation Meteor,7
331579,homosev,35220,Youkai Apartment no Yuuga na Nichijou,7
506516,Malcanthet,1840,Zero no Tsukaima: Futatsuki no Kishi,8
77635,neomary85,1575,Code Geass: Hangyaku no Lelouch,9
1154565,dj3kErrors,1003,Aa! Megami-sama! (TV) Specials,5
443628,Pingophone,7322,Needless+: Saint Lily Gakuen no Himitsu,8
425523,Brainsniff,44931,Tonikaku Kawaii: SNS,7
95655,desolation13,3467,Nogizaka Haruka no Himitsu,9
328261,TrueUchiha,38084,Fate/Grand Order: Zettai Majuu Sensen Babylonia,9
94755,pktazn,44,Rurouni Kenshin: Meiji Kenkaku Romantan - Tsuioku-hen,9
795375,Mikimoo,100,Shin Shirayuki-hime Densetsu Prétear,8
11253,zer0demonseed,2026,Hayate no Gotoku!,7
23023,Rolex,1818,Claymore,6
1096189,OtomeinHell,30458,"Tokyo Ghoul: ""Jack""",7
399137,blackboots1337,8630,Hidan no Aria,7
33342,chinpokomon,15687,Chuunibyou demo Koi ga Shitai! Lite,8
1237835,Lazyshutin,2251,Baccano!,9
58948,eclipter,28701,Fate/stay night: Unlimited Blade Works 2nd Season,9
28256,Morkula,1731,Tales of Symphonia The Animation: Sylvarant-hen,7
328046,Mobilesuit01,370,Burn Up Excess,7
361906,ofx360,18497,Yozakura Quartet: Hana no Uta,7
1147285,Ghbrn15,84,Kidou Senshi Gundam 0083: Stardust Memory,8
374964,Aggresivesnakes,15377,Hyakka Ryouran: Samurai Bride,8
1090235,Madawk,23277,Saenai Heroine no Sodatekata,8
488986,ghikij,7311,Suzumiya Haruhi no Shoushitsu,10
413327,vodopad,1557,Shounen Onmyouji,6
346265,taitai,270,Hellsing,9
558117,O01eg,35079,Kino no Tabi: The Beautiful World - The Animated Series,10
1243123,Krazier,2904,Code Geass: Hangyaku no Lelouch R2,8
414397,Nicollas16,33050,Fate/stay night Movie: Heaven's Feel - III. Spring Song,10
101675,Armoks,5030,Maria†Holic,6
466733,Toukai,762,Bleach: Memories in the Rain,7
91734,parsile,401,Rurouni Kenshin: Meiji Kenkaku Romantan - Seisou-hen,9
46846,hanibal32167,1604,Katekyo Hitman Reborn!,3
95237,ShadowThingy,412,Kore ga Watashi no Goshujinsama,10
602587,Kortox,13411,Guilty Crown: Lost Christmas - An Episode of Port Town,6
475905,Rose777,38680,Fruits Basket 1st Season,8
555407,robertas,225,Dragon Ball GT,10
491345,betski,2963,Minami-ke,7
491868,Rubesss,12029,Uchuu Senkan Yamato 2199,8
26836,JuicyBox,3887,Ookiku Furikabutte: Kihon no Kihon,9
1223059,JonSumisu,5114,Fullmetal Alchemist: Brotherhood,8
1100821,nekoma,10165,Nichijou,7
395841,DemonicReaper,28497,Rokka no Yuusha,6
6122,diony,713,Air Movie,8
6486,iwatch2muchanime,4792,Pokemon: Pikachu Tankentai,8
68044,keiinyaoiland,752,Osakana wa Ami no Naka,7
463618,shishio55,523,Tonari no Totoro,9
85060,vladtepes,1,Cowboy Bebop,10
430700,Virgothree,208,R.O.D: Read or Die,9
333897,TheMorningAche,2034,Lovely★Complex,10
1184195,Raikenzi,38573,Tsuujou Kougeki ga Zentai Kougeki de Ni-kai Kougeki no Okaasan wa Suki desu ka?,6
897487,sushiNasian,6773,Shakugan no Shana III (Final),10
333644,Gnano_77,4107,Tengen Toppa Gurren Lagann Movie 1: Gurren-hen,9
966389,minomino_kawaii,1606,Kekkaishi,8
347577,Kotarou-chan,4028,Slayers Revolution,7
89715,Al-chan,9969,Gintama',10
1280373,danna45,199,Sen to Chihiro no Kamikakushi,7
414347,Ukechandesu,30,Neon Genesis Evangelion,6
5478,Orb,31988,Hibike! Euphonium 2,8
361996,Seonix,4999,Asu no Yoichi!,7
1266845,TormentX,11179,Papa no Iukoto wo Kikinasai!,7
554297,PangitQuest,19193,Koukaku Kidoutai Arise: Ghost in the Shell - Border:3 Ghost Tears,10
379175,HalAnime,2593,Kara no Kyoukai Movie 1: Fukan Fuukei,9
29147,khenu,73,Full Metal Panic! The Second Raid,8
87963,FrankNL,6205,Kämpfer,8
390531,Maxcaz,27821,Fate/stay night: Unlimited Blade Works Prologue,8
36044,yagami_raito,1726,Devil May Cry,7
414347,Ukechandesu,4872,Goku Sayonara Zetsubou Sensei,7
470627,Devv,226,Elfen Lied,8
339811,DaniGirl914,40748,Jujutsu Kaisen,8
99660,Kavix0,29803,Overlord,8
312166,layren,22,Tennis no Ouji-sama,10
71880,LivingDeadNicole,2943,Inbaku Gakuen,8
2507,wjxxhulka66n6,6,Trigun,9
29468,Shin-sasuke,150,Blood+,9
54505,Shigatsu,384,Gantz,10
48310,SeisinOfAnime,53111,Dungeon ni Deai wo Motomeru no wa Machigatteiru Darou ka IV: Fuka Shou - Yakusai-hen,8
321060,SirShakealot,31722,Nanatsu no Taizai: Seisen no Shirushi,7
402115,xfatex,6201,Princess Lover!,7
365834,malcolm-ii,1818,Claymore,9
1203675,kinnikumask,3390,Hoshi no Umi no Amuri,7
1093433,Jukshou,318,Hand Maid May,7
449705,Whitesmith5525,357,Bokusatsu Tenshi Dokuro-chan,10
1068951,Antilochus,22123,Inugami-san to Nekoyama-san,5
37843,shinjiemisato,79,Shuffle!,8
21770,Ryuuka,26055,JoJo no Kimyou na Bouken Part 3: Stardust Crusaders 2nd Season,7
506061,frogofchaos,317,Final Fantasy VII: Advent Children,7
584905,Tommy0wn,33743,Fuuka,3
72290,korukoru,6634,Sengoku Basara Ni,7
109909,vaudeville,1239,Bishoujo Senshi Sailor Moon SuperS,10
623283,Traident,15809,Hataraku Maou-sama!,10
1281061,Wiseoldfish,11757,Sword Art Online,6
598193,blackrings,4800,Huckleberry Finn Monogatari,9
487481,starspatter,1,Cowboy Bebop,8
799777,Liftt,264,Hajime no Ippo: Champion Road,7
499333,VivaLambda,28999,Charlotte,8
1206845,soulianis,15809,Hataraku Maou-sama!,8
485652,Ryonikofu,7110,Shounen Maid Kuuro-kun: Tenshi no Uta,7
96095,KannaHime,355,Shakugan no Shana,9
82884,RealityEX,22199,Akame ga Kill!,9
546346,Niniufa,14467,K,7
375119,jajah-illyria,1222,Bokura ga Ita,7
1072713,Carv,16904,K: Missing Kings,10
61227,Aqws-sama,30,Neon Genesis Evangelion,10
306074,Mondego,2129,True Tears,9
1144421,smailes111,21327,Isshuukan Friends.,10
1063299,linkz016,10357,Jinrui wa Suitai Shimashita,10
400809,wowjinxy,2324,Angel Blade,3
1265965,RuiWar,790,Ergo Proxy,8
380481,eternal-wish,2034,Lovely★Complex,7
466095,lovwxyz,6574,Hanamaru Youchien,9
62400,I-Keii,38408,Boku no Hero Academia 4th Season,7
491633,nokoshin,3927,Kidou Senshi Gundam 00 Second Season,7
83296,Araiguma426,530,Bishoujo Senshi Sailor Moon,8
81184,Krestnik,384,Gantz,9
476253,Aivoss,918,Gintama,5
429143,zr00130,30740,Young Black Jack,9
76801,moonstrider,38656,Darwin's Game,6
72734,mcice,71,Full Metal Panic!,8
409730,Chaotic_Nyx,74,Gakuen Alice,8
27880,kahoko,853,Ouran Koukou Host Club,9
431574,Klakiermiau,4282,Kara no Kyoukai Movie 5: Mujun Rasen,8
58647,OneAngryAndy,569,Musekinin Kanchou Tylor,7
8460,Rolica,6166,Asobi ni Iku yo!,7
1096141,Jiripolico,508,Tottoko Hamtarou,6
1240671,Frozensoul,17831,Inu to Hasami wa Tsukaiyou,9
526041,Rheiland,5178,First Squad: The Moment of Truth,8
372923,babo123,2889,Bleach Movie 2: The DiamondDust Rebellion - Mou Hitotsu no Hyourinmaru,9
436523,F_Scorpion,9786,Detective Conan: Conan vs. Kid - Jet Black Sniper,10
87446,lakisa,34280,Gamers!,4
434310,HikariKite,11111,Another,10
1185183,razakazama86,13391,Rakuen Tsuihou,7
367076,Le_Fay,9989,Ano Hi Mita Hana no Namae wo Bokutachi wa Mada Shiranai.,9
388326,ThePigGod,36474,Sword Art Online: Alicization,4
26976,Abyss,396,Seikai no Senki,8
83579,shinrye,269,Bleach,10
13827,Moiraine,1733,eX-Driver: Nina & Rei Danger Zone,7
300929,mattpe88,270,Hellsing,9
80499,dark_sama,918,Gintama,7
44051,RaQziom,5342,Asura Cryin',3
443064,curdi,12113,Berserk: Ougon Jidai-hen II - Doldrey Kouryaku,8
519937,HourouBou,6479,Candy Boy Episode: EX02 - Shiawase Kyouyuu Riron,9
1267181,dafreezz,33041,Bubuki Buranki: Hoshi no Kyojin,7
2784,ThePhr3ak,813,Dragon Ball Z,6
436468,Khalen,114,Sakigake!! Cromartie Koukou,9
115531,bobek784,1726,Devil May Cry,7
5358,Metus,52,Kidou Tenshi Angelic Layer,8
1066019,ginozas,908,Fullmetal Alchemist: Premium Collection,7
48396,Ashuri,31478,Bungou Stray Dogs,9
350657,DaphHyrule,10152,Kimi ni Todoke: Kataomoi,4
301829,Narwen,164,Mononoke Hime,8
362899,Goosama,24701,Mushishi Zoku Shou 2nd Season,10
1256937,FREEZELORD,24833,Ansatsu Kyoushitsu,9
467108,xForgettable,20045,IS: Infinite Stratos 2 - Hitonatsu no Omoide,6
342801,kakkapussi,5030,Maria†Holic,8
494094,raqanna456,20507,Noragami,7
459930,comps,1722,Nagasarete Airantou,9
1101927,Saber186,25,Sunabouzu,7
46567,bikasuishin,126,Futakoi Alternative,8
32384,Fabulous,2164,Dennou Coil,6
30365,XD3r3K-chanX1996,356,Fate/stay night,5
55340,Zhensu,244,Agatha Christie no Meitantei Poirot to Marple,8
303106,rwmwaffle,6,Trigun,9
116984,Kala-Chan,20,Naruto,6
443567,Cohj,6408,"""Bungaku Shoujo"" Movie",6
1094247,Valynor,49596,Blue Lock,8
1219667,blob2004,9734,K-On!!: Keikaku!,10
74497,shirai,1535,Death Note,7
118602,-nyappy,853,Ouran Koukou Host Club,9
319315,Velenos,7465,Eve no Jikan (Movie),8
640905,Masked_kakashi,2001,Tengen Toppa Gurren Lagann,10
530643,Kapul625,894,Dragon Ball Z Movie 01: Ora no Gohan wo Kaese!!,8
367278,DreQue,857,Air Gear,7
855007,N-d-H,3058,Darling,5
441042,otakuwench,6802,So Ra No Wo To,7
727367,Amiron,7338,Darker than Black: Kuro no Keiyakusha Gaiden,7
39937,abaza,8536,Fortune Arterial: Akai Yakusoku,5
52774,zabu_san,14467,K,6
66037,MapleRose,37379,Chihayafuru 3,8
528817,Kellhus,1352,Cyber City Oedo 808,7
61588,gomu_ninguen,1813,Genshiken OVA,6
17254,Sasori89,16001,Kokoro Connect: Michi Random,8
369062,jukebox1412,37450,Seishun Buta Yarou wa Bunny Girl Senpai no Yume wo Minai,10
12136,KingPin,4752,Vampire Knight Guilty,7
383954,Disengager,6676,Asura Cryin' 2,8
26977,Jennsterz,27833,Durarara!!x2 Ketsu,6
343477,SoftCoyote,37347,Dungeon ni Deai wo Motomeru no wa Machigatteiru Darou ka II,8
37772,acelim,2167,Clannad,9
398431,a1,339,Serial Experiments Lain,10
356679,whoodakid,4744,Akaneiro ni Somaru Saka,8
752825,hongoumasamune,33486,Boku no Hero Academia 2nd Season,9
295158,checkdafool,3956,Shakugan no Shana-tan II (Second),7
445684,xanabafang,60,Chrno Crusade,8
1218737,muzebzeb,8768,Hiyokoi,7
565555,matt0708,6682,11eyes,6
378935,SarumanI,873,.hack//Roots,8
1210147,CobaltRain,1535,Death Note,10
591519,BlackmageZeref,60,Chrno Crusade,7
31083,seqai,18679,Kill la Kill,10
294444,otakublairchan,232,Cardcaptor Sakura,8
1201739,TekNeTiC,31376,Flying Witch,10
336456,Rinya,3782,Kara no Kyoukai Movie 2: Satsujin Kousatsu (Zen),9
370333,Nioro_,7647,Arakawa Under the Bridge,7
1093513,18kyuubi,10271,Gyakkyou Burai Kaiji: Hakairoku-hen,9
1089413,SesshySama,28977,Gintama°,9
1212393,zannett,39551,Tensei shitara Slime Datta Ken 2nd Season,9
344900,TheDekel,6880,Deadman Wonderland,8
44954,jaymez333,267,Gungrave,1
474736,silver_chain,813,Dragon Ball Z,8
360318,Dreamers,479,Ueki no Housoku,7
114310,Kopan,10015,Yu☆Gi☆Oh! Zexal,3
408806,teerex,109,Bakuretsu Tenshi,7
452649,Tomaseth,18247,IS: Infinite Stratos 2,6
32994,FRYPANTSLOL,121,Fullmetal Alchemist,9
945,BulletproofSoul,2472,Naruto: Shippuuden Movie 1,7
381655,KenjiHarimas,4360,Uchuu Kaizoku Sara,8
1203953,Salty_AF,44,Rurouni Kenshin: Meiji Kenkaku Romantan - Tsuioku-hen,10
538977,Rin15,5114,Fullmetal Alchemist: Brotherhood,8
464072,ryonw,71,Full Metal Panic!,10
356646,crosby,7857,Mini Sengoku Basara: Chousokabe-kun to Mouri-kun,5
65391,Triskel,1047,On Your Mark,8
642951,MaDJenta,22433,Break Blade,7
75684,Gar_Logan,5116,Candy Boy Episode: EX01 - Mirai Yohouzu,6
20580,skywalker6705,3674,Sayonara Zetsubou Sensei Jo: Zetsubou Shoujo Senshuu,5
7795,coolcat,45,Rurouni Kenshin: Meiji Kenkaku Romantan,8
37156,Soiku,1535,Death Note,8
98038,malchezaar,20973,Sekai Seifuku: Bouryaku no Zvezda,7
373741,relicartha,14075,Zetsuen no Tempest,9
350514,SoulCross,853,Ouran Koukou Host Club,8
5767,Sarcastic,7805,Baka to Test to Shoukanjuu: Mondai - Christmas ni Tsuite Kotae Nasai,6
416874,aerioux,33506,Ao no Exorcist: Kyoto Fujouou-hen,8
24662,angeltoangela,11741,Fate/Zero 2nd Season,10
1161619,KaiDowin,5678,Kobato.,8
1244283,MrPride,42361,"Ijiranaide, Nagatoro-san",6
406397,icefisher,32607,Gi(a)rlish Number,6
447612,Tiisin,1,Cowboy Bebop,10
926317,terrablu2003,17731,Ketsuekigata-kun!,5
1238933,MujuraDrake,24227,Nisekoi OVA,7
403458,Transcendence,5114,Fullmetal Alchemist: Brotherhood,6
384121,Xterm,39470,Tsugumomo OVA,6
488741,DeathsRightEye,208,R.O.D: Read or Die,8
11330,minimiau,32189,Danganronpa 3: The End of Kibougamine Gakuen - Mirai-hen,5
31576,Selenite,30276,One Punch Man,10
99736,Mdarky,3588,Soul Eater,9
63932,Evecry,3655,Nabari no Ou,6
1151891,Kayeeenn,1559,Shijou Saikyou no Deshi Kenichi,9
326618,icemirrors18,226,Elfen Lied,8
291895,HikoStar,530,Bishoujo Senshi Sailor Moon,10
1094269,SadoInvaldi,30694,Dragon Ball Super,7
492502,Tvvister,109,Bakuretsu Tenshi,8
462945,Djess-chii,6793,"Kuroshitsuji: Sono Shitsuji, Kougyou",8
452365,Fuzo,3702,Detroit Metal City,9
63820,kernel1024,16910,Namiuchigiwa no Muromi-san,10
20655,garouzero,16918,Gin no Saji,9
1208591,hambabam,37349,Goblin Slayer,9
497254,Fraan,269,Bleach,9
118342,Sabotei,101,Air,10
317052,KitKat95,2904,Code Geass: Hangyaku no Lelouch R2,8
1112231,Andrew_Blake,28121,Dungeon ni Deai wo Motomeru no wa Machigatteiru Darou ka,5
512,Champloon,3974,Tetsuwan Birdy Decode,8
24369,tsukiflower,66,Azumanga Daiou The Animation,7
435081,whersy,11761,Medaka Box,8
74904,lee_shyaron,371,Cardcaptor Sakura Movie 1,7
1086125,elsomaliano,35540,Slow Start,6
454248,phoenix923,21085,Witch Craft Works,8
484631,h_raaf,28977,Gintama°,8
491656,ProfessorGinkgo,31370,Tonkatsu DJ Agetarou,10
16035,liavalon,7592,Nurarihyon no Mago,7
33547,Tedbaxter,1919,Urusei Yatsura OVA,7
334238,Eiposu_no_Tenshi,5454,Yoku Wakaru Gendai Mahou,6
20086,Chocobo115,2107,One Piece Movie 08: Episode of Alabasta - Sabaku no Oujo to Kaizoku-tachi,8
1123051,Monkey_89,11705,Dragon Age: Blood Mage no Seisen,6
379107,may0729,100,Shin Shirayuki-hime Densetsu Prétear,7
435316,Thuanthai,4789,ef: A Tale of Melodies.,9
1064037,RoyssVc,898,Dragon Ball Z Movie 05: Tobikkiri no Saikyou tai Saikyou,7
396886,AbyssWatchers,15565,Maken-Ki! Two,2
48346,_Ryuk,181,Vandread: The Second Stage,8
327461,plr14,3785,Evangelion: 3.0 You Can (Not) Redo,10
15413,Eat,43,Koukaku Kidoutai,10
417570,Primrosey,32751,Xiao Men Shen,5
80419,Ayonis,11241,Brave 10,6
368780,ocdohl,4280,Kara no Kyoukai Movie 4: Garan no Dou,8
508316,MajorAly,223,Dragon Ball,8
1052743,darkmakc,245,Great Teacher Onizuka,10
463547,believe,11359,Dragon Ball Kai: Mirai ni Heiwa wo! Goku no Tamashii yo Eien ni,6
482072,tasxtreme,673,Mai-HiME Specials,8
29000,Megalj,264,Hajime no Ippo: Champion Road,9
1238343,AznSnow17,15051,Love Live! School Idol Project,7
93768,torgon02,5277,Sekirei: Pure Engagement,7
1274049,BlackSavior,18153,Kyoukai no Kanata,6
510769,white_rabbbit,15583,Date A Live,7
5359,meiiyukii,1317,Eyeshield 21: Maboroshi no Golden Bowl,8
46875,KronoSGod,3616,Kamen no Maid Guy,8
45514,mastermagepug,191,Love Hina Christmas Special: Silent Eve,8
395317,66AkaneChan99,8331,Detective Conan Magic File 4: Osaka Okonomiyaki Odyssey,9
29016,Vash,9471,Baka to Test to Shoukanjuu: Matsuri,8
395393,Willey,1220,Hoshizora Kiseki,4
337298,Bublinka113,10779,Eroge! H mo Game mo Kaihatsu Zanmai,6
313608,Mimioo,33926,Quanzhi Gaoshou,7
510733,nerd40k,4705,Tengen Toppa Gurren Lagann: Parallel Works,7
464407,hikarirocks,379,Heppoko Jikken Animation Excel♥Saga,8
736117,otakool,36649,Banana Fish,8
473565,ipunchu,14131,Girls & Panzer,10
61129,HinataChan,465,One Piece Movie 07: Karakuri-jou no Mecha Kyohei,8
398967,LokisEngel,2873,Bible Black Only Version,9
500386,FrozenDog,18411,Gingitsune,6
28609,against_moe,1524,Fuujin Monogatari,10
26866,nujhum,461,One Piece Movie 03: Chinjuu-jima no Chopper Oukoku,7
20237,Buffered,1097,Lime-iro Senkitan,5
598731,istrienielle,9938,Ikoku Meiro no Croisée The Animation,8
55408,animefan1995,48,.hack//Sign,7
332117,Ryoufu,3503,Kanokon,8
88492,Vohalika,269,Bleach,9
29923,haaiwaar,199,Sen to Chihiro no Kamikakushi,8
562957,CrystalNova,2025,Darker than Black: Kuro no Keiyakusha,8
2140,TeenTitan85,900,Dragon Ball Z Movie 07: Kyokugen Battle!! Sandai Super Saiyajin,8
1108159,kziza,102,Aishiteruze Baby★★,8
1274017,Kaylynn,28755,Boruto: Naruto the Movie,9
414434,russbus16,9253,Steins;Gate,9
423686,InFireX,596,Chobits: Chibits,8
377166,ShinAtsuki,4214,Rosario to Vampire Capu2,3
1231773,DeathBrother,32902,Mahoutsukai no Yome: Hoshi Matsu Hito,8
1270775,BloodyPicard,1678,Cyborg 009: The Cyborg Soldier,8
290478,u8sand,376,"Elfen Lied: Tooriame nite Arui wa, Shoujo wa Ikani Shite Sono Shinjou ni Itatta ka? - Regenschauer",8
1222845,TrinketTrinket,11111,Another,8
788083,MetalNips,14513,Magi: The Labyrinth of Magic,7
510161,Measure,386,H2,6
391367,Trynita,27525,Fate/kaleid liner Prisma☆Illya 2wei Herz!,7
1098321,NoobHunterD,33512,Animegatari x Koukaku Kidoutai Collab Eizou,2
58230,KDS,67,Basilisk: Kouga Ninpou Chou,6
1232533,Girain,12149,AKB0048,4
317000,blackmoon1984,430,Fullmetal Alchemist: The Conqueror of Shamballa,10
67799,Chlo,6987,Aki-Sora,7
323335,Sasuu,34439,Code Geass: Hangyaku no Lelouch II - Handou,7
474378,juupajuu,22101,Soredemo Sekai wa Utsukushii,8
351076,Racheya,14741,Chuunibyou demo Koi ga Shitai!,9
83482,DevilMayCry,28907,"Gate: Jieitai Kanochi nite, Kaku Tatakaeri",9
806093,Ikarum,4872,Goku Sayonara Zetsubou Sensei,7
1142163,freon3,5355,Sengoku Basara,10
75261,FlandreScarlet-,9938,Ikoku Meiro no Croisée The Animation,10
332542,Doce,12189,Hyouka,7
403258,Waterumi,1101,Tenchi Muyou! Manatsu no Eve,9
418732,Kenmei-chan,22,Tennis no Oujisama,9
1228913,jovian,4999,Asu no Yoichi!,10
477380,Tomoyo1990,232,Cardcaptor Sakura,10
116582,Darkloki,11111,Another,7
13722,Krova,134,Gunslinger Girl,7
340738,WilyJulian,40834,Ousama Ranking,10
697769,Chris1021,11633,Blood Lad,7
1163175,Gnidmas,38101,5-toubun no Hanayome,7
20431,evirob,1847,Rec: Yurusarezarumono,7
353493,Morlaer,2832,Ani*Kuri15,8
486154,szmtex,16518,Arata Kangatari,6
28527,yuki7yue,38830,"Hachi-nan tte, Sore wa Nai deshou!",7
451839,nidawa,20,Naruto,8
401785,Lostkey,2985,Majin Tantei Nougami Neuro,8
307040,blackfox17,32245,Kuromukuro,7
110529,-pixxie-,853,Ouran Koukou Host Club,9
104172,iker,4720,White Album,8
708587,Ber53rker,32071,Gantz:O,6
366940,OtakuSaskeo,125,Futakoi,5
109379,rewindreplay,710,Rec,9
501834,RedDemon101,17729,Grisaia no Kajitsu,8
441673,Suraii,28121,Dungeon ni Deai wo Motomeru no wa Machigatteiru Darou ka,4
535821,Alucardov,43325,Yuukoku no Moriarty Part 2,8
411411,00Redont00,2993,Rosario to Vampire,7
513460,viktorihoney,4059,"Clannad: Mou Hitotsu no Sekai, Tomoyo-hen",6
34942,yojimbo_sama,457,Mushishi,9
849259,Anger-man,934,Higurashi no Naku Koro ni,7
338049,Animefreak1,7088,Ichiban Ushiro no Daimaou,6
44547,zaburai,841,Colorful,1
394035,jamal013,10568,Kamisama no Memochou,7
430594,Mireneye,203,Words Worth,7
77292,GBF,47,Akira,7
1127481,Abysse,102,Aishiteruze Baby★★,8
17481,NobleSavage,1357,Shin Hokuto no Ken,9
75111,blazze,357,Bokusatsu Tenshi Dokuro-chan,10
39884,ashbobash4,61,D.N.Angel,9
62385,Memo,30346,Doukyuusei (Movie),10
108090,sarah2510,79,Shuffle!,5
69477,Hattoript,263,Hajime no Ippo,10
516585,Vaelyx,37492,Steins;Gate 0: Kesshou Takei no Valentine - Bittersweet Intermedio,10
31731,Numi,63,DearS,5
371786,majicarpe,5680,K-On!,8
365841,rezofan,430,Fullmetal Alchemist: The Conqueror of Shamballa,7
384121,Xterm,32467,Under the Dog: Anthea-chan,5
1062423,tsukuyo,849,Suzumiya Haruhi no Yuuutsu,7
44090,myumih,11633,Blood Lad,8
441494,Valexine,4662,Neo Angelique Abyss: Second Age,7
431344,battlefield,32005,Detective Conan Movie 20: The Darkest Nightmare,10
622187,Bakae,22297,Fate/stay night: Unlimited Blade Works,8
95635,mermaid,5525,07-Ghost,8
312381,ejenks,121,Fullmetal Alchemist,9
18785,fariska,853,Ouran Koukou Host Club,10
27551,xera,1852,Hidamari Sketch,5
479435,BiiaCherelingin,4224,Toradora!,9
346819,Aye411,22319,Tokyo Ghoul,8
484322,DarkGuardian0,25537,Fate/stay night Movie: Heaven's Feel - I. Presage Flower,7
78268,A10WortHog,35790,Tate no Yuusha no Nariagari,8
1251635,LittleLink,11745,Aku no Onna Kanbu,8
1253823,Rakshaal,2904,Code Geass: Hangyaku no Lelouch R2,9
319016,Zack117,6114,Rainbow: Nisha Rokubou no Shichinin,10
351843,SSSRoaB,7769,Ookami-san to Shichinin no Nakama-tachi,8
535223,Taurus27,2025,Darker than Black: Kuro no Keiyakusha,6
388308,sharpened_haze,387,Haibane Renmei,10
87463,HeRbAbE,146,Kono Minikuku mo Utsukushii Sekai,8
3216,Mouse,1195,Zero no Tsukaima,6
1065669,Kander,237,Koukyoushihen Eureka Seven,6
22979,voxinraleigh,3572,Macross F,9
4150,Liunee,6573,Darker than Black: Ryuusei no Gemini,9
393502,hicele,2800,Candy Candy,5
747961,MusicTamashi,34497,Death March kara Hajimaru Isekai Kyousoukyoku,8
1869,infinity,1303,The Animatrix,8
40899,sakura_r0se,50425,"Fuufu Ijou, Koibito Miman.",7
297586,_phi,37914,Chikyuugai Shounen Shoujo,7
393194,Apocalypse_666,2952,Final Fantasy VII: Advent Children Complete,9
780453,Helmey,40221,Kami no Tou,8
448229,Neku04,227,FLCL,8
10105,computerheat,122,Full Moon wo Sagashite,4
317770,DesiOtaku,11111,Another,6
535791,MingZaix,1614,Captain Tsubasa: Road to 2002,10
333765,ScarletRit,27787,Nisekoi:,8
371218,Cheunguy,2986,Bamboo Blade,7
85304,DPuzzlemaster,19285,Shingeki no Kyojin: Ano Hi Kara,10
46153,Drkness19,28121,Dungeon ni Deai wo Motomeru no wa Machigatteiru Darou ka,7
26791,bialovesanime,372,Cardcaptor Sakura Movie 2: Fuuin Sareta Card,10
375123,Sinrika,14075,Zetsuen no Tempest,8
84579,Nillie,6045,Kimi ni Todoke,6
52812,KingofEden,5356,Canaan,7
1185345,rielzcos,26243,Owari no Seraph,8
82086,GlasiuZ,387,Haibane Renmei,1
38694,FlurK,6,Trigun,10
293414,Sammay,6572,Shakugan no Shana S,10
1133621,Olias,33489,Little Witch Academia (TV),9
360249,Zaiya,819,Boku wa Imouto ni Koi wo Suru,8
15672,Loran,38408,Boku no Hero Academia 4th Season,9
25411,Chamrajnagar,4066,Tytania,3
300566,annemiekie,30230,Diamond no Ace: Second Season,8
303024,Anjube,4059,"Clannad: Mou Hitotsu no Sekai, Tomoyo-hen",8
505556,Allison,10020,Ore no Imouto ga Konnani Kawaii Wake ga Nai Specials,9
843309,Epwuk,10477,Haiyoru! Nyaruani: Remember My Love(craft-sensei) Special,7
1075337,BlackAngelSteff,2772,Juushin Enbu: Hero Tales,7
110202,nemeyeth,32871,Kuroko no Basket Movie 3: Winter Cup - Tobira no Mukou,10
538695,Peskus,39247,Kobayashi-san Chi no Maid Dragon S,6
1264983,Tiavor,38659,Shinchou Yuusha: Kono Yuusha ga Ore Tueee Kuse ni Shinchou Sugiru,8
404525,Peresans,6547,Angel Beats!,7
16517,0504,9332,.hack//Quantum,7
1272901,whorobj,2581,Kidou Senshi Gundam 00,6
47530,Throndir,34542,Inuyashiki,6
406004,Aerxya,10604,Hidan no Aria: Butei ga Kitarite Onsen Kenshuu,7
91202,ludo_,6573,Darker than Black: Ryuusei no Gemini,9
97549,mutalisk,228,Jigoku Shoujo,7
424741,Vampire-Freak,3470,Special A,5
508414,HairyShaggy,15689,Nekomonogatari: Kuro,8
73263,NoONoO,6351,"Clannad: After Story - Mou Hitotsu no Sekai, Kyou-hen",9
371746,hihiyo,38062,Endro~!,7
455244,Hatsuyuki,38474,Yuru Camp△ Season 2,8
562493,saltop,18679,Kill la Kill,7
1115285,Wiles,48413,Hataraku Maou-sama!!,6
433692,TokaiTeio,5258,Hajime no Ippo: New Challenger,9
339847,bioober,267,Gungrave,9
57138,Xandrox,2472,Naruto: Shippuuden Movie 1,7
330359,zebrapancakes,2685,Tsubasa: Tokyo Revelations,8
1058865,SlipKism,12365,Bakuman. 3rd Season,8
388105,Djisas,4799,Mune Kyun! Heartful Cafe,7
1110795,Piter12,3759,School Days: Valentine Days,6
1085325,LlamaForceTrauma,11633,Blood Lad,5
498827,sylfer,37991,JoJo no Kimyou na Bouken Part 5: Ougon no Kaze,8
117788,freakonaleash,467,Koukaku Kidoutai: Stand Alone Complex,8
389649,Jonku,65,Rozen Maiden: Träumend,9
483989,maraluvshp,15125,Teekyuu,8
30237,dattara,23281,Psycho-Pass 2,7
551485,thompininja,6325,Naruto: Shippuuden Movie 3 - Hi no Ishi wo Tsugu Mono,7
620825,kabbinet,11441,Rurouni Kenshin: Meiji Kenkaku Romantan - Shin Kyoto-hen,7
15011,mikev,1946,Ashita no Nadja,5
1071393,cherruu,30484,Steins;Gate 0,10
1075567,ShionKasumiga,7375,Shakugan no Shana-tan S,8
434812,Ehren,32370,D.Gray-man Hallow,8
1264711,twightfan,4224,Toradora!,10
21923,kael,2444,Maids in Dream,8
90793,SoniC_CrosS,2961,Digimon Adventure Movie,10
489071,ad_infinitum,33489,Little Witch Academia (TV),6
377541,dx-three,9922,Oretachi ni Tsubasa wa Nai: Under the Innocent Sky.,7
1071367,SkipChanDesu,27821,Fate/stay night: Unlimited Blade Works Prologue,8
397776,Fiskis,23289,Gekkan Shoujo Nozaki-kun,8
759589,ashlx13,11887,Kokoro Connect,8
65796,ZweihanderSteve,37496,Double Decker! Doug & Kirill,6
553863,conker7777,2889,Bleach Movie 2: The DiamondDust Rebellion - Mou Hitotsu no Hyourinmaru,8
1119593,rivelets,25687,Digimon Adventure tri. 1: Saikai,5
35592,Istaren,4282,Kara no Kyoukai Movie 5: Mujun Rasen,9
463222,superpsiyan,121,Fullmetal Alchemist,8
517943,celbertin,43,Koukaku Kidoutai,9
389654,sacred_ash,7724,Shiki,9
315490,FruitPunchSG,10739,Panty & Stocking in Sanitarybox,6
434985,Alfanuta,14719,JoJo no Kimyou na Bouken (TV),8
542729,Khazen,6702,Fairy Tail,8
31731,Numi,6634,Sengoku Basara Ni,7
449502,WhyYouJelly,2167,Clannad,10
75183,Hikaru-chan,2204,Karakuri Zoushi Ayatsuri Sakon,10
475919,firesouls,743,Umi ga Kikoeru,7
476328,tamirysmm,71,Full Metal Panic!,8
344237,Akifusa,6746,Durarara!!,10
405262,sknipa,16904,K: Missing Kings,7
465579,kurarinn,6895,Hakuouki,6
40818,some-odium,963,"Love Hina: Motoko no Sentaku, Koi ka Ken... ""Naku na""",7
1212171,Enma_01,11111,Another,7
39837,Kitaro,4726,Druaga no Tou: The Sword of Uruk,7
1121591,inadequate,19221,"Ore no Nounai Sentakushi ga, Gakuen Love Comedy wo Zenryoku de Jama Shiteiru",5
607515,typheon,4224,Toradora!,8
1268651,KinsFolk,237,Koukyoushihen Eureka Seven,9
340022,BlitzAceSamy,12679,Joshiraku,8
62802,MaidShira,1865,Getsumen To Heiki Mina,7
413545,JotaPee,22319,Tokyo Ghoul,7
342577,dami020,6351,"Clannad: After Story - Mou Hitotsu no Sekai, Kyou-hen",9
308641,deadman80,934,Higurashi no Naku Koro ni,10
315694,kireev20000,24453,Fetikano!,6
480046,ultragelic,8074,Highschool of the Dead,10
339357,opnrbl,22125,Kuroko no Basket: Mou Ikkai Yarimasen ka,8
354126,justdrella,13601,Psycho-Pass,9
516131,saief,27601,Chuunibyou demo Koi ga Shitai! Ren: The Rikka Wars,5
102174,Zpectro,14719,JoJo no Kimyou na Bouken (TV),10
97171,archila1,237,Koukyoushihen Eureka Seven,9
56669,ninjannn,10721,Mawaru Penguindrum,5
37578,IllusionaryEnnui,882,Yuu☆Yuu☆Hakusho (Movie),7
35907,BanYa,3058,Darling,8
553375,iki1221,416,Kurenai no Buta,6
339511,Kagemane,4654,Toaru Majutsu no Index,7
1129897,mostlydead,617,Juubee Ninpuuchou,9
1053423,Okabesan,8440,Black Lagoon Omake,5
88245,Xinolith,29758,Taboo Tattoo,5
1269629,scipioponce,3972,Yu☆Gi☆Oh! 5D's,4
389047,Fortitude,3956,Shakugan no Shana-tan II (Second),7
1207055,AoiAme,3655,Nabari no Ou,7
305666,BubblesAya,5940,Seiken no Blacksmith,8
61006,Vengeful-Wolves,597,Neko no Ongaeshi,9
487061,dk560,20,Naruto,2
369922,FlashHD,1266,Yoroiden Samurai Troopers Kikoutei Densetsu,7
38789,kaori-chan,7724,Shiki,8
451600,CMangaFan,6986,Kansen: Inyoku no Rensa,5
1140219,LunaPii,3901,Baccano! Specials,8
571957,Chelychan,50602,Spy x Family Part 2,8
343106,Daann69,1565,Pokemon Diamond & Pearl,7
362529,Nueiru,384,Gantz,8
41600,okaerinasaiii,811,I''s Pure,9
399783,RoadKam,14345,Btooom!,6
1233831,iam7926,3467,Nogizaka Haruka no Himitsu,9
78751,skyUFO,777,Hellsing Ultimate,9
337736,Weaselgirl,65,Rozen Maiden: Träumend,8
1102407,smakey,7465,Eve no Jikan (Movie),8
376041,Nevermore82,16,Hachimitsu to Clover,7
78949,getaname,11615,Morita-san wa Mukuchi. 2,7
382700,vonne-chan,2251,Baccano!,8
490051,Greenmon,4224,Toradora!,10
371854,Spinic,288,Bakuten Shoot Beyblade,9
72912,Arisato-kun,5356,Canaan,8
457697,RokuHoshi,195,Onegai☆Teacher,8
307425,Shiro-san,66,Azumanga Daiou The Animation,10
1266847,broneko,9790,Sora no Otoshimono: Tokeijikake no Angeloid,7
111046,junavatar,1453,Maison Ikkoku,9
357175,iSpawn,12581,Asa made Jugyou Chu!,6
630811,KazeNilrem,38408,Boku no Hero Academia 4th Season,7
474452,Fishi,1546,Negima!?,10
1229807,Right,164,Mononoke Hime,6
1281343,rpgsmash,28223,Death Parade,7
104477,Igloo42,896,Dragon Ball Z Movie 03: Chikyuu Marugoto Choukessen,7
933457,arcangelelk,32240,Code Geass: Boukoku no Akito 4 - Nikushimi no Kioku kara Picture Drama,9
451549,Raylol,2025,Darker than Black: Kuro no Keiyakusha,10
1191431,AndVandalism,11757,Sword Art Online,7
557857,SleepHikki,18393,Fairy Tail x Rave,5
490335,Ecstrinsic,39534,Jibaku Shounen Hanako-kun,7
107582,Yuelon,18041,Rozen Maiden (2013),7
369594,MadDeadRito,21647,Tamako Love Story,8
382188,Sosalshik,16157,Choujigen Game Neptune The Animation,8
323859,ChromatusK,10897,Boku wa Tomodachi ga Sukunai: Yaminabe wa Bishoujo ga Zannen na Nioi,7
438368,FnordyRogue,940,Inukami!,9
459373,ammarwee,9863,SKET Dance,7
309556,WhisperBit,25731,Cross Ange: Tenshi to Ryuu no Rondo,6
562987,nekoneneko,10067,Angel Beats! Another Epilogue,7
20822,AmpeZ,245,Great Teacher Onizuka,7
1142007,Pekonilkki,8557,Shinryaku! Ika Musume,7
1122183,playmakerjiz,8100,Mardock Scramble: The First Compression,8
331573,l0l1n470r,2494,Goshuushou-sama Ninomiya-kun,6
505344,shaszi001,132,GetBackers,9
326588,GrimHollow,11103,Busou Shinki Moon Angel,7
304022,Inflamed,12669,Amagami SS+ Plus: Extra Episode+ Plus,8
838343,hazemarick,20159,Pokemon: The Origin,8
548385,SomaKeitaro,2167,Clannad,7
1282341,no1else,8142,Colorful (Movie),8
536779,hazeltick,431,Howl no Ugoku Shiro,8
502156,TheFightingDoll,1090,Kidou Senshi Gundam I,6
28287,hanshii,251,Kyou kara Maou!,7
733075,Synergistic,19111,Love Live! School Idol Project 2nd Season,8
392788,hoshivolution,14397,Chihayafuru 2,7
326642,Salantor,4719,Queen's Blade: Rurou no Senshi,3
432721,TheJoker22,1121,Pokemon Movie 06: Nanayo no Negaiboshi Jirachi,8
333857,keaton7,91,Shin Kidou Senki Gundam Wing: Endless Waltz,7
53574,SasoGryphon,1519,Black Lagoon: The Second Barrage,9
8651,Sunao,22265,Free! Eternal Summer,9
56198,Suspi,117,El Hazard: The Magnificent World,9
557175,Taikosan06,6880,Deadman Wonderland,8
344601,Yaya_,20507,Noragami,7
1150167,faraox,21855,Hanamonogatari,6
90258,kal-el,10152,Kimi ni Todoke: Kataomoi,6
1051629,Auro-rita,51,Tenshi Kinryouku,8
999621,gwenn11,23289,Gekkan Shoujo Nozaki-kun,8
302039,bautrey37,6288,Kidou Senshi Gundam 00 Movie: A Wakening of the Trailblazer,8
538989,Nota-san,10163,C: The Money of Soul and Possibility Control,7
104334,SakuraMai,10793,Guilty Crown,8
358031,_mm,465,One Piece Movie 07: Karakuri-jou no Mecha Kyohei,4
1218435,richikawa,1840,Zero no Tsukaima: Futatsuki no Kishi,9
21352,nobunaga,14741,Chuunibyou demo Koi ga Shitai!,7
394793,markieblitz,1566,Koukaku Kidoutai: Stand Alone Complex - Solid State Society,9
509544,prokomtreflsopot,10624,Mardock Scramble: The Second Combustion,5
414238,Louis_the_Cypher,1546,Negima!?,9
100024,dgknight500,389,Karas,6
418848,Umrae,2210,Tooi Sekai,7
463299,MeganHitachiin,1723,Clannad Movie,7
472328,Zwiebelring,2164,Dennou Coil,8
320723,Flipside101,37349,Goblin Slayer,6
421968,chirpchirp,1606,Kekkaishi,8
572171,BackRave,1694,iDOLM@STER Xenoglossia,7
1129909,zombie987,40852,Dr. Stone: Stone Wars,8
495750,fluffy-luffy,16498,Shingeki no Kyojin,9
33317,DazarGaidin,1698,Nodame Cantabile,10
352576,lyptt,6033,Dragon Ball Kai,9
513758,Swagg422,16524,Suisei no Gargantia,7
362307,Aanndyy,6007,Ookami to Koushinryou II: Ookami to Kohakuiro no Yuuutsu,9
359570,Asalt,2026,Hayate no Gotoku!,6
607091,Piekiel,10216,"Yondemasu yo, Azazel-san. (TV)",8
514380,eiin,18139,Tonari no Seki-kun,8
97577,jugoku_shojo_99,11111,Another,8
511182,Tagi,1686,Bleach Movie 1: Memories of Nobody,9
979167,Wasnt_There,4472,Lucky☆Star: Original na Visual to Animation,10
300506,Rejuvenation,1661,Cutey Honey,6
328136,Bios2112,11597,Nisemonogatari,8
11807,AN1M3NIAC,6512,Nyan Koi!,9
104840,zipyto,7858,Sora no Otoshimono: Project Pink,9
1094007,Donart,34599,Made in Abyss,7
28186,SNDK,3174,Sola Specials,7
87643,MidnightBlackCat,2398,Digimon Adventure 02: Diablomon no Gyakushuu,10
57028,vincent22,1005,Star Ocean EX,8
15596,kentagent,45,Rurouni Kenshin: Meiji Kenkaku Romantan,4
482282,Riraki,10197,Nyanpire The Animation,5
554721,m11ke,14993,Gogo no Kouchou: Junai Mellow yori,8
336634,Krzysiu,30,Neon Genesis Evangelion,8
740893,mefii,5525,07-Ghost,9
717211,gdpvk,24415,Kuroko no Basket 3rd Season,6
1173529,MarcosGeleia,777,Hellsing Ultimate,10
297621,leSange,39576,Goblin Slayer: Goblin's Crown,7
1198129,Koshposh,10620,Mirai Nikki (TV),7
406334,LeoWyatt,31158,Hetalia: The World Twinkle Specials,6
10889,kalumet,180,Vandread,7
87062,bluepyre,32438,Mayoiga,6
55790,kimmiechan,7475,Ano Ko ni 1000%,6
1054569,Smior,1198,Tsuyokiss,7
374221,FXAW,11761,Medaka Box,6
103270,Nyomiko,27525,Fate/kaleid liner Prisma☆Illya 2wei Herz!,7
118998,Vitka_Lynx,849,Suzumiya Haruhi no Yuuutsu,8
92237,neosnake101,32937,Kono Subarashii Sekai ni Shukufuku wo! 2,9
1198327,CaptainWright77,543,Vampire Hunter D (2000),9
112764,k0noko,2274,CLAMP in Wonderland,8
112154,dtothevi,1735,Naruto: Shippuuden,7
101082,Crevetterose,1699,Romeo x Juliet,7
337688,EflatBeauty,6573,Darker than Black: Ryuusei no Gemini,8
389048,cah_akemi,10408,Hotarubi no Mori e,9
480393,BlackSakuraSX,6594,Katanagatari,8
7217,Norionne,33222,Fudanshi Koukou Seikatsu,6
102825,lousyskater,846,School Rumble Ni Gakki,8
21389,N3ko,109,Bakuretsu Tenshi,6
340652,solex,6325,Naruto: Shippuuden Movie 3 - Hi no Ishi wo Tsugu Mono,7
436259,Akumasensei,9136,Kuroshitsuji II Specials,5
360141,abrikatin,7592,Nurarihyon no Mago,5
3090,omni1,1633,Shintaisou: Kari,5
370870,MO_onstrider,11741,Fate/Zero 2nd Season,10
290180,joka,3791,Air Gear Special,8
435690,Homromsira,32998,91 Days,7
1080381,XxWindsOfFatexX,17265,Log Horizon,8
405855,MilkLover,889,Black Lagoon,9
1104475,shinshoki,199,Sen to Chihiro no Kamikakushi,9
45854,glassbutterfly,457,Mushishi,8
17767,wind_of_change_,387,Haibane Renmei,10
491632,otingocni,2986,Bamboo Blade,8
383093,NewYinzer,10209,Kore wa Zombie desu ka? OVA,7
1227225,Cano00,1011,Ranma ½ Super,7
8222,Pheniz,241,Girls Bravo: First Season,7
363730,Gopo-,8460,Mirai Nikki,9
444288,Loki13,9367,Freezing,9
99722,Spartaphyx,2889,Bleach Movie 2: The DiamondDust Rebellion - Mou Hitotsu no Hyourinmaru,2
23141,Knucklez09,551,Grappler Baki: Saidai Tournament-hen,8
565605,stigefelt,31,Neon Genesis Evangelion: Death & Rebirth,8
356818,fathomx9,1575,Code Geass: Hangyaku no Lelouch,10
14049,Tsumi-tan,3092,Junjou Romantica,7
341568,dszx,39535,Mushoku Tensei: Isekai Ittara Honki Dasu,8
315694,kireev20000,20423,Kamisama no Inai Nichiyoubi: Kioku,6
500040,MizzAe,1571,Ghost Hunt,10
414601,leetin08,5163,Code Geass: Hangyaku no Lelouch R2 Picture Drama,7
6982,lostnyanko,53789,32,4
8717,adamaru,1020,Honoo no Mirage: Minagiwa no Hangyakusha,8
387368,-Azure-,14075,Zetsuen no Tempest,6
491494,Tofik,1734,Ajimu: Kaigan Monogatari,6
513984,Spheal,30654,Ansatsu Kyoushitsu 2nd Season,8
1236239,Miichan26,120,Fruits Basket,10
510066,Sheogorath-sama,777,Hellsing Ultimate,7
314568,sibren,357,Bokusatsu Tenshi Dokuro-chan,6
1231999,PyotrRomanov,9465,Break Blade Movie 4: Sanka no Chi,7
94675,GoldenRob,10588,Persona 4 the Animation,9
76861,ichikon,1604,Katekyo Hitman Reborn!,8
425413,Selesnija,201,Video Girl Ai,5
493238,shigasumi,1640,Angel's Feather,6
1087743,Sakashi-san,240,Genshiken,10
111483,shinimi,5114,Fullmetal Alchemist: Brotherhood,8
1086357,Akiharu84,80,Kidou Senshi Gundam,9
436697,AXxoN-N,431,Howl no Ugoku Shiro,7
1050171,Quikai,974,Dead Leaves,6
473057,Ferinar,6045,Kimi ni Todoke,8
699473,Darkrise,790,Ergo Proxy,8
511847,NihilFR,30484,Steins;Gate 0,5
33581,RottenGospel,3958,Kannagi,6
324381,Kancoco,11843,Danshi Koukousei no Nichijou,7
373118,neyuu,20047,Sakura Trick,7
487976,BrianLamby,16498,Shingeki no Kyojin,8
334650,Katakeichi,24997,Love Live! The School Idol Movie,8
329805,sauske-san,1818,Claymore,8
378108,wonderwall124,239,Gankutsuou,10
23947,Manyc,20787,Black Bullet,10
992439,krimberlee,9065,Hakuouki: Hekketsuroku,5
16359,Kodama74,2236,Toki wo Kakeru Shoujo,9
441904,jamiejakov,17074,Monogatari Series: Second Season,10
25201,Sulegod,2494,Goshuushou-sama Ninomiya-kun,7
58078,rozarka,2899,Higurashi no Naku Koro ni Special: Nekogoroshi-hen,7
639959,bluespots,2904,Code Geass: Hangyaku no Lelouch R2,10
290204,Elric8269,2951,Gintama: Nanigoto mo Saisho ga Kanjin nanode Tashou Senobisuru Kurai ga Choudoyoi,7
1206481,kanaki95,16353,Love Lab,7
1165205,DKshadow28,54883,Mononogatari 2nd Season,7
384129,Whimsied,877,Nana,7
354219,Nintendude94,6547,Angel Beats!,8
310159,Hattori_Hanzo,4772,Aria the Origination: Sono Choppiri Himitsu no Basho ni...,6
338008,-kappa,3010,Kaiketsu Zorro,7
368991,Cyrillej1,32887,Dungeon ni Deai wo Motomeru no wa Machigatteiru Darou ka Gaiden: Sword Oratoria,7
381735,The_SPY,154,Shaman King,7
809115,Necro_Takumi,269,Bleach,10
409570,xxxxsoraxxxx,334,Marmalade Boy,5
446920,Unyan,1604,Katekyo Hitman Reborn!,10
556741,shoubijin,22,Tennis no Oujisama,9
105934,Ethy,433,"Kumo no Mukou, Yakusoku no Basho",7
509123,Sh1ni,2131,Bokusatsu Tenshi Dokuro-chan 2,4
29369,1529op,22297,Fate/stay night: Unlimited Blade Works,10
1223801,Swaggerboy69,4224,Toradora!,10
312144,galimx,8514,Break Blade Movie 2: Ketsubetsu no Michi,5
313514,MagicJoker,20787,Black Bullet,6
15505,saome,40075,Koi to Producer: EVOL×LOVE,5
39270,Koji_oe,291,D.C.S.S: Da Capo Second Season,5
99866,ampz37,2145,Black Gate: Kanin no Gakuen,6
66950,donkehsoup,2031,Shining Tears X Wind,8
371893,Epharmon,8630,Hidan no Aria,7
494240,MariaDay,416,Kurenai no Buta,8
18927,Zenas,3712,Zero no Tsukaima: Princesses no Rondo,8
338915,Brain-Trash,2622,Big Wars: Kami Utsu Akaki Kouya ni,6
355669,Yclan,31580,Ajin,7
115975,alchimique,31043,Boku dake ga Inai Machi,9
72393,animelover222,10110,Mayo Chiki!,6
852079,Ranger_Arthur,987,Dragon Ball GT: Gokuu Gaiden! Yuuki no Akashi wa Suushinchuu,6
17692,Antione,226,Elfen Lied,10
359212,reders,5680,K-On!,10
559411,Kerinvel,898,Dragon Ball Z Movie 05: Tobikkiri no Saikyou tai Saikyou,8
65638,neokenji,7669,"""Bungaku Shoujo"" Kyou no Oyatsu: Hatsukoi",7
296184,Glasslake,4382,Suzumiya Haruhi no Yuuutsu (2009),2
350220,codegeassuser,523,Tonari no Totoro,9
86089,Kane40,7972,"Chi's Sweet Home: Chi to Kocchi, Deau.",7
357013,blackmirrorshard,120,Fruits Basket,7
472620,Neefree,1686,Bleach Movie 1: Memories of Nobody,6
445469,MaraSabakuno,269,Bleach,8
34900,riuu,5530,Pandora Hearts,8
22135,Funni_Yamato,16742,Watashi ga Motenai no wa Dou Kangaetemo Omaera ga Warui!,8
583073,gelpcpc,40417,Fruits Basket 2nd Season,7
94345,DaRk5nAk3,10249,Toaru Majutsu no Index-tan II,6
22434,feedmeseymour,27,Trinity Blood,7
553347,UwasanoAkuma,1313,Digimon Adventure 02,8
487609,johnny384316,30831,Kono Subarashii Sekai ni Shukufuku wo!,9
18441,battleknight45,5194,Aneimo,9
74673,INVASION,3050,Panchira Teacher,6
55554,darkkodiak,6773,Shakugan no Shana III (Final),7
32533,Peeping_Tom,1527,Pokemon: Senritsu no Mirage Pokemon,7
357885,EchoFaith,22835,Himegoto,5
388996,GalbadiaGaymer,20689,Hamatora The Animation,10
67652,T-k-R,2904,Code Geass: Hangyaku no Lelouch R2,10
384101,Ozen-7,32189,Danganronpa 3: The End of Kibougamine Gakuen - Mirai-hen,10
692133,NinetyBeats,28223,Death Parade,7
602715,fathomlessblue,37497,Irozuku Sekai no Ashita kara,4
347542,jagleny,35838,Shoujo Shuumatsu Ryokou,7
57394,Artemes,237,Koukyoushihen Eureka Seven,8
645479,evilzeratul,11771,Kuroko no Basket,9
397987,shadyren,3229,Kimi ga Aruji de Shitsuji ga Ore de,7
18996,Echoes,36001,Alice or Alice,2
46396,MrYu,3005,Shadow Skill,8
612289,edogawa92,5039,Kurozuka,8
37050,Frettiko,16528,Hal,9
112635,douglas22888,27831,Durarara!!x2 Ten,9
519359,Yullsin,8516,Baka to Test to Shoukanjuu Ni!,6
327343,NajlepszyGust,479,Ueki no Housoku,5
363965,purgatorio,10397,Mashiro-iro Symphony: The Color of Lovers,10
19007,Basroil,18507,Free!,8
88312,Tim,1817,DearS: Kin no Tama desu no?,8
9915,GTS,1032,Kumo no You ni Kaze no You ni,7
462695,Shinzai,18229,Gatchaman Crowds,7
354344,SURAIRU,7791,K-On!!,8
491206,kelebeq,15809,Hataraku Maou-sama!,8
1099209,RedaOuazizi,106,Hana yori Dango,8
1060101,notyourmother,10620,Mirai Nikki (TV),9
891747,StrayKatana,119,Final Approach,6
435016,hotissue,142,Kamikaze Kaitou Jeanne,5
583371,SparkleS_Anime,4835,Bleach Movie 3: Fade to Black - Kimi no Na wo Yobu,7
529459,Daif0r,25183,Gangsta.,9
80171,HisuiRT,356,Fate/stay night,7
605485,kyonkoukun,14741,Chuunibyou demo Koi ga Shitai!,10
361159,BBc04,3002,Gyakkyou Burai Kaiji: Ultimate Survivor,10
393578,lannysan,1840,Zero no Tsukaima: Futatsuki no Kishi,6
1075197,Korgi,834,Bleach: The Sealed Sword Frenzy,8
2949,Sonzai,48583,Shingeki no Kyojin: The Final Season Part 2,7
401351,Madara31,17157,Nozoki Ana,7
306491,apknoname,21,One Piece,8
359225,wotakutrash,93,Kidou Senshi Gundam SEED,4
1092237,Skycell,6547,Angel Beats!,10
323533,Azola,5690,Nodame Cantabile: Finale,7
399582,sir_fergo,22319,Tokyo Ghoul,7
46307,lapisdragon,10838,Double-J,6
380898,iamlaws,13357,High School DxD Specials,6
70515,lithiumflower,2761,Densetsu Kyojin Ideon: Hatsudou-hen,8
1120767,PeroXiTy,21,One Piece,9
331187,FuZionForm,20507,Noragami,8
115633,Blassreiter,1726,Devil May Cry,8
34071,michael819,472,To Heart,7
573537,kaldicuck,6547,Angel Beats!,9
298444,Reoku,73,Full Metal Panic! The Second Raid,8
1072987,Vlaskiyov,6802,So Ra No Wo To,8
396986,NaoNagase,129,Gensoumaden Saiyuuki,10
374701,retroreloader,876,Street Fighter II V,8
1260401,zerothas,3712,Zero no Tsukaima: Princesses no Rondo,9
1289481,Yuki54,6030,Needless,6
557281,Jesserfly,12671,Pokemon Movie 15: Kyurem vs. Seikenshi,10
393298,Lunarasea,1689,Byousoku 5 Centimeter,8
72845,cookiedance,1691,Kaze no Stigma,5
399183,WhiteFang1,6,Trigun,7
347320,MasTer9006,6213,Toaru Kagaku no Railgun,10
345872,old_Bibigon,372,Cardcaptor Sakura Movie 2: Fuuin Sareta Card,7
501782,Halwill,431,Howl no Ugoku Shiro,10
524139,BlondieHobbit,11013,Inu x Boku SS,7
918761,Kousoku11,16782,Kotonoha no Niwa,8
408090,freak32,3166,Ayakashi,7
5520,oni41,2517,Eikoku Koi Monogatari Emma: Intermission,9
323677,MainGoldDragon,13367,"Kono Naka ni Hitori, Imouto ga Iru!",8
39680,xKisax,24701,Mushishi Zoku Shou 2nd Season,9
315313,WiseHorror,21405,Bokura wa Minna Kawai-sou,8
712429,Me262,10521,Working'!!,6
891747,StrayKatana,275,Love♥Love?,6
1168853,SaDolG,1519,Black Lagoon: The Second Barrage,7
457542,KittenSeitz,4835,Bleach Movie 3: Fade to Black - Kimi no Na wo Yobu,6
396783,Drusilla,61,D.N.Angel,9
108105,SapphireChan,5356,Canaan,8
292293,nina1015,243,Gravitation,9
336447,Tikano,20,Naruto,6
1229825,GokuSaiyajin4,225,Dragon Ball GT,7
426914,marcin2255,30831,Kono Subarashii Sekai ni Shukufuku wo!,7
301579,Ferret0nCrack,6772,Break Blade Movie 1: Kakusei no Toki,6
310553,Asmod3us,10659,Naruto Soyokazeden Movie: Naruto to Mashin to Mitsu no Onegai Dattebayo!!,8
459073,KevS2,8074,Highschool of the Dead,4
371338,Ragna92,11617,High School DxD,7
558815,warnerc,20,Naruto,7
61416,Kranken33,11633,Blood Lad,9
425523,Brainsniff,41433,Akudama Drive,6
8596,retardation,585,Mimi wo Sumaseba,6
326824,Apila,861,xxxHOLiC,7
507830,AkiKiba,16498,Shingeki no Kyojin,10
116413,Issuxark,22199,Akame ga Kill!,8
469349,Hitokire,27991,K: Return of Kings,10
7659,Augures,468,Innocence,8
498753,Borgnine,3002,Gyakkyou Burai Kaiji: Ultimate Survivor,10
75246,DMSchmidt,819,Boku wa Imouto ni Koi wo Suru,6
1242933,VanishingAge,467,Koukaku Kidoutai: Stand Alone Complex,9
36778,crazypackersfan,22535,Kiseijuu: Sei no Kakuritsu,5
14783,Turkish,198,Speed Grapher,10
331918,Nitroksit,1238,One Piece: Mamore! Saigo no Dai Butai,6
571397,Keinrix,2963,Minami-ke,8
16061,Lonyo,226,Elfen Lied,7
340698,knife6,35076,Juuni Taisen,6
45565,Tilula,37893,Yami Shibai 6,8
1132103,ernestboy,934,Higurashi no Naku Koro ni,7
10723,xResolution,534,Slayers,7
310506,myrte,1205,Aru Tabibito no Nikki,10
111893,kd100,233,Daa! Daa! Daa!,6
715537,xnbreakable,364,Gallery Fake,8
397114,Eldrich,147,Kimi ga Nozomu Eien,5
401667,Bunny_Rukia,464,One Piece Movie 06: Omatsuri Danshaku to Himitsu no Shima,6
92184,ZeVoX,13601,Psycho-Pass,8
5789,polonius,43,Koukaku Kidoutai,8
510809,1148,7805,Baka to Test to Shoukanjuu: Mondai - Christmas ni Tsuite Kotae Nasai,6
57934,Koby,2124,Code Geass: Hangyaku no Lelouch Recaps,5
60226,oceaneyes,1006,Tenchi Muyou! in Love,8
47087,Elzy,34944,Bungou Stray Dogs: Dead Apple,9
93487,_makoto_,469,Karin,8
433496,baka_star,4752,Vampire Knight Guilty,8
82565,Darex1991,30911,Tales of Zestiria the Cross,10
639431,shortblkkid,2993,Rosario to Vampire,8
75128,Daithi,205,Samurai Champloo,8
772679,DemUnbeliever,53199,Kidou Senshi Gundam: Suisei no Majo Season 2,7
495385,tsstkiller,61,D.N.Angel,10
475331,funicotudo,889,Black Lagoon,8
430424,Alter_ego_radio,9756,Mahou Shoujo Madoka★Magica,7
50274,rahuluhar,2464,Yoshinaga-san'chi no Gargoyle Specials,9
105506,shadowslayer666,4814,Junjou Romantica 2,9
50388,moonangel22,857,Air Gear,10
1214551,xxRaika,11759,Accel World,7
411229,Ventrue_G,120,Fruits Basket,7
3785,zygreal,2605,Sayonara Zetsubou Sensei,10
20174,Yomiko,30,Neon Genesis Evangelion,2
412104,hermancrab,31964,Boku no Hero Academia,7
484092,Vasto-Lorde,102,Aishiteruze Baby★★,8
1287831,eEnder,6211,Tokyo Magnitude 8.0,7
409419,Kediv,1735,Naruto: Shippuuden,8
96117,norachan,861,xxxHOLiC,8
1105517,Rogueleader17,202,Wolf's Rain,10
418722,Solarys,16894,Kuroko no Basket 2nd Season,9
1056965,koizumi193,8915,Dantalian no Shoka,7
37303,Eclia,4192,Hayate no Gotoku!!,7
1214585,Shanafag,9063,Toaru Kagaku no Railgun: Entenka no Satsuei Model mo Raku Ja Arimasen wa ne.,5
419512,x1Prophet1x,470,Okusama wa Joshikousei (TV),5
315993,chamel,34100,Fate/kaleid liner Prisma☆Illya Movie: Sekka no Chikai,9
474089,LightShinez,962,Aria the Natural,7
475568,GrooovyLink,11665,Natsume Yuujinchou Shi,8
60958,Wrzask,10884,Saki Achiga-hen: Episode of Side-A,6
501536,sironimo,24415,Kuroko no Basket 3rd Season,8
329755,Raina24,38000,Kimetsu no Yaiba,10
290232,Kyon43,31621,Ooya-san wa Shishunki!,7
503459,kishouarima,13333,Tari Tari,7
103400,becca_,499,Makai Toshi Shinjuku,8
434917,sptor,8675,Seitokai Yakuindomo,7
550263,astarajingga,18095,Nourin,8
1092417,Kitten_Kommander,7088,Ichiban Ushiro no Daimaou,6
32078,MADDOGGX78,906,Dragon Ball Z Movie 13: Ryuuken Bakuhatsu!! Gokuu ga Yaraneba Dare ga Yaru,7
348318,fire_alchemist,9724,Break Blade Movie 5: Shisen no Hate,7
22902,Tora,16524,Suisei no Gargantia,7
83658,indyano,226,Elfen Lied,10
305381,banas002,32901,Eromanga-sensei,6
8453,Amanojaku,189,Love Hina,5
357,zhambi,2369,Rental Magica,6
440719,Santanico,719,Ai no Kusabi,7
1104101,shyheartxxmoon,738,MÄR,10
1112529,heratype2,10218,Berserk: Ougon Jidai-hen I - Haou no Tamago,7
472978,N_NeaR,4224,Toradora!,6
316986,hangyakunocloud,984,Dragon Ball Z: Saiya-jin Zetsumetsu Keikaku,9
56586,Saitoe,15005,Kyou no Asuka Show,5
926797,SLASHchevDiMan,13601,Psycho-Pass,9
323835,darknessbird,1693,Reideen,4
108284,Cygnus428,2966,Ookami to Koushinryou,9
83616,mucchii,85,Kidou Senshi Zeta Gundam,6
29403,alzabo,982,Cosplay Complex,4
354634,Decamper,4280,Kara no Kyoukai Movie 4: Garan no Dou,6
111884,Ikuzomi,23755,Nanatsu no Taizai,9
66333,Shaman,335,Matantei Loki Ragnarok,7
325691,Versus21,126,Futakoi Alternative,9
352549,Namphi,39587,Re:Zero kara Hajimeru Isekai Seikatsu 2nd Season,10
1074603,Hesmora,19429,Akuma no Riddle,8
481059,Bluer123,48661,JoJo no Kimyou na Bouken Part 6: Stone Ocean,9
487237,Heinight,31988,Hibike! Euphonium 2,9
17820,rayfus,5347,Bible Black: Imari Ryoujoku Genba,7
1218105,Unifizz,21,One Piece,9
455390,loser-,31519,Anitore! EX,9
1221225,jossyhachi,50634,Love Me: Kaede to Suzu The Animation,7
354385,TheMattS,3229,Kimi ga Aruji de Shitsuji ga Ore de,7
16632,ryuuflame,7674,Bakuman.,7
1235363,GintongMartilyo,4224,Toradora!,9
108683,Otrin,237,Koukyoushihen Eureka Seven,8
23435,Savuke,7110,Shounen Maid Kuuro-kun: Tenshi no Uta,6
1146163,Japrno,9756,Mahou Shoujo Madoka★Magica,10
432867,blue_pheasant,10172,Freezing Specials,5
76560,Klona,40454,Dungeon ni Deai wo Motomeru no wa Machigatteiru Darou ka III,6
494276,maximillionp,2001,Tengen Toppa Gurren Lagann,10
848,Shinigami,2993,Rosario to Vampire,4
92350,morty500,7661,Giant Killing,7
51464,Sakagamii,1764,Slam Dunk (Movie),5
572597,ayu_hara,20,Naruto,7
321835,Jisagi,41623,Isekai Maou to Shoukan Shoujo no Dorei Majutsu Ω,7
1264333,CopycatHS,13331,Jormungand: Perfect Order,9
73041,zay2,48,.hack//Sign,7
106530,Maicro,4654,Toaru Majutsu no Index,9
9092,Rasengan,1482,D.Gray-man,10
344400,StereoType,8074,Highschool of the Dead,7
114861,Tsubatsu,5152,Dragon Ball: Ossu! Kaettekita Son Gokuu to Nakama-tachi!!,8
1239449,Dogville,3358,Kure-nai,10
8850,Akaru_,407,Tantei Gakuen Q,7
455707,Hyleeh,32,Neon Genesis Evangelion: The End of Evangelion,10
1070903,Enuma-Elish,8841,Kore wa Zombie desu ka?,7
1140427,Kleineputchen,2931,Mokke,8
91541,CesarMagnan,60,Chrno Crusade,9
22911,bullterrierlove,7054,Kaichou wa Maid-sama!,6
1226955,CrimsonKiwi,18767,BlazBlue: Alter Memory,8
1062183,Sekimatsumi,1195,Zero no Tsukaima,9
913611,foxburgerking,27821,Fate/stay night: Unlimited Blade Works Prologue,8
1113555,ReinMyle,430,Fullmetal Alchemist: The Conqueror of Shamballa,6
30905,redcrowe9,528,Pokemon Movie 01: Mewtwo no Gyakushuu,7
534873,SaberFate,587,Hanbun no Tsuki ga Noboru Sora,6
7884,xevi0us,14813,Yahari Ore no Seishun Love Comedy wa Machigatteiru.,6
366396,shinji144,40586,"Slime Taoshite 300-nen, Shiranai Uchi ni Level Max ni Nattemashita",6
16540,katsup,3001,Moyashimon,7
471197,KGoldenbug,903,Dragon Ball Z Movie 10: Kiken na Futari! Super Senshi wa Nemurenai,10
354482,Volne,356,Fate/stay night,9
20317,Neji,3841,Chi's Sweet Home,9
57673,rikichi-chan,431,Howl no Ugoku Shiro,9
308201,mohomerlin,6205,Kämpfer,7
1095763,Mr_ASM,4672,Koukaku Kidoutai 2.0,10
439148,geminilaser,4872,Goku Sayonara Zetsubou Sensei,8
24710,mapers,19,Monster,4
339399,Ryo-kunnn,8516,Baka to Test to Shoukanjuu Ni!,7
77804,Emnily,5717,Kiniro no Corda: Secondo Passo,7
443040,Xeondile,10396,Ben-To,10
918235,imouto,53621,Jijou wo Shiranai Tenkousei ga Guigui Kuru.,7
54499,Annoth,4866,Pico x CoCo x Chico,7
503082,Schmitty0001,24415,Kuroko no Basket 3rd Season,9
38442,speedyquick,32281,Kimi no Na wa.,10
66068,Kigeko,2236,Toki wo Kakeru Shoujo,10
489989,hideyoshinya,323,Mousou Dairinin,9
464796,Cchan06,1530,Kanon (2006),9
369282,Looboer,8841,Kore wa Zombie desu ka?,10
721,Sayosi,877,Nana,8
12880,death1001,451,InuYasha Movie 3: Tenka Hadou no Ken,7
1064081,_enkidu_,10372,Kamisama Dolls,6
431763,Moonlyght,6880,Deadman Wonderland,8
340744,Asturaetus,30383,Classroom☆Crisis,6
32368,Deshou,2986,Bamboo Blade,9
1053405,Szopq,11617,High School DxD,7
528227,bou_bou,1482,D.Gray-man,8
76302,Andyroo,2236,Toki wo Kakeru Shoujo,8
494748,ray357,48779,Deaimon,8
27020,Shadowk,121,Fullmetal Alchemist,8
103065,Neki-san,3782,Kara no Kyoukai Movie 2: Satsujin Kousatsu (Zen),4
546886,caramerupudding,15109,Cuticle Tantei Inaba,9
1089983,tawan-,9999,One Piece 3D: Mugiwara Chase,7
318298,IIHavengateII,226,Elfen Lied,10
310159,Hattori_Hanzo,10573,Tennis no Ouji-sama: Another Story II - Ano Toki no Bokura,6
30618,Derovian,442,Naruto Movie 1: Dai Katsugeki!! Yuki Hime Shinobu Houjou Dattebayo!,7
16047,joker012,42205,Shaman King (2021),4
1231813,ShinigamiKhan,50,Aa! Megami-sama! (TV),10
52734,sage87,565,Steamboy,9
1144939,Toradora-ble,7769,Ookami-san to Shichinin no Nakama-tachi,10
376898,SoraKH2,9181,Motto To LOVE-Ru,10
388019,Cheagle,264,Hajime no Ippo: Champion Road,9
544263,Tasitor,23259,Gundam: G no Reconguista,3
522155,Takion,14741,Chuunibyou demo Koi ga Shitai!,7
1188945,Vaan84,393,Escaflowne,8
506410,Gonarad,28791,Gunslinger Stratos The Animation,6
95800,limchi7,1575,Code Geass: Hangyaku no Lelouch,8
1185489,awesomeguy925,31297,"Tokyo Ghoul: ""Pinto""",7
355287,rushy43,10372,Kamisama Dolls,8
1094877,Iznogoud64,3958,Kannagi,8
483445,Cabib,36098,Kimi no Suizou wo Tabetai,8
493258,JDodds,166,Samurai 7,7
438153,Ruby-Girl,126,Futakoi Alternative,3
1230335,Dreadrout,3652,Higurashi no Naku Koro ni Rei,7
2026,PhiloVaughn,1557,Shounen Onmyouji,7
893445,penguinhero,1571,Ghost Hunt,10
373555,kazkas,40748,Jujutsu Kaisen,9
469363,Mahan-K,934,Higurashi no Naku Koro ni,9
302554,-Miit-,433,"Kumo no Mukou, Yakusoku no Basho",8
44672,abisi,1792,Overman King Gainer,5
882521,Osarah,12967,Arcana Famiglia,7
350862,dmzkrsk,416,Kurenai no Buta,6
43564,OwnedSage,41619,Munou na Nana,8
402925,hitanyan,232,Cardcaptor Sakura,9
88458,Drabolik,1570,Happiness!,6
478130,sunshine84,192,Love Hina Haru Special: Kimi Sakura Chiru Nakare!!,7
347445,Doomlord,20507,Noragami,10
41474,Jyagan,1520,Black Jack,8
58133,hatethesenames,77,Mahou Shoujo Lyrical Nanoha A's,8
916173,Bargiel,2001,Tengen Toppa Gurren Lagann,8
796209,Olya_ABC,4722,Skip Beat!,8
532775,MissMoon91,156,X,9
364081,xGingax,28725,Kokoro ga Sakebitagatterunda.,7
462540,Guu-oneesama,879,Simoun,9
941101,ProdigaI,12115,Berserk: Ougon Jidai-hen III - Kourin,10
325762,death2king,9938,Ikoku Meiro no Croisée The Animation,7
1239405,JavoJaco,813,Dragon Ball Z,10
429081,endlessfaith,30831,Kono Subarashii Sekai ni Shukufuku wo!,5
590657,MadScientist,6098,Sora no Manimani,10
1125239,leyvatein,7472,Gintama Movie 1: Shinyaku Benizakura-hen,10
309015,LuduanFenrix,1956,Ikkitousen: Dragon Destiny,6
315293,Krokos,2472,Naruto: Shippuuden Movie 1,6
1229501,ViviHaru,2772,Juushin Enbu: Hero Tales,5
990679,wonder-kya,4181,Clannad: After Story,9
411491,Silentxkeybearer,16592,Danganronpa: Kibou no Gakuen to Zetsubou no Koukousei The Animation,10
305878,otaking_,3479,Taimanin Asagi,10
489010,Krono-Ky,570,Jin-Rou,9
410630,cherdachnik,104,Ayashi no Ceres,9
505897,Water_fall,4789,ef: A Tale of Melodies.,9
1263571,Magma__,1570,Happiness!,4
298754,FatherAnderson,6675,Redline,8
88215,zuban666,10711,Plastic Neesan,7
484318,jokerafk,5680,K-On!,10
61286,otaku228,16,Hachimitsu to Clover,9
1215967,Mewra,31964,Boku no Hero Academia,8
33918,AnonymousCF,372,Cardcaptor Sakura Movie 2: Fuuin Sareta Card,9
559131,eriol1988,7739,11eyes: Momoiro Genmutan,7
327975,clovenn,3784,Evangelion: 2.0 You Can (Not) Advance,10
374643,jaferris,2993,Rosario to Vampire,6
430910,Danshimaru,92,Kidou Shinseiki Gundam X,7
388622,Northen_Lights,1787,Viper GTS,8
384956,SearingChaos,401,Rurouni Kenshin: Meiji Kenkaku Romantan - Seisou-hen,10
1133,BlueFoxAngel,9776,A-Channel,7
1109289,tanita92,6746,Durarara!!,8
761159,amvmakerkandy,24919,Aoki Hagane no Arpeggio: Ars Nova Movie 1 - DC,8
1166509,DNES15,2107,One Piece Movie 08: Episode of Alabasta - Sabaku no Oujo to Kaizoku-tachi,9
1262949,rodentqween99,486,Kino no Tabi: The Beautiful World,10
382727,Mikami2236,226,Elfen Lied,10
494608,Flag88,1723,Clannad Movie,7
49274,y3johnny,9989,Ano Hi Mita Hana no Namae wo Bokutachi wa Mada Shiranai.,6
311418,Leex,1818,Claymore,8
21954,arnxx,4975,ChäoS;HEAd,6
882007,odinsson,7059,Black★Rock Shooter (OVA),7
483304,Zhearkidu,849,Suzumiya Haruhi no Yuuutsu,8
1123031,Nihilchan,1195,Zero no Tsukaima,10
297931,Rabi-chan,3655,Nabari no Ou,10
41881,WTFwasThat,10165,Nichijou,10
1277323,anim3lov3r94,20,Naruto,6
291285,Ribbit,5,Cowboy Bebop: Tengoku no Tobira,10
569325,Luger,1079,Armitage III,7
420428,Zekari,14345,Btooom!,7
21547,zenichi,1723,Clannad Movie,4
79781,semitree,3931,Initial D Battle Stage 2,10
932631,HaniMuharraqi,2904,Code Geass: Hangyaku no Lelouch R2,10
568087,kiss,5630,Higashi no Eden,9
529253,Oo-Muda-Senpai,10209,Kore wa Zombie desu ka? OVA,7
58615,shknbk,6984,Hidamari Sketch x 365 Specials,8
1233869,brokenanchors,9926,Sekaiichi Hatsukoi,10
356131,Kakashi000,20507,Noragami,8
356706,xTess,9756,Mahou Shoujo Madoka★Magica,5
69647,Ddbill,7059,Black★Rock Shooter (OVA),8
472620,Neefree,11553,Toradora!: Bentou no Gokui,8
1273671,JasonItachi,1119,Pokemon Movie 04: Celebi Toki wo Koeta Deai,7
110899,Puncka,2148,Okane ga Nai,9
1050859,Veidaakyou,10798,Un-Go,7
322739,Litew,2904,Code Geass: Hangyaku no Lelouch R2,9
44372,FlarisKnight,9253,Steins;Gate,9
93819,Necrontyr,1105,Digital Juice,3
383988,Trashfinder,39392,Master Piece The Animation,3
118259,BlueSkies,644,Hachimitsu to Clover Specials,8
340342,Kore_wa_Destiny,297,Grenadier: Hohoemi no Senshi,6
1201137,Headphone,14645,Hiiro no Kakera 2,5
344832,BlackStarX,4903,Kyou no 5 no 2 (TV),8
58811,rifujin,31043,Boku dake ga Inai Machi,8
1066619,keinokyn,5356,Canaan,9
360420,Dorkus,15687,Chuunibyou demo Koi ga Shitai! Lite,9
402347,Hisagi-Chan,263,Hajime no Ippo,7
38316,Meiji,40778,Planetarian: Snow Globe,6
75150,Zeino,418,Ranma ½: Chuugoku Nekonron Daikessen! Okite Yaburi no Gekitou-hen!!,7
476381,Kandrakah,8425,Gosick,8
25856,Tigon_3rd,154,Shaman King,7
389558,eighth,8197,So Ra No Wo To Specials,8
519621,thuong222,17265,Log Horizon,10
455373,Crouchez,35806,"Haikyuu!! vs. ""Akaten""",6
439614,zenron,4382,Suzumiya Haruhi no Yuuutsu (2009),7
322376,animefanboy123,5630,Higashi no Eden,10
450032,Puraido,1689,Byousoku 5 Centimeter,8
115614,MuteX,137,Hunter x Hunter: Original Video Animation,8
536111,LilyXMaximum,61,D.N.Angel,7
328796,Nah,11771,Kuroko no Basket,8
1165299,daaia,2201,Pokemon Movie 09: Pokemon Ranger to Umi no Ouji Manaphy,6
341203,Uskon,11843,Danshi Koukousei no Nichijou,10
525271,Mihoshi,387,Haibane Renmei,6
446015,Dragon,13125,Shinsekai yori,4
505178,fullbleach,10546,Rinkan Club,6
7920,AniMeFreaK,11771,Kuroko no Basket,8
455522,x264titan,25389,"Dragon Ball Z Movie 15: Fukkatsu no ""F""",7
499342,AndersonEYR,6880,Deadman Wonderland,8
80464,Tenaka,8557,Shinryaku! Ika Musume,8
1231215,shards0fsatan,1535,Death Note,10
83414,Shadowstalker3,10087,Fate/Zero,8
496006,Bluie123,9513,Beelzebub,8
376895,hazree,28701,Fate/stay night: Unlimited Blade Works 2nd Season,10
409735,Zeriak,34636,Ballroom e Youkoso,10
9288,Gladius,50265,Spy x Family,5
390986,Catalano,2018,Warau Hyouteki,6
58125,Jazma,1735,Naruto: Shippuuden,1
474216,AdeptMia,121,Fullmetal Alchemist,10
64115,mrhandball,6849,Bouken Dankichi: Hyouryuu no Maki,4
396148,Uncle_Ho,1,Cowboy Bebop,9
56182,metfan149,5356,Canaan,8
298620,Seanstar,3627,D.C.II S.S.: Da Capo II Second Season,7
325331,novurdim,37989,Golden Kamuy 2nd Season,8
303962,nojzero,21,One Piece,6
320067,Urteil,1953,Code Geass: Hangyaku no Lelouch Picture Drama,6
115943,Leomir,31588,All Out!!,7
384399,Trane_One,39783,5-toubun no Hanayome ∬,8
470218,Gaged,4472,Lucky☆Star: Original na Visual to Animation,6
1124155,Cirice,8987,Princess Knight☆Catue,5
508378,minfremi,5081,Bakemonogatari,9
629421,singinglupines,9919,Ao no Exorcist,9
386378,Freak-kun,5681,Summer Wars,9
1059767,Traick,7662,Shinrei Tantei Yakumo,7
1190729,Bee483,9919,Ao no Exorcist,8
7601,Eriasu,17777,"Saikin, Imouto no Yousu ga Chotto Okashiinda ga.",7
25358,burningSunset,16782,Kotonoha no Niwa,9
21463,gamergirl,2164,Dennou Coil,10
101374,HaineChan,6634,Sengoku Basara Ni,9
66487,darckshadow5,226,Elfen Lied,8
351884,Dagontremere,237,Koukyoushihen Eureka Seven,8
459757,celydia,35507,Youkoso Jitsuryoku Shijou Shugi no Kyoushitsu e,7
18226,MOTO,10464,Seitokai no Ichizon Lv.2,7
560765,tsundere_girl,7017,K-On!: Ura-On!,5
90849,ragsmaloy,2030,El Cazador de la Bruja,6
303688,Brocksx,35790,Tate no Yuusha no Nariagari,8
544263,Tasitor,411,Gun x Sword,8
534745,Gunner_Neko,527,Pokemon,10
500607,IcecrystalEX,36828,Caligula (TV),8
53772,pra,6547,Angel Beats!,6
105095,vilkaslt,199,Sen to Chihiro no Kamikakushi,9
442040,revii-chan,552,Digimon Adventure,10
358085,Zoome,10620,Mirai Nikki (TV),7
351083,HeroicLandis,154,Shaman King,8
369286,AnimePrince101,3457,Vampire Knight,9
537805,NakoNako,40748,Jujutsu Kaisen,10
61735,Yaikon69,2904,Code Geass: Hangyaku no Lelouch R2,10
383742,leminlyme,14345,Btooom!,6
1197325,kaoscj,2759,Evangelion: 1.0 You Are (Not) Alone,8
588803,ShadowBlaze94,1735,Naruto: Shippuuden,7
1213429,Avelon4,9065,Hakuouki: Hekketsuroku,9
717529,domine,5496,Feng Yun Jue,8
301635,Crimson-Star,2928,.hack//G.U. Returner,7
567631,Cyanogenoid,9260,Kizumonogatari I: Tekketsu-hen,9
406411,Zeronolouise,813,Dragon Ball Z,7
343623,narutosagemode,63,DearS,7
81755,Pimpalicious,77,Mahou Shoujo Lyrical Nanoha A's,8
291024,crimsoncryst,21327,Isshuukan Friends.,7
40654,Aphiel1,303,Aa! Megami-sama!: Chichaitte Koto wa Benri da ne,6
450057,terrehbyte,431,Howl no Ugoku Shiro,8
99815,Tong,2993,Rosario to Vampire,6
472149,ChaosSoul,7,Witch Hunter Robin,4
11548,wassabi,2904,Code Geass: Hangyaku no Lelouch R2,10
381276,HannahDabash,16498,Shingeki no Kyojin,10
94580,Inscitia,205,Samurai Champloo,10
584349,jshoover2199,120,Fruits Basket,9
362374,Yuubi,1171,Slayers Excellent,7
465657,gmerschmann,1258,Saint Seiya: Kamigami no Atsuki Tatakai,4
518437,paulius518,7088,Ichiban Ushiro no Daimaou,10
79942,djanime2008,16894,Kuroko no Basket 2nd Season,9
374221,FXAW,39239,Sword Art Online: Alicization - Recollection,6
1083253,Fa19,35326,Saint Seiya: Gold Saints Data File,6
473442,Enot-Poluskuns,11577,Steins;Gate Movie: Fuka Ryouiki no Déjà vu,5
833965,Ghaz_ranka,146,Kono Minikuku mo Utsukushii Sekai,8
297330,Bellebellabell,5262,Shugo Chara!! Doki,10
503914,_Zwei_,5690,Nodame Cantabile: Finale,9
50260,kristin,10162,Usagi Drop,10
70749,Dizzee,779,Detective Conan Movie 01: The Timed Skyscraper,8
495984,Misisou,4280,Kara no Kyoukai Movie 4: Garan no Dou,9
9228,neko-tan,1072,Sweat Punch,9
6492,nategasm,813,Dragon Ball Z,7
301626,doujinshi,3457,Vampire Knight,6
1242185,punchline,13601,Psycho-Pass,7
14143,Atemu,1599,Eat-Man '98,8
353510,kagome_lin,20,Naruto,10
759107,kabaca,10638,Denpa Onna to Seishun Otoko: Mayonaka no Taiyou,9
29277,Ibuki-Daisuke,169,Shingetsutan Tsukihime,8
1188617,bignick142,29095,Grisaia no Rakuen,8
363521,Seraphil,865,Kikou Senki Dragonar,8
870611,Zulrage,36267,Uchuu Senkan Tiramisù,4
482429,OmegaTexnos,6547,Angel Beats!,7
65685,Floki_Agnarsson,1142,Hachimitsu to Clover II,10
1245711,ReikaYagami,12883,Tsuritama,8
489562,Staz117,17269,Captain Herlock,8
1084219,Rokodo,656,Air in Summer,6
479946,akatsukiwolf19,656,Air in Summer,8
69826,Chaoman,59,Chobits,8
373663,Zathoros,41168,Nakitai Watashi wa Neko wo Kaburu,8
78993,lunarhowl,54,Appleseed (Movie),10
291006,Estbrooke,469,Karin,9
554111,Stasie,2927,KimiKiss Pure Rouge,8
324908,kaiomai,473,Tide-Line Blue,6
788083,MetalNips,2131,Bokusatsu Tenshi Dokuro-chan 2,6
516267,pandastripe,16918,Gin no Saji,8
59081,handsomepcm,2325,Angel Blade Punish!,9
20477,devk4,190,Love Hina Again,9
557853,otakulineage,31798,Kiznaiver,8
426668,ktegate,269,Bleach,8
424405,kettle70,98,Mai-HiME,7
913127,Mozaiik,28891,Haikyuu!! Second Season,8
1121633,xxShizoxxx,34497,Death March kara Hajimaru Isekai Kyousoukyoku,5
437345,Absciss1,227,FLCL,9
733591,skyofheaven,13659,Ore no Imouto ga Konnani Kawaii Wake ga Nai.,8
454584,Laryrogx,8841,Kore wa Zombie desu ka?,10
392367,VegetaaSS4,31338,Hundred,5
1240723,nyoomp,32281,Kimi no Na wa.,10
65973,Devils_daughter,2476,School Days,8
499114,abydear,5114,Fullmetal Alchemist: Brotherhood,9
19688,Hellmonkey,1,Cowboy Bebop,8
1090071,Popchansky,8293,Gakuen Saimin Reido,6
642445,speedsabrina,17,Hungry Heart: Wild Striker,8
459811,Happosama,37498,Black Fox,7
79236,daikan,1607,Venus Versus Virus,5
99497,SonMati,40417,Fruits Basket 2nd Season,10
1065713,Gracjanwol5,22265,Free! Eternal Summer,5
13252,daya,3002,Gyakkyou Burai Kaiji: Ultimate Survivor,8
334577,nutmeg615,878,Zegapain,6
15827,tfmc08,237,Koukyoushihen Eureka Seven,8
61446,JanusVesta,855,Strawberry Panic,9
58662,Setzer,1005,Star Ocean EX,7
527207,shanonm,2923,Shugo Chara!,6
326018,Zetsubou89,17269,Captain Herlock,9
91888,Gdynianin,6985,Buddha Saitan,4
475799,pinky_swear,6714,Dragon Ball Z: Atsumare! Gokuu World,5
43427,phoenux,20,Naruto,7
51694,am3n,18153,Kyoukai no Kanata,8
397808,Xcommand,269,Bleach,8
1146985,kooky112,1594,Jigoku Shoujo Futakomori,10
1143147,Namie19,8129,Kuragehime,8
428502,misotoko,28675,Kyoukai no Kanata Movie 2: I'll Be Here - Mirai-hen,9
581171,jetsfan92,1,Cowboy Bebop,10
312369,Meizhan,9675,Kami nomi zo Shiru Sekai: Flag 0,4
1197251,Daneko,7647,Arakawa Under the Bridge,9
371678,Kayleburger,7333,Koisuru Tenshi Angelique: Kagayaki no Ashita Special,6
486215,GreyKaR,389,Karas,6
490105,Allice,2993,Rosario to Vampire,10
389290,MimiMaid,3092,Junjou Romantica,7
443103,albuxa1996,3456,Candy☆Boy: Side Story For Archive,10
30010,SleepySocks,5630,Higashi no Eden,9
575147,kajbent,8676,Amagami SS,7
84085,GooFuu,5065,Detroit Metal City: Birth of the Metal Devil,7
456378,Denkun517,14807,Kara no Kyoukai Movie: Mirai Fukuin,8
561929,Wackel,813,Dragon Ball Z,6
1275807,Attena,4362,Fireball,6
320880,Wildsleven,3782,Kara no Kyoukai Movie 2: Satsujin Kousatsu (Zen),8
421182,wahrhe1t,3457,Vampire Knight,6
34740,Midori_Sora,1015,Full Metal Panic! The Second Raid: Wari to Hima na Sentaichou no Ichinichi,10
546156,Raado,6325,Naruto: Shippuuden Movie 3 - Hi no Ishi wo Tsugu Mono,5
435478,IamInsomnia,6594,Katanagatari,5
56627,DizStratos,47,Akira,9
384604,Arcane05,3848,"One Piece Movie 09: Episode of Chopper Plus - Fuyu ni Saku, Kiseki no Sakura",6
104606,Mugenjo,9331,Yumekui Merry,5
530029,dudehacker,29101,Grisaia no Kajitsu Specials,3
1083353,Jeff_Walker,38753,Araburu Kisetsu no Otome-domo yo.,8
481366,-AoiTsukii-,427,Kaleido Star,9
1223479,blackchidori5252,27821,Fate/stay night: Unlimited Blade Works Prologue,9
554953,Lohgrevance,486,Kino no Tabi: The Beautiful World,7
43274,13thokazaki,6746,Durarara!!,10
1280489,ybs0226,31,Neon Genesis Evangelion: Death & Rebirth,10
10157,mikaz,16680,Pokemon Movie 16: Shinsoku no Genosect - Mewtwo Kakusei,6
538141,EgonMatheus,34134,One Punch Man 2nd Season,8
1109807,dariks,15379,Kotoura-san,7
79595,Velhou,854,Soul Link,6
465427,slavit,20973,Sekai Seifuku: Bouryaku no Zvezda,6
53948,enny25,10719,Boku wa Tomodachi ga Sukunai,7
433247,xSairaxy,129,Gensoumaden Saiyuuki,5
439386,LuckyFantom,4094,Batman: Gotham Knight,7
299061,katrel,5114,Fullmetal Alchemist: Brotherhood,9
292946,CsillaLoli,2251,Baccano!,6
481403,Pra7ull,374,Bannou Bunka Neko-Musume DASH!,7
346895,xVivix3,936,Naruto Movie 2: Dai Gekitotsu! Maboroshi no Chiteiiseki Dattebayo!,8
327626,Crimson_Haven,24,School Rumble,8
368818,Eufrozyna,376,"Elfen Lied: Tooriame nite Arui wa, Shoujo wa Ikani Shite Sono Shinjou ni Itatta ka? - Regenschauer",8
310836,Haak,14713,Kamisama Hajimemashita,7
415843,Renkyu,2890,Gake no Ue no Ponyo,7
341431,raeuberritze,33934,Trigger-chan,6
371964,SNgack,7088,Ichiban Ushiro no Daimaou,6
1252251,CodeXen,1686,Bleach Movie 1: Memories of Nobody,9
33019,Kaminoyouni,6987,Aki-Sora,8
502500,r_tatsuhana,66,Azumanga Daiou The Animation,5
12136,KingPin,52046,"Yuusha Party wo Tsuihou sareta Beast Tamer, Saikyoushu no Nekomimi Shoujo to Deau",9
28912,Wacek,6033,Dragon Ball Kai,8
1194367,cicimon,4021,Seiyou Kottou Yougashiten: Antique,7
326132,ro5b,8074,Highschool of the Dead,7
1101927,Saber186,5630,Higashi no Eden,9
455861,keiichi23,430,Fullmetal Alchemist: The Conqueror of Shamballa,9
549687,AkatsukiFan505,6351,"Clannad: After Story - Mou Hitotsu no Sekai, Kyou-hen",10
424410,dzero,889,Black Lagoon,9
365250,Lin_Tamakie,11737,Ao no Exorcist Movie,7
439499,Ajana1991,16762,Mirai Nikki: Redial,9
322384,Kirry,7054,Kaichou wa Maid-sama!,7
543583,Jett_Fighter,146,Kono Minikuku mo Utsukushii Sekai,7
992711,walyi_desu,14467,K,8
103415,Nissolainen,1559,Shijou Saikyou no Deshi Kenichi,6
20922,li00ns,3001,Moyashimon,8
528489,MMichel,8074,Highschool of the Dead,10
504098,Freemont,28701,Fate/stay night: Unlimited Blade Works 2nd Season,8
1134645,Mukipu,11757,Sword Art Online,1
103379,RafiX,2150,Tanoshii Muumin Ikka,6
446177,Fiolancs,14807,Kara no Kyoukai Movie: Mirai Fukuin,7
116582,Darkloki,1494,Darkside Blues,3
390688,YoMedved,7054,Kaichou wa Maid-sama!,8
1089629,FujoYoshi,3901,Baccano! Specials,10
1126045,SunakoHime,197,Rizelmine,7
470717,MunrowjinBuu,743,Umi ga Kikoeru,6
39404,Dman,226,Elfen Lied,10
11387,Zwei999_Phantom,66,Azumanga Daiou The Animation,9
429889,tata-chan,365,Fake,7
522887,Yokciq,22729,Aldnoah.Zero,7
509027,AnimeMangaVicki,120,Fruits Basket,10
361652,mats,8768,Hiyokoi,9
431248,wavedashh,3456,Candy☆Boy: Side Story For Archive,8
35917,Niteriche,3457,Vampire Knight,9
514380,eiin,12549,"Dakara Boku wa, H ga Dekinai.",7
371673,LIquId4T0r,11433,Ano Natsu de Matteru,7
904015,Crewzador,2397,Digimon Adventure: Bokura no War Game!,8
409819,UndroppableJon,24031,Denki-gai no Honya-san,7
1082673,ngub,5306,Tales of Symphonia The Animation: Tethe'alla-hen,8
356338,LaLuLi,170,Slam Dunk,10
296600,Iann,31683,Danchigai: Juusan Goutou Sentou Ikitai!!,8
24629,Xephifer,5316,Rape! Rape! Rape!,4
487874,Kerotido,5658,Great Mazinger,6
513560,tessma,4181,Clannad: After Story,9
487203,warcloud64,6024,Chi's Sweet Home: Atarashii Ouchi,9
75690,FatedRaver,3457,Vampire Knight,9
468373,Deliora,5341,Ookami to Koushinryou II,9
522585,PinkPandaPig,528,Pokemon Movie 01: Mewtwo no Gyakushuu,8
491125,Ground_zero,1960,Sore Ike! Anpanman,5
51312,nikmax,10067,Angel Beats! Another Epilogue,8
103281,vsv993,2795,Dragonaut: The Resonance,6
101678,eter,37171,Asobi Asobase,9
403012,daigo_sm,243,Gravitation,7
21143,N-Ko,3965,Nodame Cantabile: Nodame to Chiaki no Umi Monogatari,7
39382,Crazyanimegyrl,3958,Kannagi,7
383945,ohmyzomfg,7059,Black★Rock Shooter (OVA),6
507954,Eremitka,1239,Bishoujo Senshi Sailor Moon SuperS,6
1198769,skyrine-guy,304,Aa! Megami-sama! Movie,9
941435,Amiena,6421,Fullmetal Alchemist: Brotherhood Specials,8
341212,Gloqwi,1575,Code Geass: Hangyaku no Lelouch,9
495103,Ellina,9919,Ao no Exorcist,4
12071,PleaseSaveMyL,159,Boukyaku no Senritsu,5
1138181,Xenesz,31380,To LOVE-Ru Darkness 2nd OVA,7
509998,MissHiruma,3359,Amatsuki,9
1225249,ak2502,4081,Natsume Yuujinchou,7
72144,forplay,846,School Rumble Ni Gakki,8
1107037,Musihinx,6951,Yu☆Gi☆Oh! Movie: Chou Yuugou! Toki wo Koeta Kizuna,6
99055,Neko-ISM,65,Rozen Maiden: Träumend,9
89473,chonny,241,Girls Bravo: First Season,6
33350,wantboost,2986,Bamboo Blade,5
561063,Leodip,9074,Arakawa Under the Bridge x Bridge,8
362625,darkdualknight,813,Dragon Ball Z,8
391412,Thanatosz,1051,Ao no 6-gou,7
107460,panda1116,136,Hunter x Hunter,8
292890,YuriNyanko,36655,Souten no Ken: Regenesis,8
401400,Aosaginohi,8074,Highschool of the Dead,10
5851,TheTsunami,52578,Boku no Kokoro no Yabai Yatsu,7
325141,miyukifukami,18195,Little Busters! Refrain,7
96552,Akashi,63,DearS,9
1089925,Aftiz,20,Naruto,7
119663,Nataly-c,356,Fate/stay night,5
292335,Pirluje,226,Elfen Lied,8
362208,Shink0h,32935,Haikyuu!! Karasuno Koukou vs. Shiratorizawa Gakuen Koukou,9
41193,Michi--chan,527,Pokemon,6
345156,Kasumi-Namiko,7592,Nurarihyon no Mago,10
402403,xue0006,11785,Haiyore! Nyaruko-san,7
564765,arrowflash,10719,Boku wa Tomodachi ga Sukunai,6
291574,Lolli_,522,Metropolis,7
63344,RICEA42991,1221,Demashita! Powerpuff Girls Z,6
93469,Kiko812,5902,Hyakujitsu no Bara,7
14184,inflex13,6,Trigun,6
118305,risha,23359,Code Geass: Boukoku no Akito 2 - Hikisakareshi Yokuryuu Picture Drama,9
305003,Belcebon,30347,Nanatsu no Taizai OVA,6
1112125,Froaude,10067,Angel Beats! Another Epilogue,7
338355,Forcriun,1303,The Animatrix,8
308013,mmahajan,1516,Kirarin☆Revolution,7
24868,Renavie,457,Mushishi,9
503267,bravenewdust,14227,Tonari no Kaibutsu-kun,6
86113,Meevir,9745,Sengoku Basara Movie: The Last Party,9
49440,Tsuruya-san,272,Noir,7
1118205,ProxyDK,12053,Mardock Scramble: The Third Exhaust,8
27869,DakuTree,356,Fate/stay night,9
395581,caffeinated,36704,Free! Dive to the Future,7
405581,Squaerio,163,Power Stone,6
1223189,Aoiyuric,16035,Karneval (TV),6
292022,LordKoenig,9062,Angel Beats! Specials,8
56715,Triake,3138,"Solty Rei: Surechigau Kimochi de, Omoi Au Kokoro de.",7
471447,Kaiikun-,6702,Fairy Tail,10
54342,Zeko,98,Mai-HiME,8
341173,SuperXElite,16706,Kami nomi zo Shiru Sekai: Megami-hen,9
434778,Burchnock,8171,One Piece Recap,9
110099,shingo_the_pest,5114,Fullmetal Alchemist: Brotherhood,9
95860,Storhed86,33,Kenpuu Denki Berserk,7
1114475,annamlinh,6347,Baka to Test to Shoukanjuu,8
312034,Virus3x,11633,Blood Lad,8
292624,Paiguy,53273,JoJo no Kimyou na Bouken Part 6: Stone Ocean Part 3,8
104170,reikaviour,61,D.N.Angel,9
447874,nepcoder,1210,NHK ni Youkoso!,8
442189,shijojo,752,Osakana wa Ami no Naka,6
50716,Ezilled,4087,Michiko to Hatchin,6
59196,fantomplanet,8171,One Piece Recap,7
62168,slawol8,5114,Fullmetal Alchemist: Brotherhood,9
480972,khalido5,4224,Toradora!,9
482835,Drowsy_Rice,3782,Kara no Kyoukai Movie 2: Satsujin Kousatsu (Zen),6
311010,Masatoshi,6987,Aki-Sora,7
53874,NDRider,12565,Fate/Prototype,7
439640,MrPattywagon,23847,Yahari Ore no Seishun Love Comedy wa Machigatteiru. Zoku,8
558403,NickSama,11737,Ao no Exorcist Movie,6
50436,Master_Bei_Shun,889,Black Lagoon,8
81337,heartbleed,1519,Black Lagoon: The Second Barrage,8
1170811,Ship,12189,Hyouka,8
45757,KyoCoke,3087,Cencoroll,6
1105125,ownosourus,395,Gantz 2nd Stage,9
521581,NoidandVull,9989,Ano Hi Mita Hana no Namae wo Bokutachi wa Mada Shiranai.,6
490394,Takez0,28479,Detective Conan Movie 19: The Hellfire Sunflowers,6
60238,Izzhov,16498,Shingeki no Kyojin,10
442130,NOAH_FAMILY,9379,Denpa Onna to Seishun Otoko,6
29960,CaptainChoC,7647,Arakawa Under the Bridge,6
727233,tig666,226,Elfen Lied,10
113716,OggerMC,21437,Buddy Complex,7
1070939,YamiRyuseii,11761,Medaka Box,7
116563,MayaTheLazyNinja,1535,Death Note,10
995489,Whale607,15417,Gintama': Enchousen,1
87115,Smeat,275,Love♥Love?,8
43008,MegumiHime,4752,Vampire Knight Guilty,7
42891,eatingegypt,986,Dragon Ball Z Special 1: Tatta Hitori no Saishuu Kessen,9
425176,KageNoRyuu,268,Golden Boy,8
2898,Ni-sha,4280,Kara no Kyoukai Movie 4: Garan no Dou,8
116397,sordos,1,Cowboy Bebop,10
1111827,Darkestmind,34733,One Room Special,6
587943,MilesSs,47250,Jouran: The Princess of Snow and Blood,8
442190,ArkaDusz,35203,Isekai wa Smartphone to Tomo ni.,6
1191147,RAG1NGLUNAT1C,11285,Black★Rock Shooter (TV),5
1117383,Loam7,7817,B-gata H-kei,8
64926,MQ,393,Escaflowne,7
503066,Lamark,9117,Amagami SS OVA,9
25369,gendonara,813,Dragon Ball Z,10
92496,yuucchi,32561,Hai to Gensou no Grimgar: Furoagari no Kabe ni Kaketa Seishun - One More Centimeter,7
488505,pudimrs,7590,Mayoi Neko Overrun!,7
467684,Aruetha,2116,Captain Tsubasa,9
459609,lovelypersons,3375,Kirepapa.,9
478366,Mayuuuu,16355,Dansai Bunri no Crime Edge,7
1133,BlueFoxAngel,16417,Tamako Market,8
543375,JARFigueiredo,2104,Seto no Hanayome,7
304631,ghostbomb,6586,Yume-iro Pâtissière,8
321791,appaloosa12,189,Love Hina,7
112837,2R,48661,JoJo no Kimyou na Bouken Part 6: Stone Ocean,8
1059701,Ccftw,813,Dragon Ball Z,8
296879,Marbius,2251,Baccano!,5
622975,Reinaxx,4725,Ga-Rei: Zero,8
502042,paloma0111,35507,Youkoso Jitsuryoku Shijou Shugi no Kyoushitsu e,7
544221,KevinCasimiro,4181,Clannad: After Story,9
340869,Ali-Magnat,8841,Kore wa Zombie desu ka?,8
15125,Feka,5162,Minami-ke Okaeri,7
501142,braineater382,32983,Natsume Yuujinchou Go,9
373556,Keiti_93,7724,Shiki,9
362512,ElleAP,23317,Kuroshitsuji: Book of Murder,8
77395,MadDreamer,1726,Devil May Cry,9
1241287,stachu540,3679,Renketsu Houshiki,7
727129,Runtripfall,225,Dragon Ball GT,6
92964,justemy,10298,Kaichou wa Maid-sama!: Goshujinsama to Asonjao♥,6
498719,Stap-dono,19367,Galilei Donna,5
1167011,LordPyre,2156,Bakugan Battle Brawlers,6
336936,Sorce,23441,Love Stage!!: Chotto ja Nakutte,7
74166,Stardrifter,1240,Bishoujo Senshi Sailor Moon SuperS: Sailor 9 Senshi Shuuketsu! Black Dream Hole no Kiseki,7
334854,ma_foteini,3328,School Days: Magical Heart Kokoro-chan,1
22772,Skrabones,5341,Ookami to Koushinryou II,9
46780,KidKaBOOM,4918,xxxHOLiC Shunmuki,7
100994,rejokal,9513,Beelzebub,8
10585,Iamempty,38659,Shinchou Yuusha: Kono Yuusha ga Ore Tueee Kuse ni Shinchou Sugiru,9
52758,rengreng,71,Full Metal Panic!,7
511959,bahaya13,38337,Gochuumon wa Usagi desu ka? Bloom,7
1119323,yd890704,3702,Detroit Metal City,7
79152,I-C-E,31339,Drifters,9
812951,teabiotique,240,Genshiken,9
498931,hotlimits,226,Elfen Lied,7
61159,Goodguy34,72,Full Metal Panic? Fumoffu,10
865777,mieto,270,Hellsing,8
7060,Loveless-,1694,iDOLM@STER Xenoglossia,7
28784,fireshadowdr,20,Naruto,9
1235633,ShishiSonson,186,Initial D Second Stage,9
94556,cantius,384,Gantz,7
326840,Kyonove,304,Aa! Megami-sama! Movie,7
348736,gabbigore,22319,Tokyo Ghoul,7
760027,opmcftw,30711,Code Geass: Boukoku no Akito 5 - Itoshiki Mono-tachi e,5
296903,Woofers,35503,Shoujo☆Kageki Revue Starlight,9
16827,spider_lady,31,Neon Genesis Evangelion: Death & Rebirth,8
1094083,sin_citizen,15583,Date A Live,8
398019,watanuki3,523,Tonari no Totoro,10
358081,CallofDestiny,4224,Toradora!,10
1227523,phyun,24,School Rumble,5
477145,Nyerp,227,FLCL,8
503243,exa4io,4063,Sekirei,4
305478,Robag,481,Yu☆Gi☆Oh! Duel Monsters,10
308300,Fibonacci,16524,Suisei no Gargantia,8
32530,Captain_Oldtype,6718,Yamato 2520,5
1084197,giraffehce,30307,Monster Musume no Iru Nichijou,5
1110991,Niz,28907,"Gate: Jieitai Kanochi nite, Kaku Tatakaeri",8
83700,Plun,40852,Dr. Stone: Stone Wars,8
295,AzraelNewtype,38714,Gundam: G no Reconguista Movie I - Ike! Core Fighter,7
469171,cvbn,30279,Yuru Yuri San☆Hai!,7
381105,ravenknight-,9919,Ao no Exorcist,8
367418,kelkeltang215,22835,Himegoto,7
464881,gone_fishing,790,Ergo Proxy,9
1147989,Dnbiggs,889,Black Lagoon,7
70682,WithoutHorns,4946,Angel Blade: Ultimate Edition - Tokuteneizou,6
64249,soetbizze,227,FLCL,7
368223,DaNeo,1519,Black Lagoon: The Second Barrage,10
31609,shini,9314,Fractale,10
548079,MoonBunny69,20031,D-Frag!,7
507012,-Koyuki-,38524,Shingeki no Kyojin Season 3 Part 2,10
1236499,Lupta,32951,Rokudenashi Majutsu Koushi to Akashic Records,6
602715,fathomlessblue,31757,Kizumonogatari II: Nekketsu-hen,7
1231601,Dyriel-Kun,11617,High School DxD,7
512223,VongolaTHE10th,834,Bleach: The Sealed Sword Frenzy,10
96847,BlueMage23,16706,Kami nomi zo Shiru Sekai: Megami-hen,7
1130631,davislol,2236,Toki wo Kakeru Shoujo,9
21554,Kurisu86,801,Koukaku Kidoutai: Stand Alone Complex 2nd GIG,9
428731,KidnigmeN,4789,ef: A Tale of Melodies.,7
1051229,corocoro,3269,.hack//G.U. Trilogy,5
427627,Haloblades,4581,Shikabane Hime: Aka,7
334964,Xteam,270,Hellsing,10
500338,Freddster,9330,Dragon Crisis!,9
22471,Yami_Kira,1225,3x3 Eyes: Seima Densetsu,6
364237,newstep,20,Naruto,6
378924,azp,22663,Seiken Tsukai no World Break,3
32742,pelotedelaine,10067,Angel Beats! Another Epilogue,10
335201,saprol,11553,Toradora!: Bentou no Gokui,8
565721,PsychoJestar,3032,Digimon Tamers: Boukensha-tachi no Tatakai,7
29456,Kazekage_Gaara,39730,Houkago Teibou Nisshi,7
1139265,Arthur_64,905,Dragon Ball Z Movie 12: Fukkatsu no Fusion!! Gokuu to Vegeta,9
1128957,white-wings,1190,Tennis no Oujisama: Sonzoku Yama no Hi,6
464037,indiana201,20509,Fate/kaleid liner Prisma☆Illya 2wei!,9
94033,ejala,31586,Mochibei,5
13261,Akari_House,3358,Kure-nai,10
1129145,Minipurz,6033,Dragon Ball Kai,8
27127,ichigoxneko,356,Fate/stay night,7
1087933,onnari,20,Naruto,6
110718,akatsuzabuza,918,Gintama,10
89436,MrQuiggles,6795,Genius Party Beyond,6
502511,Tahmitron,31580,Ajin,7
388622,Northen_Lights,300,3x3 Eyes,6
12348,Notorious,19815,No Game No Life,9
1073607,MamaFerret,6401,ef: A Tale of Melodies. - Prologue,9
17730,yvcso,4898,Kuroshitsuji,9
458904,NabiCHO,3615,Neo Angelique Abyss,8
407667,FaithInAll,4898,Kuroshitsuji,9
1292,eXgoddess,154,Shaman King,8
1102989,nefalol,3167,Eve no Jikan,9
546043,horohoro55,8074,Highschool of the Dead,9
573603,c0smic,467,Koukaku Kidoutai: Stand Alone Complex,9
494101,eNfinitymonk,31933,JoJo no Kimyou na Bouken Part 4: Diamond wa Kudakenai,10
381710,MajiNPic,43608,Kaguya-sama wa Kokurasetai: Ultra Romantic,10
22920,Giftlie,6974,Seikimatsu Occult Gakuin,8
328707,hiknerman,4970,Afro Samurai: Resurrection,9
23933,Sigfried,2225,Alps no Shoujo Heidi,6
553649,imiru,19221,"Ore no Nounai Sentakushi ga, Gakuen Love Comedy wo Zenryoku de Jama Shiteiru",7
332815,Sicka,21033,Seikoku no Dragonar,8
79154,jameschenn,34299,Digimon Adventure tri. 4: Soushitsu,9
395582,Arae,135,Hikaru no Go,9
302231,Sottomayor,1669,Bakuten Shoot Beyblade 2002,8
393669,lyzhen,235,Detective Conan,7
420100,alvit,4811,Ichigo Mashimaro Encore,9
20998,moutonzare,3464,Kemeko Deluxe!,7
722159,FacilisFX,1543,Yoake Mae yori Ruriiro na: Crescent Love,10
360993,Shinisaurus,9736,Astarotte no Omocha!,7
458583,apanda,440,Shoujo Kakumei Utena,6
374829,LuigyH,20,Naruto,10
472359,HoshikoIwa,8022,Tegamibachi Gakuen,6
87069,whiteghost22,1292,Afro Samurai,7
343259,ColdShoulder,6811,InuYasha: Kanketsu-hen,9
404888,NomadicStardust,41312,Kami-tachi ni Hirowareta Otoko,7
931865,denno-,22297,Fate/stay night: Unlimited Blade Works,8
23239,AgentWhiteGuy,202,Wolf's Rain,6
399847,Sig_Lawrence,2030,El Cazador de la Bruja,8
116044,virtual-hl,59,Chobits,8
569305,Mabu,13245,Shin Tennis no Oujisama Specials,8
12161,-smitty-,393,Escaflowne,8
439990,LuKu,1889,Higurashi no Naku Koro ni Kai,8
360715,GodOxidian,21421,Mahou Shoujo Taisen,6
390359,Mester,71,Full Metal Panic!,9
317664,Misdre,850,Gakuen Heaven,4
49838,Ida,38408,Boku no Hero Academia 4th Season,6
405521,Elf_the_trader,2130,Kaibutsu Oujo,6
5174,kage_ookami197,134,Gunslinger Girl,10
342606,rain_shiroyama,11665,Natsume Yuujinchou Shi,10
933347,cream_color,23289,Gekkan Shoujo Nozaki-kun,6
1223849,pettisloth,30,Neon Genesis Evangelion,9
36766,Chibin,613,Onmyou Taisenki,8
542519,mbp123456,1722,Nagasarete Airantou,7
106086,notspecified,3914,1001 Nights,8
14623,He_tan,1694,iDOLM@STER Xenoglossia,8
44231,axed_mind,174,Tenjou Tenge,7
372817,d3b5,2216,Shigurui,6
1143661,WAYPONWAY,11111,Another,7
94889,Qoo,2413,Boin,6
1102273,likeburning,6880,Deadman Wonderland,8
496957,hachixnana,74,Gakuen Alice,8
405331,alcapone1919,40904,Bokutachi no Remake,7
42909,kopiNeko,23209,Sora no Method,7
22333,mecano,1230,Innocent Venus,7
485124,merupuff,322,Paradise Kiss,9
310434,AikoArisaka420,191,Love Hina Christmas Special: Silent Eve,4
308736,Mattroska,1311,Chobits Recap,9
97545,witboog,3701,Kaiba,8
117220,deetz,1142,Hachimitsu to Clover II,6
41403,Draco_Driarcato,849,Suzumiya Haruhi no Yuuutsu,8
382254,Morino-chan,191,Love Hina Christmas Special: Silent Eve,7
44600,ppizzapie,18229,Gatchaman Crowds,6
384791,Nishimura,13349,Chouyaku Hyakuninisshu: Uta Koi.,8
333158,heartache19,1642,Sugar Sugar Rune,9
410209,Deaf,94,Kidou Senshi Gundam SEED Destiny,7
1199601,Ptati,317,Final Fantasy VII: Advent Children,8
484016,Floflohoho,15809,Hataraku Maou-sama!,9
40701,Tynan,5162,Minami-ke Okaeri,7
1085455,oparoi,7338,Darker than Black: Kuro no Keiyakusha Gaiden,8
406814,VioletCrystal,8038,Nodame Cantabile: Finale - Mine to Kiyora no Saikai,7
1208005,Jeenix,25681,Kamisama Hajimemashita◎,9
379562,Shadi86,357,Bokusatsu Tenshi Dokuro-chan,6
386992,QaladinBrood,6573,Darker than Black: Ryuusei no Gemini,8
334284,tablota,387,Haibane Renmei,5
46301,arthil,2178,Highlander: The Search for Vengeance,5
564959,davidsnewbs,21033,Seikoku no Dragonar,7
485142,_Matryoshka_,226,Elfen Lied,8
465620,aquarius_D,6702,Fairy Tail,6
716817,Yulf,32995,Yuri!!! on Ice,9
1216915,ArcDrive,11917,Major: World Series,8
1199901,jyuusei,1698,Nodame Cantabile,8
69576,dreigen,40004,Bokutachi wa Benkyou ga Dekinai!,9
27400,fizah21,4596,Code Geass: Hangyaku no Lelouch Special Edition - Black Rebellion,8
96951,odorimashou,34338,Lost Song,7
44799,Yggdrasil,4752,Vampire Knight Guilty,7
569627,Amatsukaze04,15227,Kono Sekai no Katasumi ni,10
1229889,jessicaklein,552,Digimon Adventure,10
454841,niuster,339,Serial Experiments Lain,5
377717,Okira,1826,Deltora Quest,7
78746,YumiTakayama,40392,Runway de Waratte,10
20276,Verdict,138,Hunter x Hunter: Greed Island,9
13733,jazcapricorn91,2248,Naruto: Dai Katsugeki!! Yuki Hime Shinobu Houjou Dattebayo! - Konoha no Sato no Dai Undoukai,9
445114,Kazehaya31,18671,Chuunibyou demo Koi ga Shitai! Ren,8
525891,pclee001,1530,Kanon (2006),8
26993,smash454,2418,Stranger: Mukou Hadan,9
63210,Kniepinja22,481,Yu☆Gi☆Oh! Duel Monsters,6
368011,Tempy,1535,Death Note,8
629097,cagniostro,27525,Fate/kaleid liner Prisma☆Illya 2wei Herz!,8
474825,GloriousHawk,30,Neon Genesis Evangelion,8
942885,hayoooone,9289,Hanasaku Iroha,5
12867,fatstarr,1121,Pokemon Movie 06: Nanayo no Negaiboshi Jirachi,8
389735,Kutra,4981,Casshern Sins,8
336947,symeth,1091,Kidou Senshi Gundam II: Ai Senshi-hen,7
65684,Aenea,14921,RDG: Red Data Girl,7
744863,eugrom,17187,Koukaku Kidoutai Arise: Ghost in the Shell - Border:1 Ghost Pain,7
5358,Metus,45,Rurouni Kenshin: Meiji Kenkaku Romantan,10
426443,Zuryuk,150,Blood+,8
558133,lingeron,5177,Denpa-teki na Kanojo,5
878579,LaSnOcHeS,9731,Nurarihyon no Mago Recaps,7
409740,ychele,857,Air Gear,8
68359,IronSoul,11759,Accel World,10
22573,Mastakilla,7785,Yojouhan Shinwa Taikei,9
430622,HadaSS,35823,Demi-chan wa Kataritai: Demi-chan no Natsuyasumi,7
414541,jfj315,90,Shin Kidou Senki Gundam Wing,9
315694,kireev20000,104,Ayashi no Ceres,9
1129205,Darkestlyrics,2889,Bleach Movie 2: The DiamondDust Rebellion - Mou Hitotsu no Hyourinmaru,6
18978,Altraum,2787,Shakugan no Shana II (Second),7
98998,Snapplemonkey,379,Heppoko Jikken Animation Excel♥Saga,8
69347,clocktower,12531,Sakamichi no Apollon,6
450509,vanderleyp,50549,Bubble,6
335773,SoraIta,1575,Code Geass: Hangyaku no Lelouch,9
1288621,joxerman,3225,Minami-ke Okawari,4
347303,Biabarr,6707,Kuroshitsuji II,2
733317,ChaozKillerz,15583,Date A Live,7
116626,Nyuu3,777,Hellsing Ultimate,8
950451,reddragon142,874,Digimon Tamers,7
440328,M4X,2167,Clannad,8
323820,veeveeyan,459,One Piece Movie 01,6
405516,Archie411,18753,Yahari Ore no Seishun Love Comedy wa Machigatteiru. OVA,7
355200,InFar,37450,Seishun Buta Yarou wa Bunny Girl Senpai no Yume wo Minai,7
344618,Hitchens,2346,Koroshiya 1 The Animation: Episode 0,7
76225,Skull,29803,Overlord,6
888777,Don_tPanic,741,Sensitive Pornograph,1
99416,Grimsleaper,2472,Naruto: Shippuuden Movie 1,7
1052917,monderin,14713,Kamisama Hajimemashita,6
87361,Izumi_Konata,1072,Sweat Punch,8
486773,MathZinhOu,232,Cardcaptor Sakura,7
314706,RedMiss,863,Joshikousei: Girl's High,10
95253,5layer,16067,Nagi no Asu kara,8
1246405,casualpleb,15051,Love Live! School Idol Project,6
1283439,Sinon,4081,Natsume Yuujinchou,8
311377,nekkomon,41467,Bleach: Sennen Kessen-hen,10
375827,Harlem,2434,Kijoku: Princess Double Kari,6
411899,4ester,23281,Psycho-Pass 2,8
117435,Eye_of_Ra,227,FLCL,10
444015,Shiki25,21327,Isshuukan Friends.,6
58095,jakkajyan,2986,Bamboo Blade,7
527705,ewz-Hawkwing,24231,Hitsugi no Chaika: Avenging Battle,5
403567,HannahCarter,63,DearS,5
508407,Okabe_Rintarou,24469,Buddy Complex: Kanketsu-hen - Ano Sora ni Kaeru Mirai de,8
1226335,dxbladexd,38524,Shingeki no Kyojin Season 3 Part 2,10
440254,klaymore,22763,Kara no Kyoukai Movie: Mirai Fukuin - Extra Chorus,8
105316,skatm092,2963,Minami-ke,8
492125,tsunami_808,392,Yuu☆Yuu☆Hakusho,9
447428,F-l-o-w-e-r,8599,Mayoi Neko Overrun! Specials,7
793911,Soranie,14407,Persona 3 the Movie 1: Spring of Birth,8
39373,Paddette,2993,Rosario to Vampire,9
1122983,MatijaxD,19285,Shingeki no Kyojin: Ano Hi Kara,6
1158679,theadlib,21185,Baby Steps,9
387078,Hate_or_Odium,6379,Kyou no 5 no 2 (TV): Takarabako,6
6460,nike13,535,Slayers Next,7
66206,zith,694,Canvas 2: Nijiiro no Sketch,5
46254,Zenixus,33771,Cheating Craft,6
496011,Tcial,2759,Evangelion: 1.0 You Are (Not) Alone,9
309614,Psyblade,22663,Seiken Tsukai no World Break,8
333201,Dipperman,6351,"Clannad: After Story - Mou Hitotsu no Sekai, Kyou-hen",8
12811,foxfire79,389,Karas,9
620221,Vairloff,3588,Soul Eater,9
326786,Duny,5341,Ookami to Koushinryou II,8
588177,AkxKuro,934,Higurashi no Naku Koro ni,8
7356,Ferentarius,49235,86 Special Edition: Senya ni Akaku Hinageshi no Saku,9
27700,Rahti-16,205,Samurai Champloo,9
305073,cthuluofredmoon,222,Mezzo DSA,9
536693,geminide,6795,Genius Party Beyond,7
315898,Hunterfang,6547,Angel Beats!,9
46996,ElizabetD,3298,Hatenkou Yuugi,8
469542,Giuseppe_89,14527,Medaka Box Abnormal,8
89215,0Megabyte,10581,Kidou Senshi Gundam 0083: Stardust Memory - Uchuu no Kagerou,6
432419,TsukiyomiSaito,1816,Sonic X,7
732997,MrMohannad95,8246,Naruto: Shippuuden Movie 4 - The Lost Tower,8
1188307,audreyleowhl,10073,Seikon no Qwaser II,9
902821,DARTHPraetorian,15809,Hataraku Maou-sama!,8
295482,MaxChangmin,4999,Asu no Yoichi!,8
98943,mminc,986,Dragon Ball Z Special 1: Tatta Hitori no Saishuu Kessen,10
1120161,KommanderKibble,5042,Kiss x Sis,4
1078613,chiazx1,10271,Gyakkyou Burai Kaiji: Hakairoku-hen,10
1000739,Swoolery73,4551,Hakushaku to Yousei,9
843309,Epwuk,10110,Mayo Chiki!,7
1112815,Kris_nya,3731,Itazura na Kiss,10
552219,JustMilica,14741,Chuunibyou demo Koi ga Shitai!,7
1152119,Wolfik,7791,K-On!!,8
334848,MetalCastiel,27,Trinity Blood,10
328353,Shiorii,10568,Kamisama no Memochou,7
380081,DarkCheshire,2167,Clannad,10
297768,GokuuSon,901,"Dragon Ball Z Movie 08: Moetsukiro!! Nessen, Ressen, Chougekisen",7
369700,Zlobnyelf,2746,Vexille: 2077 Nihon Sakoku,7
970789,AcoyShujo,416,Kurenai no Buta,9
1226423,Endrahill,133,Green Green,8
443894,Chaos-sama,84,Kidou Senshi Gundam 0083: Stardust Memory,6
369446,dummyacct7,1639,Boku no Pico,6
1265639,Godward,34962,Digimon Adventure tri. 5: Kyousei,8
373994,asmodlol,32901,Eromanga-sensei,5
343483,EdmarieAKIME,6045,Kimi ni Todoke,10
396077,FluffyWithAPen,6547,Angel Beats!,10
505358,Rikan,20021,Sword Art Online: Extra Edition,7
405668,GanjaOtaku,71,Full Metal Panic!,8
114861,Tsubatsu,2182,Robot Carnival,6
101948,Lady_Nera,14513,Magi: The Labyrinth of Magic,8
379973,ChibiMooMoo,1048,The SoulTaker: Tamashii-gari,8
1067451,Painful,812,Chikyuu Shoujo Arjuna,9
1090001,djbeast,11737,Ao no Exorcist Movie,8
484077,tenshiazura,30,Neon Genesis Evangelion,8
116057,Koi-fish,3712,Zero no Tsukaima: Princesses no Rondo,5
337565,xxwacthanimexx,232,Cardcaptor Sakura,2
395698,Sienna,14741,Chuunibyou demo Koi ga Shitai!,8
346793,Cujo,7079,Ookamikakushi,6
39267,Jingoro,2273,Shin Kidou Senki Gundam Wing: Endless Waltz Special,6
464743,Sakubaa,252,Madlax,7
79907,KurisuZ,2993,Rosario to Vampire,6
293705,Wannabiteme,19429,Akuma no Riddle,3
1148139,Saihyou,36186,The iDOLM@STER Prologue SideM: Episode of Jupiter,8
495789,dexik,6811,InuYasha: Kanketsu-hen,7
721149,johnldy,10928,Nogizaka Haruka no Himitsu: Finale,5
65979,GAwa,892,Dragon Ball Movie 3: Makafushigi Daibouken,8
752159,monsama,7592,Nurarihyon no Mago,7
570497,ucachan11,6347,Baka to Test to Shoukanjuu,9
407123,Fellcleave,6205,Kämpfer,4
104454,madhouse008,33506,Ao no Exorcist: Kyoto Fujouou-hen,8
82815,lunisce,1559,Shijou Saikyou no Deshi Kenichi,8
290866,Tomczas,30831,Kono Subarashii Sekai ni Shukufuku wo!,8
501439,TOPOtaku,151,Re: Cutey Honey,7
71655,Superseiya,1535,Death Note,8
313595,Azzazel,35120,Devilman: Crybaby,10
32784,taelrak,1559,Shijou Saikyou no Deshi Kenichi,2
108062,Jinzal,355,Shakugan no Shana,5
24981,redcar,1143,.hack//Intermezzo,6
1243943,jotaylor,205,Samurai Champloo,8
63258,pikasis,1064,Mazinkaiser,7
507930,PanzerchanSS,33981,Pretty x Cation 2 The Animation,6
1101341,neon1995,6347,Baka to Test to Shoukanjuu,10
405942,Kayhro,11266,Ao no Exorcist: Kuro no Iede,7
482683,Souleffekt,12477,Sakasama no Patema,7
479360,anifan200,2759,Evangelion: 1.0 You Are (Not) Alone,9
719107,TakashiUsui,21,One Piece,7
408045,Mr_Roboto2490,29786,Shimoneta to Iu Gainen ga Sonzai Shinai Taikutsu na Sekai,6
465919,backuplist,4246,Koukyoushihen Eureka Seven: Pocket ga Niji de Ippai,1
925589,TRexSays,6512,Nyan Koi!,7
525719,RinaChanx,37926,Nakanohito Genome [Jikkyouchuu],7
1060311,BakaLora,39963,Yubisaki kara Honki no Netsujou: Osananajimi wa Shouboushi,6
32516,Soujiro,5671,Saki,7
300515,darksmiley,10568,Kamisama no Memochou,10
1208979,thewilhelm,41468,Burn the Witch,8
293750,jrockfreak,4744,Akaneiro ni Somaru Saka,5
56008,Cybermario,249,InuYasha,8
351514,timtim,16592,Danganronpa: Kibou no Gakuen to Zetsubou no Koukousei The Animation,7
382954,naamu,2966,Ookami to Koushinryou,7
532747,Elryum,4835,Bleach Movie 3: Fade to Black - Kimi no Na wo Yobu,7
538917,mitch3315,5947,Tengen Toppa Gurren Lagann Movie Zenyasai: Viral no Amai Yume,7
63205,RoRo_chan,247,Harukanaru Toki no Naka de: Hachiyou Shou,9
69199,Nevica,317,Final Fantasy VII: Advent Children,9
570907,sandman16,4224,Toradora!,9
511935,mionch,1222,Bokura ga Ita,7
68957,dagomir,387,Haibane Renmei,10
1095481,Lukah,813,Dragon Ball Z,7
379350,NestureKurimu,3901,Baccano! Specials,10
566087,MysteriousMoo,6045,Kimi ni Todoke,9
1266905,wintermute2,132,GetBackers,8
114464,Maximatum99,2787,Shakugan no Shana II (Second),6
113743,mugz92,7054,Kaichou wa Maid-sama!,9
490227,Anqo,18465,Genshiken Nidaime,7
320381,Choi,11135,Hybrid Child,9
1286387,thedimas,14741,Chuunibyou demo Koi ga Shitai!,7
43448,Kurenai_no_Yuki,1041,Zetsuai 1989,5
332347,clearskyy,21881,Sword Art Online II,9
24342,szu-szu,1311,Chobits Recap,5
420942,Astharoshe,1557,Shounen Onmyouji,10
335625,DCYI,32608,Endride,6
375427,Js_eclipse,2603,Mushi-Uta,7
1050101,imodekun,48857,Healer Girl,5
295552,A-tan,356,Fate/stay night,9
62726,Procris,71,Full Metal Panic!,9
90118,Funymika,889,Black Lagoon,8
291083,xKITADEx,5114,Fullmetal Alchemist: Brotherhood,10
642755,ToriHigurashi,1889,Higurashi no Naku Koro ni Kai,10
1194211,Wizco,12115,Berserk: Ougon Jidai-hen III - Kourin,10
615,Yojiro,5530,Pandora Hearts,7
434307,Hatake-no-desu,11771,Kuroko no Basket,8
13548,kyo-chan,74,Gakuen Alice,8
102736,seramyu,7669,"""Bungaku Shoujo"" Kyou no Oyatsu: Hatsukoi",4
1148239,mrjenzox,19647,Hajime no Ippo: Rising,10
18436,DaremihC,467,Koukaku Kidoutai: Stand Alone Complex,8
1269501,CinnamonRollz,31163,Dimension W,6
341570,Miha_Krysu,22,Tennis no Ouji-sama,8
394505,Eiji92,897,Dragon Ball Z Movie 04: Super Saiyajin da Son Gokuu,8
403117,IntroverTurtle,24277,Yowamushi Pedal: Grande Road,8
355803,SecretOfMania,710,Rec,6
15258,Kira-kun,329,Planetes,9
754457,onichanfuckedme,14467,K,10
1095695,kor777,11703,Code:Breaker,9
576797,Kami_Jean,15037,Corpse Party: Tortured Souls - Bougyakusareta Tamashii no Jukyou,9
1199201,lovelydeath,34542,Inuyashiki,7
307851,harrypotter,355,Shakugan no Shana,10
13837,NatlusDW,1686,Bleach Movie 1: Memories of Nobody,9
346314,tariel36,11751,Senki Zesshou Symphogear,6
1103429,okazakithom,6956,Working!!,8
330552,RedgoesBoom,4382,Suzumiya Haruhi no Yuuutsu (2009),10
107073,Ayatanne,39175,Cider no You ni Kotoba ga Wakiagaru,7
321962,oneredrobot,48,.hack//Sign,8
746145,makusaki1337,2159,Ookiku Furikabutte,7
347492,Aresshia,4477,Nodame Cantabile: Paris-hen,9
335819,Cubia,269,Bleach,8
1119581,changhyon_92,11617,High School DxD,7
359537,yamig88,4181,Clannad: After Story,10
503721,alibaka,37675,Overlord III,9
425559,ForeverFalling,1122,Pokemon Movie 07: Rekkuu no Houmonsha Deoxys,10
1069103,Gii_sghisi,79,Shuffle!,9
417150,lowbloodpressure,41710,Genjitsu Shugi Yuusha no Oukoku Saikenki,7
39263,TheGrayWolf,2966,Ookami to Koushinryou,10
329708,Balthazario,2144,Naruto Movie 3: Dai Koufun! Mikazuki Jima no Animaru Panic Dattebayo!,7
500551,Kalii24,4053,Tennis no Oujisama: Zenkoku Taikai-hen - Final,7
553205,SITE-V,7724,Shiki,7
36531,inFektD,2167,Clannad,10
559937,brainstorm27,8460,Mirai Nikki,7
23878,southernmuse,5233,Slayers Evolution-R,7
371172,afiqdharma,18679,Kill la Kill,10
383116,jollybean,552,Digimon Adventure,7
399148,Meriav,2966,Ookami to Koushinryou,7
464454,Myst360,437,Perfect Blue,9
1226503,Junnyjung,1931,Futari wa Precure: Max Heart Movie 2 - Yukizora no Tomodachi,10
357160,Longel,48997,Fantasy Bishoujo Juniku Ojisan to,7
114544,dvj,33970,Girls & Panzer: Saishuushou Part 1,9
447002,Ryuseikishi,199,Sen to Chihiro no Kamikakushi,9
374795,BurningAce,9041,IS: Infinite Stratos,6
312161,Fahlaine,1535,Death Note,9
455909,Quiora,32949,Kuzu no Honkai,8
16836,bohun,10152,Kimi ni Todoke: Kataomoi,6
471473,DarkMari,9253,Steins;Gate,10
430397,Toushiro1981,8915,Dantalian no Shoka,8
548037,rwdplz,263,Hajime no Ippo,8
45411,Aya-chan,9938,Ikoku Meiro no Croisée The Animation,8
862699,CrimsonRuby,1210,NHK ni Youkoso!,5
36832,Relunx,21603,Mekakucity Actors,7
1251643,Seismos,8536,Fortune Arterial: Akai Yakusoku,8
1090591,sheptoc,998,Blue Seed,7
1055657,saphimire,3613,Toshokan Sensou,8
56627,DizStratos,2147,Call Me Tonight,5
36678,Patterson,132,GetBackers,9
309646,VisualDisorder,50,Aa! Megami-sama! (TV),9
7815,Napalmitos,10155,Dog Days,6
321722,ExodaZero,19775,Sidonia no Kishi,10
322683,thekillerSP,26349,Danna ga Nani wo Itteiru ka Wakaranai Ken,7
350332,Oltsa,1347,Bubblegum Crisis,5
495698,kermit_rus,43767,Night Head 2041,5
32828,Alphapanda,42249,Tokyo Revengers,8
327539,SammyRaj,48,.hack//Sign,5
332867,Shizuo_89,50612,Dr. Stone: Ryuusui,10
27875,leo-kusanagi,740,Bishoujo Senshi Sailor Moon R,7
367203,jorgedelcampo,1,Cowboy Bebop,9
1175633,jaxspider,1535,Death Note,10
491686,imhungry,9760,Hoshi wo Ou Kodomo,7
368807,AssassinDX,2251,Baccano!,9
22694,Sfreedom,1313,Digimon Adventure 02,6
1060113,Jellybeen,1914,Saiunkoku Monogatari 2nd Season,8
409942,rdai,22319,Tokyo Ghoul,8
1073845,gunslinger90,60,Chrno Crusade,10
387721,animaniak01,26349,Danna ga Nani wo Itteiru ka Wakaranai Ken,7
1064515,LanaChanP,2148,Okane ga Nai,8
367125,klasz,11759,Accel World,9
502061,Insideinfo11,2167,Clannad,6
1237431,zacshaman,6880,Deadman Wonderland,5
103056,NeoTheOne,13169,Buta,8
40534,nau-y,226,Elfen Lied,7
1107801,badboy274,10087,Fate/Zero,9
305540,NegativoEspada-2,1535,Death Note,10
848683,kortez511,36456,Boku no Hero Academia 3rd Season,8
605067,magda4,1222,Bokura ga Ita,7
911335,Smoock,2144,Naruto Movie 3: Dai Koufun! Mikazuki Jima no Animaru Panic Dattebayo!,8
1225249,ak2502,269,Bleach,7
115115,TheSacredHermit,355,Shakugan no Shana,7
39737,Arzu,27,Trinity Blood,8
1080845,Jesusmcpwn,21097,Oni Chichi: Rebuild,10
515693,Mononok3,2759,Evangelion: 1.0 You Are (Not) Alone,9
115521,mel-hime,4725,Ga-Rei: Zero,9
488480,hitzumaru,5681,Summer Wars,10
1272705,Rumial,31952,Kono Bijutsu-bu ni wa Mondai ga Aru!,6
39345,Kudakitsune,44961,Platinum End,5
470654,LadyEchoKnight,11577,Steins;Gate Movie: Fuka Ryouiki no Déjà vu,10
581873,Xathra,355,Shakugan no Shana,9
36599,Ri,1142,Hachimitsu to Clover II,9
296938,Tasolth,5493,Ranma ½: Akumu! Shunmin Kou,8
450365,ediotic,899,Dragon Ball Z Movie 06: Gekitotsu!! 100-oku Power no Senshi-tachi,7
3579,Daigelmir,1735,Naruto: Shippuuden,8
482105,aubao,14741,Chuunibyou demo Koi ga Shitai!,8
1134539,LadyNightmare,10020,Ore no Imouto ga Konnani Kawaii Wake ga Nai Specials,8
482058,Vixkion,150,Blood+,8
6552,Vash1306,36882,Arifureta Shokugyou de Sekai Saikyou,7
479051,VocalTrance,3090,Aa! Megami-sama! Tatakau Tsubasa,8
115500,Onizouka,31043,Boku dake ga Inai Machi,10
111885,Sinvar,1569,Otome wa Boku ni Koishiteru,8
314375,PurplePenguin,6372,Higashi no Eden Movie I: The King of Eden,8
111294,chickenbone,537,Tekken,6
67495,Dragon-Heart,21603,Mekakucity Actors,7
1295,XDPD7,45,Rurouni Kenshin: Meiji Kenkaku Romantan,8
1070949,LocaMichiko15,7082,Shugo Chara! Party!,6
420122,ginmalkavar,486,Kino no Tabi: The Beautiful World,6
337504,Gosunet,12365,Bakuman. 3rd Season,7
6044,PGSCA,7,Witch Hunter Robin,8
408340,Sawaith,21,One Piece,10
498334,GaySkyFairy,10087,Fate/Zero,7
358150,Kamikaze_,10800,Chihayafuru,7
348941,Animefanx3,7720,Ookiku Furikabutte: Natsu no Taikai-hen,8
37619,lougux,25397,Absolute Duo,3
80940,Nameless_Hero,514,Cossette no Shouzou,9
388229,AtastyCookie,19221,"Ore no Nounai Sentakushi ga, Gakuen Love Comedy wo Zenryoku de Jama Shiteiru",7
373310,gexmens,4195,Kodomo no Jikan Ni Gakki,9
468141,44r0n0wnz,2214,Black Jack 21,8
539941,kozlo,1860,Tokyo Majin Gakuen Kenpucho: Tou,6
421055,nudity,71,Full Metal Panic!,4
557335,Tatl_Tael,19631,Tayu Tayu,10
34134,deucelittle,2273,Shin Kidou Senki Gundam Wing: Endless Waltz Special,6
83234,kashim_Kun,2890,Gake no Ue no Ponyo,7
368233,Myrlochar,4531,Dark Cat,8
1167077,fluka,14227,Tonari no Kaibutsu-kun,9
812951,teabiotique,8426,Hourou Musuko,7
440637,Kypdurron,889,Black Lagoon,8
457554,tyranuus,8915,Dantalian no Shoka,6
53998,PlatinumSouls,452,InuYasha Movie 1: Toki wo Koeru Omoi,7
475868,Ubikwitywny,18441,Blood Lad: Wagahai wa Neko de wa Nai,8
553263,goncix3000,35015,Ani ni Tsukeru Kusuri wa Nai!,6
384399,Trane_One,3001,Moyashimon,8
34078,TiElite,1827,Seirei no Moribito,8
5086,Zerahiayah,9690,Densetsu no Yuusha no Densetsu: Iris Report,6
12600,kramasanas,8231,Princess Lover!: Magical Knight Maria-chan,6
1259987,KuraiSorra,10278,The iDOLM@STER,6
1154033,Emeraldpaws,15085,Amnesia,4
36890,Kapia,22789,Barakamon,7
1219001,Duran666,28121,Dungeon ni Deai wo Motomeru no wa Machigatteiru Darou ka,7
345243,Ryouji,6572,Shakugan no Shana S,8
1143861,OrphenSensei,30276,One Punch Man,9
73681,Huild,37764,Kidou Senshi Gundam NT,7
305699,Carilious,568,Bubblegum Crisis Tokyo 2040,5
329284,Strawberry_Heart,811,I''s Pure,6
459427,OrangeHokage,7465,Eve no Jikan (Movie),8
53166,Luaine,34126,Rewrite 2nd Season,6
387564,Rouge_Toshokan,9379,Denpa Onna to Seishun Otoko,7
497050,mrcho13,34055,Berserk 2nd Season,3
25091,Waha,20,Naruto,5
291168,Sihachi,25013,Akatsuki no Yona,10
508033,captcube,16662,Kaze Tachinu,7
378823,Lana-chan,36483,B-Project: Zecchou*Emotion,5
10065,Ranger_Chris61,18465,Genshiken Nidaime,8
81888,Firebrand-X,15,Eyeshield 21,8
30677,Masa,3795,Hana to Hebi The Animation,3
63467,kruczek,2926,Myself; Yourself,5
312432,Shichirou,18041,Rozen Maiden (2013),9
1138215,HaydenYoung,1827,Seirei no Moribito,8
3203,BlackListHunter,41587,Boku no Hero Academia 5th Season,6
361027,valerito,493,Armitage III: Poly-Matrix,9
37255,SpikeTerra,15583,Date A Live,8
1222065,Valik93,44,Rurouni Kenshin: Meiji Kenkaku Romantan - Tsuioku-hen,8
300008,bicklebopper,365,Fake,4
1279239,lamchop,9617,K-On! Movie,8
429819,mebod,38656,Darwin's Game,7
478182,Silenthim,44511,Chainsaw Man,8
773557,Christina706,16592,Danganronpa: Kibou no Gakuen to Zetsubou no Koukousei The Animation,6
63548,mylichka,5365,Tsumiki no Ie,8
397068,popkiller,27989,Hibike! Euphonium,7
33023,Bloodshot-Shanks,2904,Code Geass: Hangyaku no Lelouch R2,9
335562,utedass,6675,Redline,8
53618,Shiki-hybrid,11241,Brave 10,8
27231,ahinigami,934,Higurashi no Naku Koro ni,9
468002,Vamp1836,19653,Neppuu Kairiku Bushi Road,7
24785,J_Dude,631,Mahoromatic Summer Special,5
300562,adzia,1,Cowboy Bebop,9
307617,leDia-chan,7082,Shugo Chara! Party!,6
369512,Munificent,33948,Hinako Note,8
448526,Numie,7817,B-gata H-kei,6
477544,berryful,40956,Enen no Shouboutai: Ni no Shou,9
1088271,stagnant,31798,Kiznaiver,7
381567,RinaStar,1914,Saiunkoku Monogatari 2nd Season,10
443932,KoT-MaTpOcKuH,471,To Heart 2,9
110478,fake_miria,64,Rozen Maiden,8
1147861,Marklar,1043,Tokyo Babylon,2
431080,Athkara,27411,Koukaku Kidoutai: Shin Movie,7
114832,KaiRong,32983,Natsume Yuujinchou Go,9
1204823,dead0000000,7059,Black★Rock Shooter (OVA),8
349805,mephesfeles,2513,Detective Conan OVA 03: Conan and Heiji and the Vanished Boy,9
1075775,DeceiverChwan,30544,Gakusen Toshi Asterisk,8
82520,disassembler,1978,Onkyo Seimeitai Noiseman,10
602783,MaiGoL7,6166,Asobi ni Iku yo!,6
753347,arthur123ip,1535,Death Note,9
503535,bonelord,2251,Baccano!,9
1218337,AnimeFan1124,8479,Hetalia World Series,8
105871,GTkeoni,134,Gunslinger Girl,8
1211675,Kristina303,7662,Shinrei Tantei Yakumo,6
400552,Gerwazy,6746,Durarara!!,9
1118121,Dixfemt,777,Hellsing Ultimate,7
119147,CaptainHairy,4618,RideBack,8
13139,kira-factor,1250,Erementar Gerad,8
365972,RemusW,481,Yu☆Gi☆Oh! Duel Monsters,7
93378,Skadi,13673,Otome Nadeshiko Koi Techou,7
413626,Eikko,26441,Junketsu no Maria,8
1125079,riirabbit,120,Fruits Basket,10
1197477,LunacuShadow,20,Naruto,7
484057,Fumios,22789,Barakamon,10
1053953,renclau,36466,Digimon Adventure tri. 6: Bokura no Mirai,4
327789,sephwin,4382,Suzumiya Haruhi no Yuuutsu (2009),9
14857,SeerQueen,1239,Bishoujo Senshi Sailor Moon SuperS,6
78330,Addiemonster,174,Tenjou Tenge,6
350607,sefronitic,855,Strawberry Panic,9
1154381,benor1470,11757,Sword Art Online,10
361230,haln,5081,Bakemonogatari,9
23705,sablepatch,998,Blue Seed,8
501643,animefreakster,12581,Asa made Jugyou Chu!,9
349959,jhawkjrod,164,Mononoke Hime,10
413669,Zumirio,6922,Fate/stay night Movie: Unlimited Blade Works,7
329983,xlegionz,6205,Kämpfer,6
27529,Kotetsu_Ryu,873,.hack//Roots,6
461002,ThisIsDK,10067,Angel Beats! Another Epilogue,9
75248,Jico,834,Bleach: The Sealed Sword Frenzy,7
519431,thenry13,7875,Kanokon: Manatsu no Dai Shanikusai Specials,9
1268365,koyomu,11979,Mahou Shoujo Madoka★Magica Movie 2: Eien no Monogatari,9
47779,DarkeLia,40456,Kimetsu no Yaiba Movie: Mugen Ressha-hen,10
585569,Alannys,40834,Ousama Ranking,10
314789,lZAXl,2889,Bleach Movie 2: The DiamondDust Rebellion - Mou Hitotsu no Hyourinmaru,7
333457,Riitsuka,2034,Lovely★Complex,8
82412,dobrosketchkun,38101,5-toubun no Hanayome,7
380813,Sarelith,15197,Code Geass: Boukoku no Akito 2 - Hikisakareshi Yokuryuu,9
93052,Toha,147,Kimi ga Nozomu Eien,8
35338,IncognitoOtaku,6811,InuYasha: Kanketsu-hen,9
71482,Tumbleweed,381,Fushigi Yuugi: Dai Ni Bu,8
37693,GevuldeKex,6280,Cat Shit One,7
504943,spacewolf411,7338,Darker than Black: Kuro no Keiyakusha Gaiden,6
426997,gisaGizy,530,Bishoujo Senshi Sailor Moon,9
492309,Irbis_Key,34414,Nanbaka 2,9
4386,ReAn,5630,Higashi no Eden,10
306421,Elysia_Sylvara,1815,Shakugan no Shana Movie,9
108784,redstars,1954,Rayearth,6
108098,kenarok,1195,Zero no Tsukaima,7
58214,alldren,395,Gantz 2nd Stage,6
572991,Mariana-tan,2889,Bleach Movie 2: The DiamondDust Rebellion - Mou Hitotsu no Hyourinmaru,7
3421,Shadowblitz,355,Shakugan no Shana,7
1250761,Inohin_Con,94,Kidou Senshi Gundam SEED Destiny,5
484483,Karrock,7079,Ookamikakushi,6
464050,imn7c5,24151,Ao Haru Ride OVA,5
436859,asgardian,3785,Evangelion: 3.0 You Can (Not) Redo,6
25782,alx222000,4186,Chrome Shelled Regios,7
451279,KuraudoOishii,80,Kidou Senshi Gundam,5
1102603,_Takumi-Usui_,1397,Macross 7,8
116582,Darkloki,4280,Kara no Kyoukai Movie 4: Garan no Dou,6
294321,roankun,6351,"Clannad: After Story - Mou Hitotsu no Sekai, Kyou-hen",7
501862,Ahegyao,52830,"Isekai de Cheat Skill wo Te ni Shita Ore wa, Genjitsu Sekai wo mo Musou Suru: Level Up wa Jinsei wo Kaeta",7
100067,Nyyppa,7711,Karigurashi no Arrietty,7
43148,Gwin,2107,One Piece Movie 08: Episode of Alabasta - Sabaku no Oujo to Kaizoku-tachi,4
431801,Lamii,853,Ouran Koukou Host Club,7
495337,Mutsukai,18661,Kamisama Hajimemashita OVA,6
1231755,tatianamika,5178,First Squad: The Moment of Truth,6
352408,MasahiroKun,2515,Detective Conan OVA 05: The Target is Kogoro! The Detective Boys' Secret Investigation,8
82455,darkrufus,22535,Kiseijuu: Sei no Kakuritsu,7
385198,PhibrizoAlexiel,44,Rurouni Kenshin: Meiji Kenkaku Romantan - Tsuioku-hen,8
359230,Toasted-Reason,37991,JoJo no Kimyou na Bouken Part 5: Ougon no Kaze,8
13638,noctem,306,Abenobashi Mahou☆Shoutengai,9
1161039,Ghaias,18115,Magi: The Kingdom of Magic,10
428142,Heckleyjohn,2924,ef: A Tale of Memories.,5
567837,kameleon2000,5112,Akikan!,5
384493,razorblood801,33486,Boku no Hero Academia 2nd Season,8
972357,azerift,3627,D.C.II S.S.: Da Capo II Second Season,9
299399,blekohl,38668,Dorohedoro,9
359741,KawaiisoTenshi,435,Magic Knight Rayearth,7
57725,warewood,4130,Petit Eva: Evangelion@School,6
62869,Jaded,3588,Soul Eater,10
1140497,alnajm,12967,Arcana Famiglia,8
419871,KaayKev,1939,SD Gundam Gaiden,9
27712,Obszczymurakami,270,Hellsing,6
365777,matheus1994,8074,Highschool of the Dead,9
1080475,AlliaK,13403,Inu x Boku SS: Miketsukami-kun Henka/Switch/Omamagoto,10
67380,SoulSeth,1030,Heisei Tanuki Gassen Ponpoko,4
600565,madmarine0,10793,Guilty Crown,8
1210729,MyFavourite,19,Monster,9
25101,hilfman,2026,Hayate no Gotoku!,9
304937,Stormiesunshine,43439,Shadows House,8
597767,Kuroi_Shinzo,3782,Kara no Kyoukai Movie 2: Satsujin Kousatsu (Zen),9
117493,Kantana,18679,Kill la Kill,9
310140,jc_reborn,11241,Brave 10,10
42399,Yothiel,11235,Amagami SS+ Plus,7
63272,shnam,12565,Fate/Prototype,9
1654,jounouchi,3616,Kamen no Maid Guy,6
1087207,RyuukoZ,12883,Tsuritama,7
504297,Gridusia,50275,Sword Art Online: Progressive Movie - Kuraki Yuuyami no Scherzo,9
28172,Krigma,430,Fullmetal Alchemist: The Conqueror of Shamballa,7
1260027,ShaRinneTensei,12049,Fairy Tail Movie 1: Houou no Miko,10
117266,Thehmpfday,182,Tenkuu no Escaflowne,6
1220867,Ghoul-Sage,5114,Fullmetal Alchemist: Brotherhood,10
66273,kiriska,32998,91 Days,7
16195,Saito-kun,400,Seihou Bukyou Outlaw Star,10
80137,Schneizel,260,Happy☆Lesson (TV),8
18669,RainGirl,165,RahXephon,9
366902,p0ssum,227,FLCL,8
1098767,Heca,31043,Boku dake ga Inai Machi,10
529,Keyblader24,210,Ranma ½,8
107268,tin_min,222,Mezzo DSA,7
32373,yuri_fangirl,1780,Choukou Tenshi Escalayer,7
304141,UmbraAnimae,1096,Kidou Keisatsu Patlabor 2 the Movie,10
1093753,Agrypnie,21809,Kenzen Robo Daimidaler,3
69308,shadowcat121,5984,Ristorante Paradiso,8
737075,PalePuller,934,Higurashi no Naku Koro ni,8
31517,starstorm,4458,Bavel no Hon,1
89942,KeFFi,6211,Tokyo Magnitude 8.0,8
409450,Sumpsvamp,1699,Romeo x Juliet,9
319727,ColdLink,20899,JoJo no Kimyou na Bouken Part 3: Stardust Crusaders,7
1221953,Beowolf,5112,Akikan!,7
301255,SophieChan2379,121,Fullmetal Alchemist,9
12742,LadyEmi,3354,Zombie-Loan Specials,7
400873,tylergn,585,Mimi wo Sumaseba,9
479090,PrettyInky,23199,Durarara!!x2 Shou,9
353605,Piroto,713,Air Movie,6
1169293,Izzton,30230,Diamond no Ace: Second Season,8
477300,Kaii_,202,Wolf's Rain,6
86278,_Yamainu,1210,NHK ni Youkoso!,9
405801,havoklee,243,Gravitation,9
11190,Parsley,3087,Cencoroll,8
1226335,dxbladexd,38889,Kono Oto Tomare! Part 2,9
379373,flashslicer,4985,Mahou Shoujo Lyrical Nanoha: The Movie 1st,8
470577,Rezerz,12403,Yuru Yuri♪♪,9
80352,Rubyscope,1210,NHK ni Youkoso!,9
28437,bizarrejelly,357,Bokusatsu Tenshi Dokuro-chan,6
337385,Rinshan,3667,Strike Witches,6
422371,Watayarata,38000,Kimetsu no Yaiba,8
554519,StalkerIQ,2432,Discipline,6
1177579,MeneerJacco,17549,Non Non Biyori,7
569973,sugarxpie,467,Koukaku Kidoutai: Stand Alone Complex,8
35622,ulmen,3958,Kannagi,9
457673,Hellkite,6547,Angel Beats!,9
607735,TRiZZy96,1535,Death Note,10
542445,baddog917,7088,Ichiban Ushiro no Daimaou,8
13097,black_faith,6880,Deadman Wonderland,7
595477,Riverta,2534,Angelique,5
493872,Demonkai,1691,Kaze no Stigma,7
480429,engas,442,Naruto Movie 1: Dai Katsugeki!! Yuki Hime Shinobu Houjou Dattebayo!,8
406220,hideyoshisama,91,Shin Kidou Senki Gundam Wing: Endless Waltz,7
328695,olesean,1604,Katekyo Hitman Reborn!,8
6796,waves12,793,xxxHOLiC Movie: Manatsu no Yoru no Yume,10
363935,MightyCollector,30831,Kono Subarashii Sekai ni Shukufuku wo!,9
898653,Azzembler,9308,Oni Chichi 2,3
304726,codegearss,25389,"Dragon Ball Z Movie 15: Fukkatsu no ""F""",8
464574,Hitagi07,16395,SKET Dance: Imouto no Nayami ni Nayamu Ani ni Nayamu Imouto to Sono Nakama-tachi,10
556999,Quiesce,16498,Shingeki no Kyojin,10
1082025,EminaRukiax,4725,Ga-Rei: Zero,8
298690,Aniki1990,41006,Higurashi no Naku Koro ni Gou,9
24314,Foxygirl05,9165,Attack No.1: Namida no Kaiten Receive,6
388954,Modrzej,2001,Tengen Toppa Gurren Lagann,8
117909,xArturia,5984,Ristorante Paradiso,7
26898,MnVs,801,Koukaku Kidoutai: Stand Alone Complex 2nd GIG,10
1222473,hallj05,30296,Rakudai Kishi no Cavalry,9
336495,Enkoprulu,2602,Kenkou Zenrakei Suiei-bu Umishou,8
436269,MasterHavik,34103,Danganronpa 3: The End of Kibougamine Gakuen - Kibou-hen,5
1132013,cr1m,11785,Haiyore! Nyaruko-san,4
469746,Steeftooth,31722,Nanatsu no Taizai: Seisen no Shirushi,10
18402,OLIN,560,Soukyuu no Fafner: Dead Aggressor - Right of Left,9
494058,madrobot,323,Mousou Dairinin,10
8543,naratemari,121,Fullmetal Alchemist,10
556711,Kottery,11239,Hidamari Sketch x Honeycomb,9
102628,sakurabelle,2369,Rental Magica,7
518753,RaulRapido,9041,IS: Infinite Stratos,9
562571,Fxt,1923,Urusei Yatsura Movie 4: Lum The Forever,9
496011,Tcial,3167,Eve no Jikan,9
316583,Chaos_Fighter,37141,Hataraku Saibou,7
465849,ryezhian,8516,Baka to Test to Shoukanjuu Ni!,8
437527,keira317,16890,Makai Ouji: Devils and Realist,7
1077387,Etherealist,4884,Tales of the Abyss,9
328339,RyuRoots,96,Kidou Butouden G Gundam,8
1109319,Suika7896,10408,Hotarubi no Mori e,8
23916,whitewater_81,395,Gantz 2nd Stage,5
29237,nidaimeblue,2389,Kagaku Ninja-tai Gatchaman,8
43246,Jarik,30831,Kono Subarashii Sekai ni Shukufuku wo!,9
1195415,dorotka7550,6547,Angel Beats!,9
293650,soveren,27,Trinity Blood,6
423967,Arid_Sands,33206,Kobayashi-san Chi no Maid Dragon,9
322751,Renlong,9656,Kimi ni Todoke 2nd Season,9
323787,UsedCheese,18153,Kyoukai no Kanata,6
598125,tikman,1157,Final Fantasy: Unlimited,8
312144,galimx,7713,Nihon Mukashibanashi: Saru Kani,5
313540,Jesikira,4814,Junjou Romantica 2,9
470001,Justus_,4059,"Clannad: Mou Hitotsu no Sekai, Tomoyo-hen",6
1059625,allochnar,245,Great Teacher Onizuka,10
300226,Procyon,24833,Ansatsu Kyoushitsu,8
67790,aryashine,10357,Jinrui wa Suitai Shimashita,8
313976,Annyu,15775,Saint☆Oniisan,8
357301,neonoen,9925,Amagami SS: Tachibana Miya-hen - Imouto,8
96571,Konik,15879,Chuunibyou demo Koi ga Shitai! Depth of Field: Ai to Nikushimi Gekijou,6
365138,X24,269,Bleach,3
1104471,TinyGurl80,13807,Corpse Party: Missing Footage,5
389709,JackeDiv,1575,Code Geass: Hangyaku no Lelouch,7
392687,kyoudai,38254,Hashiri Tsuzukete Yokatta tte.,6
118008,YukiNanaho,2904,Code Geass: Hangyaku no Lelouch R2,9
1114549,aznchris24,4975,ChäoS;HEAd,2
330123,lesti,905,Dragon Ball Z Movie 12: Fukkatsu no Fusion!! Gokuu to Vegeta,8
311477,flooze,11757,Sword Art Online,6
422778,mr_funny,27833,Durarara!!x2 Ketsu,7
1133133,AkiyamaMioChan,23289,Gekkan Shoujo Nozaki-kun,9
6273,Sakebi,1,Cowboy Bebop,10
454762,goldiegold,9969,Gintama',10
25748,Miyako_Z,39565,Boku no Hero Academia the Movie 2: Heroes:Rising,9
484878,kokura_asahi,7465,Eve no Jikan (Movie),9
7768,Tanixy,452,InuYasha Movie 1: Toki wo Koeru Omoi,8
402387,ShinNikki,688,Uta∽Kata,5
548907,dmc3,9201,Air Gear: Kuro no Hane to Nemuri no Mori - Break on the Sky,8
97117,ovark,384,Gantz,5
330664,sofiaseixas,20,Naruto,9
503945,DANCINGOTAKU,4021,Seiyou Kottou Yougashiten: Antique,8
291366,Gatx,2398,Digimon Adventure 02: Diablomon no Gyakushuu,9
1219687,PrettyinPink,1604,Katekyo Hitman Reborn!,6
1187651,Waffolz,37779,Yakusoku no Neverland,10
346827,Monochromic,38691,Dr. Stone,10
1118089,ratchetbug,205,Samurai Champloo,9
1103765,AaronJP,770,Pale Cocoon,8
739539,Areeja-chan,11111,Another,10
48,seif,1238,One Piece: Mamore! Saigo no Dai Butai,6
485723,Toon324,6547,Angel Beats!,8
1107135,pruez,21,One Piece,8
108676,Ruinie,4975,ChäoS;HEAd,9
904255,Hallz,257,Ikkitousen,8
400362,hercircumstance,1172,Slayers Try,7
81405,Hacksaw,157,Mahou Sensei Negima!,8
294128,maxaonn,1036,Kashou no Tsuki: Aki Kyougen,4
1199137,Nobunaga81,175,Tokyo Underground,7
55711,kakarotto26,9587,Oniichan no Koto nanka Zenzen Suki ja Nai n da kara ne!!,7
463201,kurisumakise,3667,Strike Witches,7
1241729,Dulleh,11371,Shin Tennis no Oujisama,10
498313,DarkNighty,38691,Dr. Stone,8
557383,Pietopia,433,"Kumo no Mukou, Yakusoku no Basho",7
429463,Sharnel,4744,Akaneiro ni Somaru Saka,9
887207,hugoymh,37259,Hanebado!,7
392520,unitf13i,8425,Gosick,9
305200,Rorokpal,153,Juuni Kokuki,10
1198111,TehBoxman,11433,Ano Natsu de Matteru,9
307800,jpwong,1536,Busou Renkin,8
29979,belial13,31043,Boku dake ga Inai Machi,8
474763,SevenKnights,11783,Dog Days',10
1238729,greebo,41266,Bessatsu Olympia Kyklos,7
35588,kvhottie,3574,Switch,8
98395,r1ff,762,Bleach: Memories in the Rain,6
51634,beta30,387,Haibane Renmei,9
1087517,Triface,387,Haibane Renmei,8
323383,IceAndCream,249,InuYasha,6
427783,blessingofchaos,11633,Blood Lad,3
467071,EmberWithin,15085,Amnesia,6
8734,Uuchie,16417,Tamako Market,9
101131,Aliera,762,Bleach: Memories in the Rain,7
476398,kinnikukong23,650,Gunsmith Cats,8
829249,FrozenEcstacy,26349,Danna ga Nani wo Itteiru ka Wakaranai Ken,6
65256,staindude,528,Pokemon Movie 01: Mewtwo no Gyakushuu,7
22020,vv_megane,21177,Nobunaga the Fool,6
42556,PhyrexiaN,2581,Kidou Senshi Gundam 00,4
315694,kireev20000,37055,Youjo Senki Movie,7
366769,Yaaga,4382,Suzumiya Haruhi no Yuuutsu (2009),6
361263,holatuwol,1039,Mizuiro (2003),2
83819,Smallboss,14719,JoJo no Kimyou na Bouken (TV),8
94620,iPops,7,Witch Hunter Robin,8
487788,roddypii,11597,Nisemonogatari,10
494874,Akrycer,4181,Clannad: After Story,10
291167,rjimenez,32182,Mob Psycho 100,7
486214,Zackasaurus-rex,31240,Re:Zero kara Hajimeru Isekai Seikatsu,8
570181,papas_lil_girl,27727,Binan Koukou Chikyuu Bouei-bu LOVE!,10
1145881,Isuzu-Makkairo,724,Enzai,1
49698,KiraxYamato,376,"Elfen Lied: Tooriame nite Arui wa, Shoujo wa Ikani Shite Sono Shinjou ni Itatta ka? - Regenschauer",9
98760,herbatnik,3702,Detroit Metal City,8
351111,molenilson,49918,Boku no Hero Academia 6th Season,5
300903,anime-hime95,1579,Kiniro no Corda: Primo Passo,8
440781,Volvom,2352,Daiakuji: The Xena Buster,7
89311,Byaq,770,Pale Cocoon,9
440816,kaliko-rosa,20,Naruto,7
26561,crazysheep,274,Kiddy Grade,8
77768,Yumiko,3354,Zombie-Loan Specials,8
1193629,KawaiCloud,521,Mermaid Melody Pichi Pichi Pitch,7
301579,Ferret0nCrack,27969,Hana to Alice: Satsujin Jiken,7
1284055,tsunwaii,7334,Bakugan Battle Brawlers: Gundalian Invaders,5
77320,okasion,4224,Toradora!,10
390831,_Hibarin,22297,Fate/stay night: Unlimited Blade Works,6
96028,Logan_Essex,71,Full Metal Panic!,7
478297,Ian_,30307,Monster Musume no Iru Nichijou,7
75891,atvrcr,9201,Air Gear: Kuro no Hane to Nemuri no Mori - Break on the Sky,9
501646,jimsarcade,208,R.O.D: Read or Die,6
103637,tweety666,7627,Mitsudomoe,8
471718,Wirde,1606,Kekkaishi,4
328798,yeceniac,6920,Blade,8
376120,Draque,6634,Sengoku Basara Ni,8
38747,D_TANakin91,7708,Machi Gurumi no Wana: Hakudaku ni Mamireta Shitai,7
704205,animefreeak,30296,Rakudai Kishi no Cavalry,6
473086,annaskor,11771,Kuroko no Basket,9
368022,lisva,27387,Under the Dog,7
508971,jamminr1,454,.hack//Gift,7
298580,UsagiAddict,1679,Green Green Character DVD,4
510154,whiteoutt,249,InuYasha,7
442645,9nl0dutch,9367,Freezing,7
412862,Daisetsu-bushido,32924,Urara Meirochou,9
466673,traumends,13403,Inu x Boku SS: Miketsukami-kun Henka/Switch/Omamagoto,8
298580,UsagiAddict,33031,Shakunetsu no Takkyuu Musume,8
1143191,MilanaPo,9253,Steins;Gate,10
306135,GunnarGhost,713,Air Movie,5
483666,kirikirimai,170,Slam Dunk,10
350588,der_dreh,169,Shingetsutan Tsukihime,8
1174087,dudutrakz,20,Naruto,6
395291,mcastilloy2k,12113,Berserk: Ougon Jidai-hen II - Doldrey Kouryaku,8
30891,Ragwtf,31964,Boku no Hero Academia,8
30331,kikoushi,68,Black Cat (TV),5
1077239,fullm2006,15117,Kami nomi zo Shiru Sekai: Tenri-hen,8
466178,destroyers34,9135,Fullmetal Alchemist: The Sacred Star of Milos,10
512832,hokkyokuguma,9618,Asobi ni Iku yo!: Asobi ni Oide,8
508532,cakeiscoolio,528,Pokemon Movie 01: Mewtwo no Gyakushuu,9
309948,dragonik18,986,Dragon Ball Z Special 1: Tatta Hitori no Saishuu Kessen,10
97408,Theskyisonfire,3228,Zoku Sayonara Zetsubou Sensei,8
38805,rhaphazard,38790,Itai no wa Iya nanode Bougyoryoku ni Kyokufuri Shitai to Omoimasu.,5
494615,mangachecklist,4107,Tengen Toppa Gurren Lagann Movie 1: Gurren-hen,8
1192003,animemasterpt,15437,"Kore wa Zombie desu ka? of the Dead: Hai, Minotake ni Attemasu",8
1285175,drodrigues1985,27655,Aldnoah.Zero Part 2,9
329371,minxminx,100,Shin Shirayuki-hime Densetsu Prétear,10
1214673,Giadinski,16157,Choujigen Game Neptune The Animation,6
1230701,Maxeey,43608,Kaguya-sama wa Kokurasetai: Ultra Romantic,10
386514,eMsi94,21,One Piece,7
94563,OranjiJuice,236,E's Otherwise,8
1177101,OkamiHolo,8525,Kami nomi zo Shiru Sekai,7
492198,MrCheeseBrick,50265,Spy x Family,8
1189503,15freak,25781,Shingeki no Kyojin: Kuinaki Sentaku,8
404409,The_25th_Clone,15809,Hataraku Maou-sama!,8
406846,ligustxdactna,16528,Hal,9
66249,Rakkimi,6547,Angel Beats!,10
21911,KaitLynn,226,Elfen Lied,9
567293,featherdoll,22,Tennis no Oujisama,10
1137549,Daichi09,45486,Kuma Kuma Kuma Bear Punch!,8
1107621,leichan,15109,Cuticle Tantei Inaba,9
1107929,yumea,3594,Tears to Tiara,7
1228109,DeathDevimon,9981,Phi Brain: Kami no Puzzle,10
401268,Maya-chan27,1889,Higurashi no Naku Koro ni Kai,7
299439,kamina-sama,23847,Yahari Ore no Seishun Love Comedy wa Machigatteiru. Zoku,8
301038,msOxygen,762,Bleach: Memories in the Rain,1
368138,Darrin87,10033,Toriko,9
58664,Dimble,5081,Bakemonogatari,9
762687,D-Day1500,395,Gantz 2nd Stage,3
416199,Nyapocalypse,1454,Kemonozume,7
27285,silencer513,849,Suzumiya Haruhi no Yuuutsu,9
39047,redcardigan,20,Naruto,7
523529,catachoux,268,Golden Boy,7
1214055,nutnnut,9205,Kaichuu!,6
1199175,Rio-Bot,33712,Bikini Warriors OVA,5
337167,niwatorisama,6586,Yume-iro Pâtissière,9
1095771,Sharly,1532,Suki na Mono wa Suki Dakara Shou ga Nai!!,8
348590,Psychoholicx3,16123,Saki Zenkoku-hen,7
1204243,oohjam,34051,Akiba's Trip The Animation,5
917385,izumikatsu,3089,The Sky Crawlers,10
536333,Draeno,121,Fullmetal Alchemist,6
43962,CutuZ,5525,07-Ghost,6
8643,Ophannin,54,Appleseed (Movie),7
5038,Killerbee,22147,Amagi Brilliant Park,8
68620,Kingkie,15377,Hyakka Ryouran: Samurai Bride,8
457490,MiszczuGW,6918,Wolverine,8
95625,divergentsoul,7059,Black★Rock Shooter (OVA),7
393553,Schutzscheibe,5955,Toaru Majutsu no Index-tan,7
32079,Evol,2012,Jigoku Sensei Nube,7
34547,Kalbintion,13469,Hyouka: Motsubeki Mono wa,6
6264,edwarx,28675,Kyoukai no Kanata Movie 2: I'll Be Here - Mirai-hen,7
456082,Wyllds,1492,Project ARMS,7
593909,MRSPARTAN127,18617,Girls & Panzer Movie,10
1245203,alchemyfarie,289,Comic Party,7
11017,technic,30,Neon Genesis Evangelion,1
333422,Rohyal,38936,Lord El-Melloi II Sei no Jikenbo: Rail Zeppelin Grace Note - Hakamori to Neko to Majutsushi,8
340279,JamesAnderson,23847,Yahari Ore no Seishun Love Comedy wa Machigatteiru. Zoku,9
371240,KoVox,1441,Ginga Tetsudou no Yoru,10
17490,TheInfectedBy590,208,R.O.D: Read or Die,9
40273,ShinQ,270,Hellsing,6
311296,ctef,11433,Ano Natsu de Matteru,7
65809,Ma7oN,29027,Shinmai Maou no Testament: Toujou Basara no Hard Sweet na Nichijou,7
343309,Miryu_SK,32887,Dungeon ni Deai wo Motomeru no wa Machigatteiru Darou ka Gaiden: Sword Oratoria,7
827681,Mayavelle,41380,100-man no Inochi no Ue ni Ore wa Tatteiru,7
1245791,allurek11,4752,Vampire Knight Guilty,9
330361,WitchofMercy,52291,Tiger & Bunny 2 Part 2,6
381131,AngryBunny,30901,Utawarerumono: Itsuwari no Kamen,5
431207,SoraYumiko,1250,Erementar Gerad,7
54484,RP_41,7669,"""Bungaku Shoujo"" Kyou no Oyatsu: Hatsukoi",7
54841,uwangski,443,Onegai☆Teacher: Himitsu na Futari,9
1245639,RibbonHead,22297,Fate/stay night: Unlimited Blade Works,9
86234,gilnar,3318,Kimi ga Nozomu Eien: Next Season,7
292907,berdegreenberde,263,Hajime no Ippo,9
19159,Eej,3228,Zoku Sayonara Zetsubou Sensei,8
447806,mockdante,10162,Usagi Drop,8
31394,Titan-Kikumaru,235,Detective Conan,6
417366,sawka8555,6291,Full Metal Panic! The Second Raid Episode 00,6
495687,theNitefang,35839,Sora yori mo Tooi Basho,8
15044,KingAmacius,2515,Detective Conan OVA 05: The Target is Kogoro! The Detective Boys' Secret Investigation,10
74766,Yarvin,84,Kidou Senshi Gundam 0083: Stardust Memory,8
406262,TinCanMon,120,Fruits Basket,6
847115,TalonXeph,1051,Ao no 6-gou,8
604147,Kurisshi,182,Tenkuu no Escaflowne,9
13879,zeon,1430,Lupin III: Cagliostro no Shiro,8
323946,magicanime406,572,Kaze no Tani no Nausicaä,6
109869,Ophilia,1292,Afro Samurai,6
331041,Raigoomaru,73,Full Metal Panic! The Second Raid,8
1050597,DunderFisen,36838,Gintama.: Shirogane no Tamashii-hen,7
86469,stupidblackbear,10308,Sengoku Otome: Momoiro Paradox,6
913239,bader_90,39940,Shokugeki no Souma: Shin no Sara,9
1255309,dreddy71,5,Cowboy Bebop: Tengoku no Tobira,7
31416,shirobane,4059,"Clannad: Mou Hitotsu no Sekai, Tomoyo-hen",10
377010,Aurynia,1240,Bishoujo Senshi Sailor Moon SuperS: Sailor 9 Senshi Shuuketsu! Black Dream Hole no Kiseki,9
525943,Copulence,1575,Code Geass: Hangyaku no Lelouch,9
1054061,Vananadise,36754,Kakuriyo no Yadomeshi,9
422100,Parafinis,7791,K-On!!,7
1168213,Niniku-chan,36456,Boku no Hero Academia 3rd Season,9
298334,DJMCM,1349,A.D. Police (TV),6
1204833,emchii,187,Initial D Third Stage,10
591181,Jiniebell,32878,ēlDLIVE,7
347265,TheRetroSpectrum,25,Sunabouzu,10
407907,Raakija,25013,Akatsuki no Yona,9
441882,lluna_sa,23447,"Ano Natsu de Matteru: Bokutachi wa Koukou Saigo no Natsu wo Sugoshinagara, Ano Natsu de Matteiru.",6
1183885,M0by,9367,Freezing,7
504282,deathjester123,64,Rozen Maiden,9
512978,Takkkie,7593,Kiss x Sis (TV),8
79143,AfroSamurai,23281,Psycho-Pass 2,7
1233125,MeikoroHyobanshi,366,AIKa,7
303949,lowbattery13,5940,Seiken no Blacksmith,7
308065,skedaddledoo,719,Ai no Kusabi,7
415473,onigiri_love09,8861,"Yosuga no Sora: In Solitude, Where We Are Least Alone.",8
350252,Ele_Asa49,64,Rozen Maiden,7
413084,browneyedpixie,202,Wolf's Rain,9
78468,Ballaksio,1292,Afro Samurai,6
468809,VLjos,269,Bleach,5
604237,Craftsdwarf,30191,Durarara!!x2 Shou: Watashi no Kokoro wa Nabe Moyou,7
481675,somerandom,1536,Busou Renkin,8
117732,Tacas,27821,Fate/stay night: Unlimited Blade Works Prologue,8
14806,DSJFX18,153,Juuni Kokuki,9
367470,mapthejazz,120,Fruits Basket,6
981125,samuelzz01,24997,Love Live! The School Idol Movie,10
533237,larinon,3389,Bus Gamer,7
794465,ogryzek,3392,Kiniro no Corda: Primo Passo - Hitonatsu no Encore,6
462581,Eclarague,19,Monster,5
436737,xMookie,1,Cowboy Bebop,10
18362,Carmel,594,Naruto: Takigakure no Shitou - Ore ga Eiyuu Dattebayo!,7
321688,envell,230,Air Master,7
430550,redspart1,33506,Ao no Exorcist: Kyoto Fujouou-hen,9
45621,emery_ashbel,181,Vandread: The Second Stage,7
403460,xiheartlingx,22319,Tokyo Ghoul,8
354880,death2boredom,18893,Aoki Hagane no Arpeggio: Ars Nova,8
455514,dancingmad12,1470,City Hunter,9
1078245,Toravisu51,934,Higurashi no Naku Koro ni,8
25630,Jonbaruby,36191,Boku wa Sonzai Shiteinakatta,9
516557,evildog,135,Hikaru no Go,7
1195865,froskyfrost,33475,Busou Shoujo Machiavellianism,8
530811,D4reable93,9938,Ikoku Meiro no Croisée The Animation,9
106552,ElecEXE,10165,Nichijou,10
37812,Armirat,949,Top wo Nerae! Gunbuster,7
1114459,xNelo,896,Dragon Ball Z Movie 03: Chikyuu Marugoto Choukessen,7
50530,manjisan,226,Elfen Lied,9
348635,xHikaruSora,37799,Tokyo Ghoul:re 2nd Season,4
430099,Zerakz,36124,Itou Junji: Collection,5
4965,Druakian,568,Bubblegum Crisis Tokyo 2040,8
64756,gnppn,24,School Rumble,9
560693,nima2010,15605,Brothers Conflict,7
331600,Larpi,1813,Genshiken OVA,9
297276,Lokaris,6880,Deadman Wonderland,8
992269,Irdis71,10259,Da Yu Hai Tang (Movie),8
467997,--Ryuuen--,24,School Rumble,8
7701,PacificPikachu,237,Koukyoushihen Eureka Seven,8
447816,Preema,1482,D.Gray-man,5
10082,Meloria,652,Galaxy Angel Z,9
1061355,motrya,4282,Kara no Kyoukai Movie 5: Mujun Rasen,7
478472,yukichanchichi,3455,To LOVE-Ru,8
343322,RelinquishedHope,14467,K,9
593411,Byakkomonogatari,12187,Carnival Phantasm EX Season,9
293032,Saczers,41084,Made in Abyss: Retsujitsu no Ougonkyou,4
1216823,overkillsamurai,12231,Dragon Ball: Episode of Bardock,8
522819,JackFrost-,1439,Lupin III: Walther P38,8
911129,strawhatsanji,26441,Junketsu no Maria,8
1077875,gossipclit,437,Perfect Blue,8
528051,mickyxu96,10578,C³,9
495698,kermit_rus,42847,Ai no Utagoe wo Kikasete,8
471388,s1acer,8795,Panty & Stocking with Garterbelt,9
23749,Ornette,10490,Blood-C,7
490195,vespertilio,2236,Toki wo Kakeru Shoujo,9
56571,Ammes,4983,Hells,9
303681,LeColonel,2404,Zombie-Loan,6
31731,Numi,365,Fake,7
1161431,lordghirahim,531,Bishoujo Senshi Sailor Moon R: The Movie,9
389727,itsunoshiyuga,790,Ergo Proxy,10
446435,Horde,5307,Sora wo Kakeru Shoujo,6
329432,staina,1004,Kanojo to Kanojo no Neko,8
1217605,zro2002,164,Mononoke Hime,7
361859,Scuzzash,4999,Asu no Yoichi!,8
1118795,Vulpine,813,Dragon Ball Z,5
103637,tweety666,9712,Maria†Holic Alive,8
379976,corii,28999,Charlotte,7
45921,the7egend,35120,Devilman: Crybaby,8
7172,areida,10671,Morita-san wa Mukuchi.,5
294008,raate,2889,Bleach Movie 2: The DiamondDust Rebellion - Mou Hitotsu no Hyourinmaru,9
339170,Rikardo_Strigoi,14467,K,8
296123,Konekoneko,66,Azumanga Daiou The Animation,8
376821,moefetish,8861,"Yosuga no Sora: In Solitude, Where We Are Least Alone.",9
8113,Feo,248,Ichigo 100%,5
494536,Kali7713,120,Fruits Basket,8
45999,Mleko1989,38101,5-toubun no Hanayome,7
334734,Mad-Matt,11491,Recorder to Randoseru Do♪,7
437053,iKneeUinFace,11339,A-Channel+smile,8
1127803,SignaZ,2759,Evangelion: 1.0 You Are (Not) Alone,8
1177863,Gamepure,466,One Piece: Taose! Kaizoku Ganzack,7
114861,Tsubatsu,10893,Kyousou Giga,9
1223189,Aoiyuric,355,Shakugan no Shana,8
368192,daisukeniwa7,31223,Phantasy Star Online 2 The Animation,8
368383,ajeun,3014,Ginga Eiyuu Densetsu: Waga Yuku wa Hoshi no Taikai,7
514863,JN00b312,22135,Ping Pong the Animation,9
521197,janadesu,28999,Charlotte,8
957621,Da_Void,1210,NHK ni Youkoso!,10
20378,EvilAtHeart,383,Galaxy Angel,7
375186,Josuez,4654,Toaru Majutsu no Index,7
378124,Sanit09,527,Pokemon,10
339899,Chatlo,5114,Fullmetal Alchemist: Brotherhood,9
1149203,llachim,357,Bokusatsu Tenshi Dokuro-chan,7
480694,Animefan5000,34437,Code Geass: Fukkatsu no Lelouch,10
1136063,StarSaya,32094,Reikenzan: Hoshikuzu-tachi no Utage,7
518419,lee-chan-baka,4224,Toradora!,8
293786,shashkin,3652,Higurashi no Naku Koro ni Rei,7
361825,Fracturedchaos,387,Haibane Renmei,8
500551,Kalii24,861,xxxHOLiC,9
505565,Raccoonistry,37498,Black Fox,8
24981,redcar,15863,Ginga Kikoutai Majestic Prince,6
14270,Jedas,5702,Sora wo Miageru Shoujo no Hitomi ni Utsuru Sekai,7
292924,ruiorven,1,Cowboy Bebop,10
83973,alexsycho,21105,Love Stage!!,8
344569,Yamih,601,Nekojiru-sou,8
299615,Solo_Wing_Pixy,329,Planetes,7
75472,Zeke__,2926,Myself; Yourself,8
384121,Xterm,39523,Choujin Koukousei-tachi wa Isekai demo Yoyuu de Ikinuku you desu!,7
1128823,Siedshee,15379,Kotoura-san,6
447565,annahow,11887,Kokoro Connect,5
586871,nimbu,8841,Kore wa Zombie desu ka?,6
53772,pra,937,Appleseed,7
423049,Linkboii,10456,Kyoukaisenjou no Horizon,7
26313,EnderSeaSlugs,840,Narue no Sekai,5
400045,Kurei0,28223,Death Parade,10
1243671,Mizorus,23311,Garo: Honoo no Kokuin,8
347188,nevaleashka,189,Love Hina,7
309247,Skahm,57,Beck,7
560813,msdos622,65,Rozen Maiden: Träumend,10
381804,ikikinoko,8424,MM!,9
505359,ajvorl,50932,Saikyou Onmyouji no Isekai Tenseiki,8
290740,Bladeneko,237,Koukyoushihen Eureka Seven,9
401160,kibokun,1210,NHK ni Youkoso!,8
80490,Marevo,12029,Uchuu Senkan Yamato 2199,6
1234195,suzuren,15809,Hataraku Maou-sama!,7
85099,SharkyMFG,902,Dragon Ball Z Movie 09: Ginga Girigiri!! Bucchigiri no Sugoi Yatsu,9
1218121,Lajla,7592,Nurarihyon no Mago,6
473708,Hat-X-taN,3907,Ginga Sengoku Gunyuuden Rai,6
365432,DrAgNmAsTr,4590,Soukan Yuugi,6
603887,Crouze,710,Rec,7
502074,Ri_na,12711,Uta no☆Prince-sama♪ Maji Love 2000%,6
68964,lhagan,408,Final Fantasy VII: Last Order,9
772679,DemUnbeliever,49776,Kumichou Musume to Sewagakari,4
443214,dollsheaven,40908,Kemono Jihen,9
1217801,Haruhi_LilyLover,4789,ef: A Tale of Melodies.,8
35334,pcarrari,442,Naruto Movie 1: Dai Katsugeki!! Yuki Hime Shinobu Houjou Dattebayo!,8
7782,elsherl,256,Hoshi no Koe,8
99424,Krazydawg1,6746,Durarara!!,8
418598,animeowner,9289,Hanasaku Iroha,10
440800,Pistman21,18041,Rozen Maiden (2013),7
107893,Sikanda,3581,Requiem,8
393231,Bonssons,20541,Mikakunin de Shinkoukei,6
80364,melix,322,Paradise Kiss,9
388883,LegendaryGirl-A,30240,Prison School,5
423387,Azanus,93,Kidou Senshi Gundam SEED,9
424660,AMAR9933,21563,Kamigami no Asobi,6
581635,iKozue,532,Bishoujo Senshi Sailor Moon S,6
6016,DesertRose,3392,Kiniro no Corda: Primo Passo - Hitonatsu no Encore,8
309243,Akanita,1010,Ranma ½: Chou Musabetsu Kessen! Ranma Team vs. Densetsu no Houou,10
1123985,Noirexuni,3782,Kara no Kyoukai Movie 2: Satsujin Kousatsu (Zen),8
516625,dmgheen,205,Samurai Champloo,9
1080069,happytrisha108,11701,Another: The Other - Inga,7
61525,CleitonSama,1888,Ichigo Mashimaro OVA,6
355532,evildog07,199,Sen to Chihiro no Kamikakushi,10
350093,viajero,594,Naruto: Takigakure no Shitou - Ore ga Eiyuu Dattebayo!,8
314398,Nolri,9926,Sekaiichi Hatsukoi,8
1104033,AsiaRespect,20,Naruto,8
391193,Drewjc99,10863,Steins;Gate: Oukoubakko no Poriomania,8
452811,brodyaga,11617,High School DxD,6
1092281,JAGS,10165,Nichijou,8
406994,tomi89,5630,Higashi no Eden,10
402115,xfatex,205,Samurai Champloo,8
1134895,TheBozofBilly,35712,Boku no Kanojo ga Majimesugiru Sho-bitch na Ken,6
350203,TomittMax,2248,Naruto: Dai Katsugeki!! Yuki Hime Shinobu Houjou Dattebayo! - Konoha no Sato no Dai Undoukai,8
758317,Mu6o,9260,Kizumonogatari I: Tekketsu-hen,10
725041,Xander33Rus,9941,Tiger & Bunny,6
297878,gaikotsukiri,901,"Dragon Ball Z Movie 08: Moetsukiro!! Nessen, Ressen, Chougekisen",7
70005,Mimiko,40262,Haikyuu!! Riku vs. Kuu,8
413375,CTXSS,3085,Koharu Biyori,8
335932,Shuusuke,1195,Zero no Tsukaima,8
452161,xvicxpx,23289,Gekkan Shoujo Nozaki-kun,9
93498,Ranma-Kun,1366,Detective Conan Movie 07: Crossroad in the Ancient Capital,8
763109,Sakilolo,29786,Shimoneta to Iu Gainen ga Sonzai Shinai Taikutsu na Sekai,9
1216855,Avenger-senpai,13599,Robotics;Notes,7
6189,hikura,1374,Kyoushoku Soukou Guyver (2005),8
1262035,shadowfibby,4224,Toradora!,6
1102327,indexosu,9253,Steins;Gate,8
542063,Panicman,3654,Macademi Wasshoi!,6
452551,Yusuki_Sagano,25873,Toukiden Kiwami,7
11041,Applepiefilling,308,Zettai Shounen,7
1268357,Tiki_Arashi,3702,Detroit Metal City,6
97636,TheMightyWidget,134,Gunslinger Girl,8
1104439,Equandor,355,Shakugan no Shana,6
10925,Cotek,5355,Sengoku Basara,7
22320,Zeldi,5530,Pandora Hearts,8
61549,albertolml,73,Full Metal Panic! The Second Raid,7
307774,rikimaru97,50172,Mob Psycho 100 III,8
111885,Sinvar,2986,Bamboo Blade,6
11951,pettanko-chan,1239,Bishoujo Senshi Sailor Moon SuperS,10
365442,TYPE0,6862,K-On!: Live House!,8
84600,BlossomStar,530,Bishoujo Senshi Sailor Moon,9
26103,Darani,1817,DearS: Kin no Tama desu no?,10
387653,Fort_Vanguard,9989,Ano Hi Mita Hana no Namae wo Bokutachi wa Mada Shiranai.,8
483099,EntroX,2476,School Days,7
368972,TraWeg0,25777,Shingeki no Kyojin Season 2,9
84606,Poppies4Ophelia,97,Last Exile,6
540531,SuzuShoe,38186,Bokutachi wa Benkyou ga Dekinai,6
84040,omchan,1506,Detective Conan Movie 10: Requiem of the Detectives,8
920477,Yuna_Ashura,5114,Fullmetal Alchemist: Brotherhood,10
26198,ya0,8074,Highschool of the Dead,9
525733,Sego_244,3455,To LOVE-Ru,6
20550,Vizard,11179,Papa no Iukoto wo Kikinasai!,8
455144,zicktsoenamy,857,Air Gear,8
491463,aircapture,8769,Ore no Imouto ga Konnani Kawaii Wake ga Nai,8
546564,RottingChrist,10330,Bakugan Battle Brawlers: Mechtanium Surge,5
317164,OblivionRNS,10721,Mawaru Penguindrum,6
21905,Locutis,174,Tenjou Tenge,7
28875,astralgamer,1889,Higurashi no Naku Koro ni Kai,8
1236259,Arigoya,20057,Space☆Dandy,8
472707,___k,405,Blood: The Last Vampire,6
320468,Ex_Machina,13333,Tari Tari,7
377259,Annamin,587,Hanbun no Tsuki ga Noboru Sora,6
19975,keikun88,31376,Flying Witch,6
4117,cardslash02,14397,Chihayafuru 2,8
1144025,Yohaku,1827,Seirei no Moribito,8
469182,Mailtiger,6045,Kimi ni Todoke,8
65157,winnerdude,12531,Sakamichi no Apollon,9
1219367,Otaku_808,30778,Fairy Tail Movie 2: Dragon Cry,5
364257,bakurakat,4814,Junjou Romantica 2,7
547939,sacizin,40028,Shingeki no Kyojin: The Final Season,10
1272311,rogerioah,239,Gankutsuou,8
489620,xX-Dante-Xx,4106,Trigun: Badlands Rumble,8
428307,Sae95,7059,Black★Rock Shooter (OVA),6
506545,HijikataMayora,21507,Soul Eater NOT!,7
503406,JunjouArisaChan,21563,Kamigami no Asobi,6
321437,lenivec,6772,Break Blade Movie 1: Kakusei no Toki,7
69174,ParsleyOat,530,Bishoujo Senshi Sailor Moon,7
318017,dankeris,431,Howl no Ugoku Shiro,8
348280,Xenoronin,528,Pokemon Movie 01: Mewtwo no Gyakushuu,9
367764,Souichirou,10080,Kami nomi zo Shiru Sekai II,5
490275,nando3d,8675,Seitokai Yakuindomo,7
317637,NabariNoOu,2106,Kiss Dum: Engage Planet,7
375720,Buutastic,1074,Naruto Narutimate Hero 3: Tsuini Gekitotsu! Jounin vs. Genin!! Musabetsu Dairansen Taikai Kaisai!!,7
402785,Hokuto_no_Fuzz,10647,Ao no Exorcist: Ura Ex,7
464769,jalhunter,1575,Code Geass: Hangyaku no Lelouch,9
620577,neraigo,18245,White Album 2,7
308847,navester,1535,Death Note,9
36434,clawfingerr,177,Tsubasa Chronicle,8
530041,sunshineijun,37985,Aggressive Retsuko (ONA) 2nd Season,9
44497,KisKas,240,Genshiken,9
501253,Dytique,38000,Kimetsu no Yaiba,8
408831,escalade330,241,Girls Bravo: First Season,9
552999,InfinityPal,433,"Kumo no Mukou, Yakusoku no Basho",9
391175,GD1551,42310,Cyberpunk: Edgerunners,9
95068,lelouch7,10087,Fate/Zero,7
1139251,XAdragonX,27633,Gekkan Shoujo Nozaki-kun Specials,6
54703,Bakanatorz,121,Fullmetal Alchemist,10
362736,streppy,2795,Dragonaut: The Resonance,7
434416,Krigjz,1575,Code Geass: Hangyaku no Lelouch,8
45304,thelordxiant,32901,Eromanga-sensei,8
546748,aominedaikon,11843,Danshi Koukousei no Nichijou,9
65885,Krukpl,3503,Kanokon,10
1119045,ptaszek007,28927,Owari no Seraph: Nagoya Kessen-hen,8
1137559,esuteru,30123,Akagami no Shirayuki-hime,8
61144,SquirrelLuvsPnut,554,Koutetsu Tenshi Kurumi,8
338824,Noburu,1519,Black Lagoon: The Second Barrage,8
110096,Rinko-rin,71,Full Metal Panic!,4
90690,skules,552,Digimon Adventure,5
575227,shushich,10719,Boku wa Tomodachi ga Sukunai,8
512203,trepanation,4970,Afro Samurai: Resurrection,6
420793,love_is,1943,Paprika,7
461369,Wyrmhero,33091,Planetarian: Chiisana Hoshi no Yume,9
913423,Megmurdel,11617,High School DxD,10
36335,kishi,3503,Kanokon,9
1113463,800MEric,153,Juuni Kokuki,10
327735,haruna-san,21557,Omoide no Marnie,8
463824,TypeReboot,2963,Minami-ke,10
16441,kenkenchan,12549,"Dakara Boku wa, H ga Dekinai.",7
550993,Dalris,3784,Evangelion: 2.0 You Can (Not) Advance,8
499397,blueunicorns,450,InuYasha Movie 2: Kagami no Naka no Mugenjou,7
95586,Kyuik,5085,Nakedyouth,7
41452,--yukii,1575,Code Geass: Hangyaku no Lelouch,10
343057,thaahshippuuden,1594,Jigoku Shoujo Futakomori,8
73681,Huild,20853,Hitsugi no Chaika,9
35288,looky2504,25015,Kyoukai no Kanata Movie 1: I'll Be Here - Kako-hen,8
107738,Over9000figs,2926,Myself; Yourself,7
310126,Magni,9989,Ano Hi Mita Hana no Namae wo Bokutachi wa Mada Shiranai.,10
424296,Sid_Marcus,34612,Saiki Kusuo no Ψ-nan 2,8
584295,NecessaryEnd,23199,Durarara!!x2 Shou,8
1060083,Tellada,9736,Astarotte no Omocha!,9
420064,Alexsama71,189,Love Hina,6
299666,Silverflamejv,4437,Naruto: Shippuuden Movie 2 - Kizuna,7
470233,n8marezero,8190,Nodame Cantabile: Finale OVA,9
114181,kcn1103,781,Detective Conan Movie 03: The Last Wizard of the Century,8
99014,BloodyFlame,4447,Detective Conan Movie 12: Full Score of Fear,9
372551,Bobjones,8654,I☆Can,10
390134,AnImElOvEr121195,75,Soukyuu no Fafner: Dead Aggressor,10
85474,shiro-l,1,Cowboy Bebop,9
1284941,shadownl,4835,Bleach Movie 3: Fade to Black - Kimi no Na wo Yobu,9
1475,otaku515,1020,Honoo no Mirage: Minagiwa no Hangyakusha,7
107345,Random_Magikarp,37430,Tensei shitara Slime Datta Ken,9
501307,Meraval,1240,Bishoujo Senshi Sailor Moon SuperS: Sailor 9 Senshi Shuuketsu! Black Dream Hole no Kiseki,6
367411,xillia000,13601,Psycho-Pass,9
547197,Ch4rmz,42203,Re:Zero kara Hajimeru Isekai Seikatsu 2nd Season Part 2,10
493897,Gyosei,43,Koukaku Kidoutai,10
443312,acidtreat101,13333,Tari Tari,7
1232345,CowboyAlchemist,2889,Bleach Movie 2: The DiamondDust Rebellion - Mou Hitotsu no Hyourinmaru,7
334340,SillySly,13807,Corpse Party: Missing Footage,4
1065559,Majin3,32954,Flying Witch Petit,5
104159,Kuki1200,527,Pokemon,6
75442,Shafira,226,Elfen Lied,9
1197237,Iggynoramus,4214,Rosario to Vampire Capu2,9
376642,wammie,5955,Toaru Majutsu no Index-tan,6
23285,AlucardBlack,8277,Hyakka Ryouran: Samurai Girls,8
118297,Lilith-Aensland,2041,Ai to Yuuki no Pig Girl Tonde Buurin,4
453454,neowzeo,37349,Goblin Slayer,7
360374,NiKKiTa-USAGI,3731,Itazura na Kiss,10
772679,DemUnbeliever,16918,Gin no Saji,8
458541,XxIce,1887,Lucky☆Star,8
511639,slayer6950,576,Magikano,7
388375,NexusCircle,1688,Nanatsu-iro★Drops,2
384334,estilobinladen,366,AIKa,7
1150,ivorykeys,2962,Digimon Adventure 02 Movies,10
102139,Star-les,27833,Durarara!!x2 Ketsu,7
39371,Last_Fencer,467,Koukaku Kidoutai: Stand Alone Complex,7
423534,zirosim,177,Tsubasa Chronicle,8
101976,Shinxye,1192,Kakurenbo,6
314966,opaite,11013,Inu x Boku SS,7
96491,wariw,3466,Kino no Tabi: The Beautiful World - Tou no Kuni - Free Lance,8
532155,d_fallen_god,93,Kidou Senshi Gundam SEED,7
1198259,icka7a,4596,Code Geass: Hangyaku no Lelouch Special Edition - Black Rebellion,10
45868,Zyla,20689,Hamatora The Animation,7
55607,Chrizzy,6702,Fairy Tail,6
107497,Bjay,1363,Detective Conan Movie 04: Captured in Her Eyes,9
1278871,NationalCity,1535,Death Note,7
314901,serekenha,934,Higurashi no Naku Koro ni,8
83964,AngelsSaint,5081,Bakemonogatari,9
529583,dancekevin,2476,School Days,7
303774,OniWarrior,287,Grappler Baki (TV),8
1093437,Kira97133,4063,Sekirei,7
1221391,Ev_Insurrection,9919,Ao no Exorcist,9
81802,Exxitus,93,Kidou Senshi Gundam SEED,8
5063,JackCox,1,Cowboy Bebop,10
384861,Kuokun,6682,11eyes,5
494840,neartheotaku,5525,07-Ghost,9
1288027,sethELT,16524,Suisei no Gargantia,8
303307,ricardo_gualter,45,Rurouni Kenshin: Meiji Kenkaku Romantan,9
106350,heraodiada25,1604,Katekyo Hitman Reborn!,10
1076175,azuraline,2418,Stranger: Mukou Hadan,10
326507,spettro,47,Akira,9
333930,KOU_SOU,27991,K: Return of Kings,10
436954,RainDown,20,Naruto,8
25291,AntiDot,226,Elfen Lied,8
320381,Choi,918,Gintama,6
371893,Epharmon,270,Hellsing,10
493839,greg50100,6127,Toradora!: SOS! Kuishinbou Banbanzai,7
449062,Luv-Hat3,183,Whistle!,9
324736,CuriousSoulsx,469,Karin,6
411588,StrayS,13601,Psycho-Pass,8
34343,ilovepho,335,Matantei Loki Ragnarok,7
17816,Rweck,13663,To LOVE-Ru Darkness,8
362039,kaoskoala,5680,K-On!,7
946573,Karoll,3841,Chi's Sweet Home,8
479318,mazbubz,2001,Tengen Toppa Gurren Lagann,7
379278,Heavenstamp,13535,Binbougami ga!,7
430781,kashimkurz,889,Black Lagoon,8
119643,desire1,7724,Shiki,9
482173,der_uhu,432,Iria: Zeiram The Animation,5
445193,VelvetRoom,392,Yuu☆Yuu☆Hakusho,9
570693,Morachii,12461,Hiiro no Kakera,9
111938,Hirotaka,906,Dragon Ball Z Movie 13: Ryuuken Bakuhatsu!! Gokuu ga Yaraneba Dare ga Yaru,9
36113,xXGenesisXx,813,Dragon Ball Z,10
62321,Shino-Bakura,19,Monster,7
412149,lvlephisto,10080,Kami nomi zo Shiru Sekai II,8
377166,ShinAtsuki,21179,Dragon Fist,2
6569,korpokky,59,Chobits,8
63529,Shiro-cat,42249,Tokyo Revengers,7
90187,Lyjka,158,Maria-sama ga Miteru,5
99667,SeneschalIce,6377,Zan Sayonara Zetsubou Sensei,10
1089425,PantsuPillow,28497,Rokka no Yuusha,6
22255,N-Mare,265,Hajime no Ippo: Mashiba vs. Kimura,8
644733,Zilley,31163,Dimension W,7
500658,drift2kill,6033,Dragon Ball Kai,7
1164949,Sulphide,7110,Shounen Maid Kuuro-kun: Tenshi no Uta,7
405606,dasdacik,263,Hajime no Ippo,9
485648,Isogoro,20,Naruto,10
1124847,Yuii_chaan,31994,Yami Shibai 3,7
487653,Martusino,9760,Hoshi wo Ou Kodomo,7
299091,Agelakute,713,Air Movie,8
335928,tittycakes,28805,Bakemono no Ko,9
293205,Yuri,10793,Guilty Crown,5
458502,Taimatsumaru,19815,No Game No Life,8
1198173,azorth,58,Blue Gender,6
500426,PerJunior,8074,Highschool of the Dead,10
426670,BossQtr,138,Hunter x Hunter: Greed Island,10
1173545,AriTabaskete,21,One Piece,9
508508,adhi823,59,Chobits,8
305699,Carilious,28701,Fate/stay night: Unlimited Blade Works 2nd Season,7
313263,TokyoKisses,106,Hana yori Dango,6
386675,Krupke77,226,Elfen Lied,8
113188,LostTyger,6213,Toaru Kagaku no Railgun,7
70594,toyboat,853,Ouran Koukou Host Club,8
85587,X-zero,49,Aa! Megami-sama!,6
509584,tsukishikicrow,8460,Mirai Nikki,8
1100817,Maarohh,32,Neon Genesis Evangelion: The End of Evangelion,8
319822,-Envy,4059,"Clannad: Mou Hitotsu no Sekai, Tomoyo-hen",8
1002535,Romulion,1142,Hachimitsu to Clover II,8
1062361,lulchao,226,Elfen Lied,8
1195369,Erenussocrates,30015,ReLIFE,7
442641,giovannifranco,10793,Guilty Crown,9
84245,Greeneyed,31137,Mahou Shoujo Lyrical Nanoha ViVid: Special Program,5
358498,darkhart,8841,Kore wa Zombie desu ka?,6
79270,TheNotoriousKAZ,103,Akazukin Chacha,10
400867,Finrold,609,Saishuu Heiki Kanojo: Another Love Song,8
638745,Flere602,8675,Seitokai Yakuindomo,9
472644,waski1995,1535,Death Note,10
1242905,noimjory,986,Dragon Ball Z Special 1: Tatta Hitori no Saishuu Kessen,8
329846,Lanzen,72,Full Metal Panic? Fumoffu,10
334083,Sero-XIII,3226,Major S4,7
81303,Isa,2104,Seto no Hanayome,7
1178355,rotem,278,Viewtiful Joe,9
1062475,Urtear,3457,Vampire Knight,1
101374,HaineChan,1498,Black Blood Brothers,7
104577,Angst,6707,Kuroshitsuji II,4
422001,kuristar,37105,Grand Blue,9
374781,Jackarage,2966,Ookami to Koushinryou,7
1225421,Cheesecake57,20583,Haikyuu!!,10
363965,purgatorio,23945,Majimoji Rurumo,10
1051177,meeww2,59,Chobits,6
492439,japaneseboy,9330,Dragon Crisis!,2
1130069,ZeroDown,12881,Tsuki wa Higashi ni Hi wa Nishi ni: Operation Sanctuary OVA,1
1126175,marareyn96,31414,Nijiiro Days,7
414992,kuko0411,8407,Sora no Otoshimono Forte,10
91231,Antithesis_of_it,2026,Hayate no Gotoku!,9
474663,Nono_riri,7311,Suzumiya Haruhi no Shoushitsu,8
1105179,redblitzer,21,One Piece,10
1216479,Naylepsh,10790,Kore wa Zombie desu ka? of the Dead,4
440037,ABakedPotato,15417,Gintama': Enchousen,10
994257,imesquilin,9289,Hanasaku Iroha,6
89420,NellyJica,7711,Karigurashi no Arrietty,8
487573,OmegaHelFire,35972,Fairy Tail: Final Series,9
366660,HeiwajimaShizuo,5040,One Outs,10
486966,Zaram,13331,Jormungand: Perfect Order,7
7638,Sorarin,2966,Ookami to Koushinryou,7
309969,Whitemenx17,33486,Boku no Hero Academia 2nd Season,8
23473,TWiN-MooNS,552,Digimon Adventure,9
1266277,Gremori,8937,Toaru Majutsu no Index II,9
704709,sas_Danna,10012,Carnival Phantasm,6
350779,XenoJin,10110,Mayo Chiki!,7
338484,MintPixel,5204,Kara no Kyoukai Movie 6: Boukyaku Rokuon,8
423865,xpiti,1967,Kidou Senshi Z Gundam I: Hoshi wo Tsugu Mono,8
470039,loveyou4ever,1210,NHK ni Youkoso!,8
69402,shneepu,31414,Nijiiro Days,6
310531,rendan777,149,Loveless,8
1263247,_fqn_,5,Cowboy Bebop: Tengoku no Tobira,8
1184,AnimeQT,26441,Junketsu no Maria,5
46692,frozenpandaman,4195,Kodomo no Jikan Ni Gakki,6
1079685,mgkwt,6922,Fate/stay night Movie: Unlimited Blade Works,7
1198223,ed3gamer,5958,Sora no Otoshimono,7
18512,Viper640,89,Kidou Senshi Victory Gundam,9
9043,pdfarsight,3167,Eve no Jikan,8
105200,bjanli,24415,Kuroko no Basket 3rd Season,7
480482,matgarita,37430,Tensei shitara Slime Datta Ken,8
1116789,Crescentmoon33,2034,Lovely★Complex,9
414818,Hoshidzora,9253,Steins;Gate,10
1645,RosaBatata,18179,Yowamushi Pedal,6
1077407,deathwalker,1535,Death Note,7
377127,im-enchman,34012,Isekai Shokudou,9
481820,ChInAtOaSt,7817,B-gata H-kei,10
300147,SennaStrife,27899,Tokyo Ghoul √A,7
1216763,_anime_holic_,25013,Akatsuki no Yona,8
481866,Seibun,123,Fushigi Yuugi,6
30647,deadhorace,759,Tokyo Godfathers,8
513120,cat-burglar,9969,Gintama',6
22937,PharaohSauron,4181,Clannad: After Story,10
429819,mebod,9734,K-On!!: Keikaku!,9
426830,default_settings,849,Suzumiya Haruhi no Yuuutsu,10
466205,soapscum15,66,Azumanga Daiou The Animation,8
408138,ladidalynne,7791,K-On!!,6
104418,ZeTzUbOu,1840,Zero no Tsukaima: Futatsuki no Kishi,9
834621,Ralithan,66,Azumanga Daiou The Animation,7
392903,YoxalLoyal,15125,Teekyuu,5
455857,Amoveo,14833,Maoyuu Maou Yuusha,9
31731,Numi,11135,Hybrid Child,8
313887,mikysblog,8074,Highschool of the Dead,7
1231825,Strawcherry,8934,Star Driver: Kagayaki no Takuto,9
1119077,esmeralda31,34055,Berserk 2nd Season,9
62819,Seventh-Prodigy,40221,Kami no Tou,7
335947,videowonder55,1,Cowboy Bebop,10
353073,Mukuro995,8532,"Katekyo Hitman Reborn! Vongola Family Soutoujou! Vongola Shiki Shuugakuryokou, Kuru!!",10
343870,codymamak,2827,Calimero,5
362040,Mejaow,7817,B-gata H-kei,6
430428,Medal152,1575,Code Geass: Hangyaku no Lelouch,8
486985,nds2nds,1699,Romeo x Juliet,8
682017,Kaylixoxo,5356,Canaan,7
533237,larinon,144,Kanon,7
517235,Drabori,9513,Beelzebub,9
1241155,Maike,508,Tottoko Hamtarou,8
1234323,Paniniboy,10620,Mirai Nikki (TV),7
314977,EloChomik,6325,Naruto: Shippuuden Movie 3 - Hi no Ishi wo Tsugu Mono,7
454559,Yajuu-27,1186,Battle Athletess Daiundoukai (TV),6
1108075,bakamiyavi,10460,Kimi to Boku.,8
452161,xvicxpx,10030,Bakuman. 2nd Season,10
397227,Kjellarne,379,Heppoko Jikken Animation Excel♥Saga,6
1053823,JebekiSan,198,Speed Grapher,6
307972,makratesh,617,Juubee Ninpuuchou,7
338772,tomzwalker,13535,Binbougami ga!,8
1289481,Yuki54,5940,Seiken no Blacksmith,5
1084421,Sanlu90,4752,Vampire Knight Guilty,8
90901,Astron,1095,Kidou Keisatsu Patlabor the Movie,8
98329,ViktorijaR,5812,Doubutsu Sumo Taikai,6
329018,Rodnar,9989,Ano Hi Mita Hana no Namae wo Bokutachi wa Mada Shiranai.,10
444651,vauhs,6872,Cyborg 009,6
1211193,Kaonashi401,8915,Dantalian no Shoka,10
58884,WildWeasel,9863,SKET Dance,9
361984,draqstie,900,Dragon Ball Z Movie 07: Kyokugen Battle!! Sandai Super Saiyajin,7
56345,maestre_shari,6987,Aki-Sora,10
40527,EternalChaos,4581,Shikabane Hime: Aka,8
333514,goofydude,687,Tokyo Mew Mew,6
371240,KoVox,10080,Kami nomi zo Shiru Sekai II,8
23808,dagger1618,430,Fullmetal Alchemist: The Conqueror of Shamballa,7
323696,jmdl,39576,Goblin Slayer: Goblin's Crown,6
502792,vgeezy,241,Girls Bravo: First Season,8
355975,Wrizz,24833,Ansatsu Kyoushitsu,7
97003,sketchmeup,730,Houkago no Shokuinshitsu,5
504098,Freemont,8407,Sora no Otoshimono Forte,8
307898,MagicaDespel,15689,Nekomonogatari: Kuro,8
482352,Duke911,42249,Tokyo Revengers,9
70175,Triibu,320,A Kite,4
954395,salguz400,1564,Pokemon Advanced Generation,6
552247,DarkDefender,31339,Drifters,7
343477,SoftCoyote,16498,Shingeki no Kyojin,7
112903,ocarinapro,8425,Gosick,8
383095,mimara,1535,Death Note,9
413287,rimsky78,3750,Maria-sama ga Miteru 4th,10
462209,Jumpp,6547,Angel Beats!,10
6437,Sorvarin,12403,Yuru Yuri♪♪,5
1195925,sorashiunin,28223,Death Parade,9
357483,Fogo,10863,Steins;Gate: Oukoubakko no Poriomania,9
94584,Varun916,10213,Maji de Watashi ni Koi Shinasai!,8
103912,Likro,596,Chobits: Chibits,7
27363,EMikro,7817,B-gata H-kei,8
482419,FollowtheMap,849,Suzumiya Haruhi no Yuuutsu,9
322711,NotAlice23,11827,Kuroinu: Kedakaki Seijo wa Hakudaku ni Somaru,6
75673,Ryu82,68,Black Cat (TV),7
1170259,fluttershy5022,6702,Fairy Tail,9
450215,xKurokawa,12445,Tasogare Otome x Amnesia,9
1213339,Afya,12461,Hiiro no Kakera,6
376494,Dragonpiece,21,One Piece,10
1193329,Uroy,21339,Psycho-Pass Movie,6
75325,Scarlethex,4182,Darker than Black: Kuro no Keiyakusha - Sakura no Hana no Mankai no Shita,7
343225,DioSN,8110,Fukubiki! Triangle: Miharu After,8
59007,KuRoNo89,43690,Tenkuu Shinpan,8
32844,xhx,7338,Darker than Black: Kuro no Keiyakusha Gaiden,8
372627,galarana,4224,Toradora!,7
1120701,JacobX3,27899,Tokyo Ghoul √A,6
295598,caga-chan,47778,Kimetsu no Yaiba: Yuukaku-hen,9
3525,01love,1562,Yamato Nadeshiko Shichihenge♥,7
1082997,reiu,15673,Tell Your World,7
396911,kristino4ka7,11771,Kuroko no Basket,9
1260859,Asclepsios-Rin,72,Full Metal Panic? Fumoffu,7
552527,pwlaimer,21033,Seikoku no Dragonar,8
455573,julhest,1089,Macross: Do You Remember Love?,8
503665,_Kiri_,30123,Akagami no Shirayuki-hime,7
19616,skmDoll,19815,No Game No Life,9
314996,Fozzy64,1735,Naruto: Shippuuden,8
86473,emikoftokyo,38161,Kabukichou Sherlock,10
393829,ThN3w,4382,Suzumiya Haruhi no Yuuutsu (2009),8
299029,falconx,1889,Higurashi no Naku Koro ni Kai,8
523277,pururin-rin,9063,Toaru Kagaku no Railgun: Entenka no Satsuei Model mo Raku Ja Arimasen wa ne.,7
688975,Tosaka,2904,Code Geass: Hangyaku no Lelouch R2,10
117649,quellian,10793,Guilty Crown,2
342634,Necreoni,1818,Claymore,8
299847,jcvit,2198,Aa! Megami-sama! Sorezore no Tsubasa Specials,9
368022,lisva,9220,Seikimatsu Occult Gakuin Specials,6
987905,ValiG679,6512,Nyan Koi!,6
59173,Salva,379,Heppoko Jikken Animation Excel♥Saga,4
721285,OilBelwin,15583,Date A Live,8
20796,Kojiro,889,Black Lagoon,9
517633,Dormio,11977,Mahou Shoujo Madoka★Magica Movie 1: Hajimari no Monogatari,7
98038,malchezaar,20767,Noragami OVA,8
59268,Layuki-tan,3503,Kanokon,10
53120,Beastman1975,432,Iria: Zeiram The Animation,8
437532,Pau-Pau11,21085,Witch Craft Works,10
114162,aklug,430,Fullmetal Alchemist: The Conqueror of Shamballa,4
365212,mell2424,4752,Vampire Knight Guilty,9
1287711,EnaM,16468,One Piece: Glorious Island,9
524771,Praland,8841,Kore wa Zombie desu ka?,6
112778,Tornath,317,Final Fantasy VII: Advent Children,10
118193,Silver_ribbons,1078,Cardcaptor Sakura: Kero-chan ni Omakase!,7
426300,JoaoRamone,392,Yuu☆Yuu☆Hakusho,8
466587,Mambusia66,37779,Yakusoku no Neverland,8
296507,Jakuhai,14829,Fate/kaleid liner Prisma☆Illya,3
1208591,hambabam,21415,Machine-Doll wa Kizutsukanai Specials,6
362575,Elyk,14349,Little Witch Academia,8
562681,Blazingchair,33834,Sin: Nanatsu no Taizai,10
55129,she-ra,19,Monster,8
768951,jenjenjenjen,21039,Gatchaman Crowds Insight,6
1063369,MSGaBe,189,Love Hina,8
583185,HinamoriAmu37,11701,Another: The Other - Inga,10
317693,tangytangerine,9611,Aa! Megami-sama! (2011),7
376329,baselfawn,1640,Angel's Feather,8
468632,PsyKenny,317,Final Fantasy VII: Advent Children,7
15587,mononoke,857,Air Gear,5
1088345,Mykah,12115,Berserk: Ougon Jidai-hen III - Kourin,8
12679,holywax,39030,Hataage! Kemono Michi,7
326883,Welvimar,198,Speed Grapher,10
50006,Hubuchu,8247,Bleach Movie 4: Jigoku-hen,6
378943,JustLain,39575,Somali to Mori no Kamisama,6
332841,vicmorn,121,Fullmetal Alchemist,8
1115285,Wiles,1813,Genshiken OVA,5
649031,LovingChii,9513,Beelzebub,8
13793,Zilveari,38573,Tsuujou Kougeki ga Zentai Kougeki de Ni-kai Kougeki no Okaasan wa Suki desu ka?,5
1100123,CookieXD,521,Mermaid Melody Pichi Pichi Pitch,9
449660,sunfire,13403,Inu x Boku SS: Miketsukami-kun Henka/Switch/Omamagoto,6
110965,keiko_,30015,ReLIFE,8
1091433,lazurith,10418,Deadman Wonderland: Akai Knife Tsukai,6
1090505,Kuniusiek,2001,Tengen Toppa Gurren Lagann,6
601827,Alex_i99,22199,Akame ga Kill!,8
100076,Wildpokeman,2284,Transformers: Car Robots,7
523001,Esfera,14719,JoJo no Kimyou na Bouken (TV),7
32910,kajin0,2025,Darker than Black: Kuro no Keiyakusha,9
43271,Mimi_Taylor,4513,Hakujaden,5
1223591,troll-hive,10620,Mirai Nikki (TV),10
335292,ascot,3085,Koharu Biyori,8
339541,zimniy_e,585,Mimi wo Sumaseba,8
554513,cathlulu,18229,Gatchaman Crowds,7
938809,SparklingLimeade,448,Tenjou Tenge: The Ultimate Fight,7
78584,Christian32X,39586,Hataraku Saibou!!,8
1146387,asdzxcasd,4214,Rosario to Vampire Capu2,8
390726,Hiikage,9693,Moshidora,9
98556,Rival,2000,Roujin Z,6
40784,Hibachi,1482,D.Gray-man,8
61043,Onitenshi,873,.hack//Roots,6
1183345,santo,1488,Area 88,8
1060059,Yiren,1195,Zero no Tsukaima,5
295875,Titeya,97,Last Exile,9
85710,Greenfox,2026,Hayate no Gotoku!,8
115852,HollowIchigo58,18001,Freezing Vibration,8
96057,rareshadow,3467,Nogizaka Haruka no Himitsu,10
75660,Jigoku_Shounen,4280,Kara no Kyoukai Movie 4: Garan no Dou,6
1146443,abbudao,31240,Re:Zero kara Hajimeru Isekai Seikatsu,10
117275,Sanada-Sasuka,883,Yuu☆Yuu☆Hakusho: Meikai Shitou-hen - Honoo no Kizuna,10
1123315,Shark_25,10271,Gyakkyou Burai Kaiji: Hakairoku-hen,7
1134451,maNtaSz,1292,Afro Samurai,9
87611,Kouta-kun,32901,Eromanga-sensei,5
1167011,LordPyre,34618,Blend S,7
573007,FuryriderX,11597,Nisemonogatari,10
1278473,Iriah,22199,Akame ga Kill!,7
485001,The_Unholy_One,221,Mezzo Forte,10
38510,nugget05,210,Ranma ½,7
419155,KoshKing777,6045,Kimi ni Todoke,8
640279,E57T,199,Sen to Chihiro no Kamikakushi,6
473645,Snow14,578,Hotaru no Haka,10
106487,Lacos,11771,Kuroko no Basket,8
434741,SerB3128,10444,Digimon Xros Wars: Aku no Death General to Nanatsu no Oukoku,6
378478,sattti,97,Last Exile,8
112223,smileforme8,1191,Saber Marionette J Again,8
506400,whiterazor,288,Bakuten Shoot Beyblade,5
358419,Mutagen,8348,Tengen Toppa Gurren Lagann: Parallel Works 2,10
390178,ro114,7088,Ichiban Ushiro no Daimaou,7
489255,mostlyhorror,2116,Captain Tsubasa,8
567333,DKNer0,18139,Tonari no Seki-kun,9
4526,Shiro-Neko,15617,Jinrui wa Suitai Shimashita Specials,8
5232,Kuroi_Ishi,1543,Yoake Mae yori Ruriiro na: Crescent Love,5
274,flink,540,Tenchi Muyou! Ryououki 2nd Season,9
501577,Astronimal,2107,One Piece Movie 08: Episode of Alabasta - Sabaku no Oujo to Kaizoku-tachi,4
526137,InakaNoTori,202,Wolf's Rain,4
529663,Quenxtiin,10030,Bakuman. 2nd Season,10
496946,Skrats,29067,Danna ga Nani wo Itteiru ka Wakaranai Ken 2 Sure-me,8
349148,Augrb,6573,Darker than Black: Ryuusei no Gemini,9
74615,Maneater,837,Kyou no 5 no 2,8
560583,Maniik,190,Love Hina Again,5
97849,butterscotch,1698,Nodame Cantabile,10
337002,sawmill,17827,Daitoshokan no Hitsujikai,6
313309,balhaza,853,Ouran Koukou Host Club,8
1179349,Danaroth,7593,Kiss x Sis (TV),6
553817,R_A_I,1015,Full Metal Panic! The Second Raid: Wari to Hima na Sentaichou no Ichinichi,6
945961,DeathzBeastX,1536,Busou Renkin,5
408234,kevin26exe,18195,Little Busters! Refrain,8
396947,Asshu,31439,Wagamama High Spec,4
400630,ThornheartCat,16524,Suisei no Gargantia,8
316501,Jefurii,2034,Lovely★Complex,10
100764,Animegurl420,853,Ouran Koukou Host Club,10
497495,a3ro,1250,Erementar Gerad,9
53100,evan,44881,100-man no Inochi no Ue ni Ore wa Tatteiru 2nd Season,7
461787,FrozenDesiire,11235,Amagami SS+ Plus,7
442800,thelastfarewell,1719,Rozen Maiden: Ouvertüre,7
418125,felinefancier87,3572,Macross F,4
1108209,over80,2966,Ookami to Koushinryou,7
291206,narushika,4551,Hakushaku to Yousei,7
18019,Coolguy,226,Elfen Lied,10
101902,unknownable,394,Ai Yori Aoshi: Enishi,7
320173,gubi,60,Chrno Crusade,6
56860,Uniccorn,13601,Psycho-Pass,7
1245299,NaziYuri,4654,Toaru Majutsu no Index,8
304427,Lissa13666,5178,First Squad: The Moment of Truth,5
526763,Celestial88,23199,Durarara!!x2 Shou,8
461606,lovedracula,916,Tokkou,6
422614,DarkEmblem,5150,Hatsukoi Limited.,8
109350,sn3ak1e,5277,Sekirei: Pure Engagement,7
1113887,Munky6999,1008,Ranma ½: Yomigaeru Kioku,10
64905,kusingia,1302,Sayonara Ginga Tetsudou 999: Andromeda Shuuchakueki,10
74241,lokiskad,101,Air,8
411063,Takashi-S,2398,Digimon Adventure 02: Diablomon no Gyakushuu,7
371257,Ciro_Santos,1940,Outlanders,7
528877,Bowse,3014,Ginga Eiyuu Densetsu: Waga Yuku wa Hoshi no Taikai,8
417599,AOS-,6547,Angel Beats!,6
369335,Vendea,39195,Beastars,9
300903,anime-hime95,1681,Brave Story,8
622167,vika_x3,37722,Uchi no Maid ga Uzasugiru!,10
1140323,Incognonymous,12365,Bakuman. 3rd Season,9
482981,lessucettes,752,Osakana wa Ami no Naka,4
1220349,saadkenshin,10122,Kowarekake no Orgel Special,8
76850,serenyte,6385,Pokemon: Yadoking no Ichinichi,4
527621,gicuuu3,267,Gungrave,8
546970,Articwolf,10719,Boku wa Tomodachi ga Sukunai,7
643291,otakuclub94,27989,Hibike! Euphonium,9
46441,lankan,291,D.C.S.S: Da Capo Second Season,8
24314,Foxygirl05,552,Digimon Adventure,8
299114,Cuhe,1190,Tennis no Ouji-sama: Sonzoku Yama no Hi,10
1204243,oohjam,41694,Hataraku Saibou Black,6
388876,jynisl,5114,Fullmetal Alchemist: Brotherhood,10
331447,ffiarpg,3784,Evangelion: 2.0 You Can (Not) Advance,10
305820,tubi4,1492,Project ARMS,8
421447,Omnibruh,2787,Shakugan no Shana II (Second),3
467483,colirio1201,3230,Druaga no Tou: The Aegis of Uruk,8
356695,Pippopluto,5220,Shangri-La,5
446478,gravity_shifter,5114,Fullmetal Alchemist: Brotherhood,8
428158,smilbe,2759,Evangelion: 1.0 You Are (Not) Alone,7
461414,chocomilktea,3457,Vampire Knight,7
834463,Theus,8841,Kore wa Zombie desu ka?,10
105352,sunsetxhorizons,37521,Vinland Saga,8
565881,Tackgillain,1292,Afro Samurai,4
601977,Naricat,466,One Piece: Taose! Kaizoku Ganzack,7
498518,redkaiser,339,Serial Experiments Lain,3
1267731,EvoKez,28619,Ranpo Kitan: Game of Laplace,6
57854,Makahi,558,Major S2,8
308033,RainyDevil,1689,Byousoku 5 Centimeter,9
335632,Ucci,9515,Highschool of the Dead: Drifters of the Dead,10
1264065,Tsubasa-san,936,Naruto Movie 2: Dai Gekitotsu! Maboroshi no Chiteiiseki Dattebayo!,6
479423,YukimuraSanada,366,AIKa,6
34714,luckystars1,1366,Detective Conan Movie 07: Crossroad in the Ancient Capital,8
1245117,Dentro,9617,K-On! Movie,7
474662,George642,4059,"Clannad: Mou Hitotsu no Sekai, Tomoyo-hen",10
566243,remuus,721,Princess Tutu,7
88792,Mattdevils,44,Rurouni Kenshin: Meiji Kenkaku Romantan - Tsuioku-hen,10
109701,Cheesekun,5675,Basquash!,9
393948,DOA86,121,Fullmetal Alchemist,7
290088,edeswen,9618,Asobi ni Iku yo!: Asobi ni Oide,8
405555,lolprof,7674,Bakuman.,8
58274,UTMAN,6213,Toaru Kagaku no Railgun,9
1096161,bigfoot13,35983,Harukana Receive,7
498887,jewishasian,7059,Black★Rock Shooter (OVA),6
1166199,Dzaaaajna,6401,ef: A Tale of Melodies. - Prologue,9
56907,Aabo0,23319,"Suisei no Gargantia: Meguru Kouro, Haruka",7
303001,Rey00,431,Howl no Ugoku Shiro,10
721227,danusaoborges,49387,Vinland Saga Season 2,10
80389,Shiv0r,11757,Sword Art Online,7
60640,Meby138,1195,Zero no Tsukaima,6
894887,White_Summer,199,Sen to Chihiro no Kamikakushi,10
381873,kuroiriquid,1361,Final Fantasy: The Spirits Within,7
338635,Mizuki_Tao,2363,Pokemon Housoukyoku,7
363800,Angyalnap,40532,Appare-Ranman!,8
849575,ZeroKiraL,10033,Toriko,8
561991,Aurenthel,16742,Watashi ga Motenai no wa Dou Kangaetemo Omaera ga Warui!,7
409697,Daramny,16782,Kotonoha no Niwa,9
4979,Jeff_J5Films,289,Comic Party,7
409118,Skaddl3D,4726,Druaga no Tou: The Sword of Uruk,8
462849,thecisl23,585,Mimi wo Sumaseba,10
42607,Darkever,5671,Saki,8
444224,xarinaz,15051,Love Live! School Idol Project,9
475161,chars60,9367,Freezing,9
87681,Dataim,174,Tenjou Tenge,9
1126049,Googolplexbyte,40591,Kaguya-sama wa Kokurasetai? Tensai-tachi no Renai Zunousen,9
453577,soulreapor,226,Elfen Lied,9
108761,javi1001,4835,Bleach Movie 3: Fade to Black - Kimi no Na wo Yobu,8
22191,Lady_Payne,2251,Baccano!,10
1104653,HellecTrick,9919,Ao no Exorcist,7
570931,hawiifivejoe,1098,Samurai Girl Real Bout High School,5
323485,SparklingFantasy,6045,Kimi ni Todoke,10
593111,ardnaxela,1943,Paprika,10
355948,sharong,2167,Clannad,10
494789,Anthalia,2904,Code Geass: Hangyaku no Lelouch R2,9
1239337,GL1TCH3D,21877,High Score Girl,9
410366,wasta,10396,Ben-To,8
7100,WeebByNight,34636,Ballroom e Youkoso,8
1180447,scepe,875,Mind Game,7
114930,Dykoonas,222,Mezzo DSA,6
1211533,iceranger309,37450,Seishun Buta Yarou wa Bunny Girl Senpai no Yume wo Minai,8
97071,Brontin,986,Dragon Ball Z Special 1: Tatta Hitori no Saishuu Kessen,10
14466,stefannl,963,"Love Hina: Motoko no Sentaku, Koi ka Ken... ""Naku na""",8
314598,Neverarine,1220,Hoshizora Kiseki,7
416977,byeol3,20033,Miss Monochrome The Animation,8
512447,Monou,14735,Detective Conan Movie 17: Private Eye in the Distant Sea,8
1106035,Darky_Alan,18679,Kill la Kill,9
645479,evilzeratul,52446,Kaiko sareta Ankoku Heishi (30-dai) no Slow na Second Life,8
504830,Dererne,1689,Byousoku 5 Centimeter,7
24066,Eole,19363,Gin no Saji 2nd Season,8
460166,ettiv23,482,Yu☆Gi☆Oh! Duel Monsters GX,9
300433,ardorm,1889,Higurashi no Naku Koro ni Kai,7
292035,shadowsalyer,3927,Kidou Senshi Gundam 00 Second Season,8
64986,Always_happy,193,Maburaho,7
565301,crassclown,81,Kidou Senshi Gundam: Dai 08 MS Shoutai,9
3161,Heathred,767,Burn Up!,5
369036,Voodoo,269,Bleach,8
488720,sufferingpariah,8424,MM!,7
1202839,IAmTenHigh,71,Full Metal Panic!,9
38415,brokowski,875,Mind Game,5
495887,Yellow_13,16732,Kiniro Mosaic,8
25868,HvO,1454,Kemonozume,7
483150,Galbieth,9981,Phi Brain: Kami no Puzzle,7
548121,minifatben,6746,Durarara!!,10
368838,Normi-chan6,10711,Plastic Neesan,6
318211,ender556,10519,Mahou Shoujo Sonico★Magica,6
1125593,joyicharlie,9479,Coppelion,6
754261,bloodgods,1571,Ghost Hunt,5
11190,Parsley,66,Azumanga Daiou The Animation,9
407123,Fellcleave,16001,Kokoro Connect: Michi Random,9
306123,dark-knight01,16051,Ro-Kyu-Bu! SS,7
405217,WizardJo,998,Blue Seed,9
104431,Chell3,631,Mahoromatic Summer Special,7
376586,kimuraino,20689,Hamatora The Animation,10
19339,Sakujo,5118,Suzumiya Haruhi-chan no Yuuutsu,7
497286,auquamarine12,20,Naruto,10
99728,enc0re,37991,JoJo no Kimyou na Bouken Part 5: Ougon no Kaze,8
61003,frack,50598,Aggressive Retsuko (ONA) 5th Season,8
9905,reira,34443,Baki,7
1072619,licharok,8525,Kami nomi zo Shiru Sekai,10
416112,unit_00,7580,Ikkitousen: Xtreme Xecutor,8
391620,laurennraquel,1887,Lucky☆Star,6
1228347,Batzy,1153,Crying Freeman,10
1214177,NeiloXx,8074,Highschool of the Dead,4
379222,ARIA_no_Kiseki,4744,Akaneiro ni Somaru Saka,5
443330,CalamityMeg,37675,Overlord III,6
69499,TwiistedWunx,3420,Shigofumi,8
338607,deroxmanximt,37430,Tensei shitara Slime Datta Ken,9
103281,vsv993,30988,Futsuu no Joshikousei ga [Locodol] Yattemita. OVA,7
73815,CaladEdge,15417,Gintama': Enchousen,10
362575,Elyk,23209,Sora no Method,6
102537,flamingricebowl,6594,Katanagatari,9
35605,joey_,166,Samurai 7,6
363955,raickos,5204,Kara no Kyoukai Movie 6: Boukyaku Rokuon,10
450068,Hiromei,901,"Dragon Ball Z Movie 08: Moetsukiro!! Nessen, Ressen, Chougekisen",10
73646,Ruelists,101,Air,8
396135,cocoen2010,41660,Yesterday wo Utatte: Haishin-ban Episode,7
599345,Ats27,136,Hunter x Hunter,9
1217697,GenericCH3N,849,Suzumiya Haruhi no Yuuutsu,7
984351,Rom-AT,3221,Shakugan no Shana-tan Movie,6
315437,o0ShadowFire0o,1570,Happiness!,5
468039,Skyla,23623,Non Non Biyori Repeat,10
1083885,No_Fakinaway,8577,Aki-Sora: Yume no Naka,6
400777,CrimsonXangel,15699,Haiyore! Nyaruko-san W,10
34493,saelaenx,20,Naruto,7
46360,StarlightSunrise,1195,Zero no Tsukaima,7
9091,Tabi,3165,Hidamari Sketch Specials,8
451946,Akashic,4282,Kara no Kyoukai Movie 5: Mujun Rasen,10
95630,Waki,467,Koukaku Kidoutai: Stand Alone Complex,7
383088,trzr23,249,InuYasha,7
108447,egret,3456,Candy☆Boy: Side Story For Archive,7
1281739,MSValvraveJS,25537,Fate/stay night Movie: Heaven's Feel - I. Presage Flower,9
1114511,igory,1015,Full Metal Panic! The Second Raid: Wari to Hima na Sentaichou no Ichinichi,6
83579,shinrye,2966,Ookami to Koushinryou,9
5038,Killerbee,37520,Dororo,7
1057475,NostalgiaGeek,8525,Kami nomi zo Shiru Sekai,5
339838,neonie,8525,Kami nomi zo Shiru Sekai,9
1232291,kitten_chan,22535,Kiseijuu: Sei no Kakuritsu,10
1059175,olokotampus,1575,Code Geass: Hangyaku no Lelouch,7
35663,HepCisBAD,430,Fullmetal Alchemist: The Conqueror of Shamballa,5
380811,Tadayasu,872,Mahou Shoujo-tai Arusu,8
110502,johnhedgehog,572,Kaze no Tani no Nausicaä,9
1071845,danrawr,25687,Digimon Adventure tri. 1: Saikai,7
108395,Umitashin,1842,Major S3,9
296695,xana_chan,3358,Kure-nai,9
26019,Ruyuki,1917,Kidou Senshi Gundam MS IGLOO: 1-nen Sensou Hiroku,7
86998,-Balmung-,6574,Hanamaru Youchien,7
46338,Ghoststaker,10079,Hoshizora e Kakaru Hashi,8
1103823,HollowMask,22145,Kuroshitsuji: Book of Circus,9
96552,Akashi,4752,Vampire Knight Guilty,9
539259,Rumy3,3568,Ganbarist! Shun,8
506717,hgjfhgjflgk,19123,One Piece: Episode of Merry - Mou Hitori no Nakama no Monogatari,8
376990,otakurpgamer,1233,Aozora Shoujo-tai,6
483712,Silver_Gunner,7724,Shiki,7
626159,kuroneko-san,13403,Inu x Boku SS: Miketsukami-kun Henka/Switch/Omamagoto,5
757957,Yamida,6172,Layton Kyouju to Eien no Utahime,9
473511,giraffesyo,31490,One Piece Film: Gold,6
339757,some1unknown,9919,Ao no Exorcist,8
374742,Cheesypeas,4181,Clannad: After Story,7
59913,apollobos,4744,Akaneiro ni Somaru Saka,7
61406,frajolah,269,Bleach,7
1277169,wawaGoodGirl,11061,Hunter x Hunter (2011),10
1153419,tinydevil421,6880,Deadman Wonderland,8
101974,Antekk,528,Pokemon Movie 01: Mewtwo no Gyakushuu,6
46060,cloudmaster09,257,Ikkitousen,6
12977,Aratow,344,Futatsu no Spica,2
10503,hokodan,31931,Full Metal Panic! Invisible Victory,7
603077,Makiineko,10620,Mirai Nikki (TV),7
1215975,vinamara,940,Inukami!,6
299461,LunaticLad,11703,Code:Breaker,8
485770,Scurrv,7148,Ladies versus Butlers!,5
1183467,toyhammered,38040,Kono Subarashii Sekai ni Shukufuku wo! Movie: Kurenai Densetsu,10
475554,Lulabys90,245,Great Teacher Onizuka,10
425795,-Arisa-,1604,Katekyo Hitman Reborn!,9
557895,AndroidMelMel,1726,Devil May Cry,7
1244389,IceSkyBlaze,16524,Suisei no Gargantia,6
1230269,bobomonster,2251,Baccano!,9
471483,AnActualSteve,1535,Death Note,8
1126561,Impartialfate,30831,Kono Subarashii Sekai ni Shukufuku wo!,7
80396,HerLovely,3457,Vampire Knight,6
84077,eSHTEBALA,1604,Katekyo Hitman Reborn!,7
351595,DarkParagon,4765,Gunslinger Girl: Il Teatrino OVA,7
94575,acev,31149,Persona 3 the Movie 4: Winter of Rebirth,9
1230323,WoodenNEET,2498,Slam Dunk: Shouhoku Saidai no Kiki! Moero Sakuragi Hanamichi,8
738215,Akasen,195,Onegai☆Teacher,7
418478,edinhosp,5034,Shikabane Hime: Kuro,7
18927,Zenas,14527,Medaka Box Abnormal,7
1085053,maiarena,2562,Shion no Ou,8
1097383,StrobeToy,43,Koukaku Kidoutai,10
467752,zseppuku,578,Hotaru no Haka,10
500070,Melonu,8063,Sekaiichi Hatsukoi OVA,8
354969,excalibolg,356,Fate/stay night,6
21555,Corpse69,8676,Amagami SS,8
432948,Akidyne,1119,Pokemon Movie 04: Celebi Toki wo Koeta Deai,6
511565,Razzak,530,Bishoujo Senshi Sailor Moon,6
1286879,tonheraman,1256,Saint Seiya: Jashin Eris,4
936311,plemex,44,Rurouni Kenshin: Meiji Kenkaku Romantan - Tsuioku-hen,10
39953,Leki,807,Tsubasa Chronicle: Tori Kago no Kuni no Himegimi,6
445651,kallenxNatsuno,7662,Shinrei Tantei Yakumo,8
401991,kris911,19775,Sidonia no Kishi,8
471056,matsmith83,8937,Toaru Majutsu no Index II,7
499363,catcake,20899,JoJo no Kimyou na Bouken Part 3: Stardust Crusaders,7
1067335,di4,2131,Bokusatsu Tenshi Dokuro-chan 2,9
115077,AmileaStride,121,Fullmetal Alchemist,8
342654,juniusvii,2889,Bleach Movie 2: The DiamondDust Rebellion - Mou Hitotsu no Hyourinmaru,10
64180,KuroZwei,32902,Mahoutsukai no Yome: Hoshi Matsu Hito,8
49568,VegetaEx,813,Dragon Ball Z,9
443604,AGNAZOR,1029,Omoide Poroporo,8
93592,Totatallydn,225,Dragon Ball GT,7
328450,superbob145,5277,Sekirei: Pure Engagement,7
565791,caccolangrifata,17074,Monogatari Series: Second Season,8
627333,Desiih,4224,Toradora!,9
5158,Kovski,32,Neon Genesis Evangelion: The End of Evangelion,8
449753,aison,2904,Code Geass: Hangyaku no Lelouch R2,9
451453,Mikeru,3572,Macross F,7
1103227,Mordechai,30,Neon Genesis Evangelion,10
66984,dyddulikthat,3247,Love Hina Final Selection,8
496576,Einhart,1367,Detective Conan Movie 08: Magician of the Silver Sky,10
887207,hugoymh,33783,Godzilla 1: Kaijuu Wakusei,7
1102225,orngeggplant,28223,Death Parade,8
56860,Uniccorn,227,FLCL,9
1087647,SleepingForever,15051,Love Live! School Idol Project,8
1137171,DanielQuental,10165,Nichijou,9
1099215,Reinfire,4789,ef: A Tale of Melodies.,9
26754,Juhotus,9969,Gintama',8
345263,purpleykitty,6203,Sasameki Koto,10
28643,Time-Machine,2236,Toki wo Kakeru Shoujo,9
495414,sTaiTas,9062,Angel Beats! Specials,10
690331,Jingyuhai,869,Slayers Return,9
343768,Quester,30,Neon Genesis Evangelion,8
359211,Marangos,6702,Fairy Tail,5
102830,Isher,14669,Aura: Maryuuin Kouga Saigo no Tatakai,8
576481,sawtaku9,42361,"Ijiranaide, Nagatoro-san",6
447209,cguercin,11111,Another,8
318621,MadeinLithuania,10379,Natsume Yuujinchou San,10
737523,MarikSwift,2163,AIKa R-16: Virgin Mission,4
62077,Nuk3Boy,59,Chobits,8
462701,dragon12233,2842,Pokemon Fushigi no Dungeon: Shutsudou Pokemon Kyuujotai Ganbaruzu!,5
300400,lolnameless,4565,Tengen Toppa Gurren Lagann Movie 2: Lagann-hen,10
551147,Zinnoberflamme,5341,Ookami to Koushinryou II,9
307766,Moonshie,42847,Ai no Utagoe wo Kikasete,9
71281,animegeek4life,43690,Tenkuu Shinpan,4
416998,Synchrostar,3712,Zero no Tsukaima: Princesses no Rondo,8
29129,negativeone,431,Howl no Ugoku Shiro,10
78574,0t4ku,430,Fullmetal Alchemist: The Conqueror of Shamballa,7
337411,mercmaid,274,Kiddy Grade,4
422982,aktsu,5356,Canaan,9
40534,nau-y,5844,Pokemon: Pikachu no Obake Carnival,6
455137,Ptitmisa,61,D.N.Angel,5
368690,Panady,3702,Detroit Metal City,9
479457,korewakana,23587,The iDOLM@STER Cinderella Girls,8
78314,truenolink,1535,Death Note,10
640433,fabiomello,43,Koukaku Kidoutai,9
404096,Meomix,2595,D.C.II: Da Capo II,4
38385,Pintadvs,153,Juuni Kokuki,8
39803,reddthesock,36475,Sword Art Online Alternative: Gun Gale Online,6
1243519,Synate,50932,Saikyou Onmyouji no Isekai Tenseiki,7
323602,Gelenger,11179,Papa no Iukoto wo Kikinasai!,10
1244037,komezaki,21105,Love Stage!!,8
57630,Innocuous,1689,Byousoku 5 Centimeter,8
21555,Corpse69,14513,Magi: The Labyrinth of Magic,7
471130,ilookedinthebox,3901,Baccano! Specials,10
1089229,Kayrarara,9989,Ano Hi Mita Hana no Namae wo Bokutachi wa Mada Shiranai.,9
503701,BestFriend09,199,Sen to Chihiro no Kamikakushi,9
794387,Skystrike,1667,Barom One,4
21796,asumasensei,20939,"Ore no Nounai Sentakushi ga, Gakuen Love Comedy wo Zenryoku de Jama Shiteiru OVA",9
39635,IshokuOsero,1210,NHK ni Youkoso!,10
391978,Arkt,6023,Nogizaka Haruka no Himitsu: Purezza,4
350614,necckko,15687,Chuunibyou demo Koi ga Shitai! Lite,9
343267,ch35t3r,14027,Boku wa Tomodachi ga Sukunai: Relay Shousetsu wa Ketsumatsu ga Hanpanai,8
1289739,ShinoKun,21995,Ao Haru Ride,9
391440,ickyman64,42590,Mashiro no Oto,7
26233,nert,1095,Kidou Keisatsu Patlabor the Movie,9
56668,dyan,150,Blood+,10
507012,-Koyuki-,9989,Ano Hi Mita Hana no Namae wo Bokutachi wa Mada Shiranai.,10
746145,makusaki1337,40454,Dungeon ni Deai wo Motomeru no wa Machigatteiru Darou ka III,8
508378,minfremi,656,Air in Summer,8
309100,otakuranchan,5530,Pandora Hearts,10
55224,guiltyparty,40262,Haikyuu!! Riku vs. Kuu,7
561159,Nowis,1604,Katekyo Hitman Reborn!,6
366499,t3h_bash,40392,Runway de Waratte,6
501972,Mikki13,35839,Sora yori mo Tooi Basho,8
586079,Satire,22319,Tokyo Ghoul,4
1070975,Hunter2X2,31442,Musaigen no Phantom World,6
470702,Kynittoo,30544,Gakusen Toshi Asterisk,10
511410,Ekuleiru,2952,Final Fantasy VII: Advent Children Complete,9
37906,Jumper,408,Final Fantasy VII: Last Order,5
46447,haitike,15335,Gintama Movie 2: Kanketsu-hen - Yorozuya yo Eien Nare,9
394429,Black-Flash,12293,Campione! Matsurowanu Kamigami to Kamigoroshi no Maou,9
362652,emuy,20709,Sabage-bu!,8
348657,coma_grey,441,Shoujo Kakumei Utena: Adolescence Mokushiroku,6
67142,kittykun2011,11617,High School DxD,6
393050,soldieroH,37991,JoJo no Kimyou na Bouken Part 5: Ougon no Kaze,9
1224057,asdffdsa11,255,Jungle wa Itsumo Hare nochi Guu Final,2
61385,Lina91,6046,Tales of Vesperia: The First Strike,10
473238,TheTonyDose,9617,K-On! Movie,7
101356,sammie88,1261,Kyattou Ninden Teyandee,10
358246,linnaes,317,Final Fantasy VII: Advent Children,6
1212843,Ikari-chan,10030,Bakuman. 2nd Season,8
465588,cielxthea,6205,Kämpfer,6
103072,TeeKay2000,1,Cowboy Bebop,10
379463,Dreamjap21,8915,Dantalian no Shoka,7
1086483,BrunoSS,12189,Hyouka,8
332155,rivalrouswolf,41006,Higurashi no Naku Koro ni Gou,5
342733,inet_43,8609,Detective Conan OVA 10: Kid in Trap Island,10
85385,kapital,2164,Dennou Coil,8
503674,dienamenlose,981,Ichigo 100% OVA,5
358225,gorkolov,6213,Toaru Kagaku no Railgun,7
368270,gomaruh,11843,Danshi Koukousei no Nichijou,9
58153,anime007,1,Cowboy Bebop,8
344475,Demazia,4186,Chrome Shelled Regios,7
1070375,beautifulpetal,6702,Fairy Tail,10
84431,tehdarkchao,47917,Bocchi the Rock!,7
17431,cuchlann,4472,Lucky☆Star: Original na Visual to Animation,8
1282283,necromanshhhy,12375,Maki-chan to Now.,9
341756,Akade,5277,Sekirei: Pure Engagement,10
510346,rica-chan,11285,Black★Rock Shooter (TV),7
298022,Deed,442,Naruto Movie 1: Dai Katsugeki!! Yuki Hime Shinobu Houjou Dattebayo!,4
1271839,DSiify,39565,Boku no Hero Academia the Movie 2: Heroes:Rising,7
90913,Sousen,2986,Bamboo Blade,6
56623,marvele,22101,Soredemo Sekai wa Utsukushii,8
1083429,Aeolonox,8675,Seitokai Yakuindomo,2
343966,Shiny_sun,1562,Yamato Nadeshiko Shichihenge♥,6
380583,NoMoreMoons,8074,Highschool of the Dead,7
419693,the12thdoctor,181,Vandread: The Second Stage,10
1192871,StraWha7,22043,Fairy Tail (2014),7
495253,Silli,3299,H2O: Footprints in the Sand,8
501292,Kalcifer,4081,Natsume Yuujinchou,8
427009,maniacsfm,240,Genshiken,8
445884,RoxyPophard,31933,JoJo no Kimyou na Bouken Part 4: Diamond wa Kudakenai,7
398417,Izumi_Yuki,11319,Zero no Tsukaima F,7
448911,krazyminkler,19759,Ansatsu Kyoushitsu: Jump Festa 2013 Special,7
1003209,Oppenhime,3782,Kara no Kyoukai Movie 2: Satsujin Kousatsu (Zen),8
355865,Sabishii,45,Rurouni Kenshin: Meiji Kenkaku Romantan,10
114861,Tsubatsu,31783,Yowamushi Pedal: New Generation,8
440822,VladimirSel,7375,Shakugan no Shana-tan S,7
117879,L0bEs,6045,Kimi ni Todoke,9
5265,MLopes724,12967,Arcana Famiglia,7
551087,HewHew,33731,Gabriel DropOut,8
29121,sniW,442,Naruto Movie 1: Dai Katsugeki!! Yuki Hime Shinobu Houjou Dattebayo!,6
1187191,Raideth,28249,Arslan Senki (TV),7
742171,ZEROSTATE,18,Initial D Fourth Stage,9
1171661,Xellos_rj,143,Kannazuki no Miko,7
359235,XY_boy,7592,Nurarihyon no Mago,9
472398,jubonga,3407,Blassreiter,7
516369,ambience,469,Karin,6
505047,ronaldfn,9252,Break Blade Movie 3: Kyoujin no Ato,10
1242207,Nekonya,11079,Kill Me Baby,5
486544,kadaj911,167,Scrapped Princess,7
1093185,tooshiro,1535,Death Note,10
487091,edwwie,7593,Kiss x Sis (TV),6
380299,zetsuboSensei,9332,.hack//Quantum,7
298016,InZius,38000,Kimetsu no Yaiba,9
1103399,ichijoint,11979,Mahou Shoujo Madoka★Magica Movie 2: Eien no Monogatari,9
440646,kurataki,35843,Gintama.: Porori-hen,6
1187197,DjShoko1,3389,Bus Gamer,10
502054,niidel,42203,Re:Zero kara Hajimeru Isekai Seikatsu 2nd Season Part 2,8
1170233,Geo1507,29803,Overlord,8
392186,1-31,26,Texhnolyze,9
424840,Antokm,1140,Giniro no Kami no Agito,10
40032,SidVicious,1222,Bokura ga Ita,7
75988,AkariChan,263,Hajime no Ippo,8
472405,tristianArt,934,Higurashi no Naku Koro ni,8
107413,Necrocide,23283,Zankyou no Terror,8
549551,Rickerd,21681,Hanayamata,9
114704,MyCottonCandy,469,Karin,9
39542,Mononokee,18507,Free!,8
391123,drizzits,9047,Toaru Kagaku no Railgun: Misaka-san wa Ima Chuumoku no Mato desu kara,8
1050597,DunderFisen,31964,Boku no Hero Academia,9
621765,coffeemilkx3,4224,Toradora!,9
59991,tzat,849,Suzumiya Haruhi no Yuuutsu,10
360141,abrikatin,11887,Kokoro Connect,6
509400,animefan2011,20,Naruto,10
430676,blackwelljer,16894,Kuroko no Basket 2nd Season,10
404567,PabloAlves,25389,"Dragon Ball Z Movie 15: Fukkatsu no ""F""",9
97561,Furrek,39388,Koisuru Asteroid,5
308591,saepii,32182,Mob Psycho 100,7
548471,SenSeiFAR,22777,Dragon Ball Kai (2014),8
526467,-Sumire-,4181,Clannad: After Story,8
73625,HateMeh,12967,Arcana Famiglia,6
474719,trovier,269,Bleach,10
464101,Vandemar,339,Serial Experiments Lain,10
39978,Khalida,32948,Fune wo Amu,10
409067,faetoe,3927,Kidou Senshi Gundam 00 Second Season,8
396378,blaue_lucifer,335,Matantei Loki Ragnarok,8
28922,Beloved_87,1726,Devil May Cry,7
350710,annie-annie,523,Tonari no Totoro,7
3507,Kratos,443,Onegai☆Teacher: Himitsu na Futari,7
27069,Dilvish,6573,Darker than Black: Ryuusei no Gemini,9
425943,andybebad,49596,Blue Lock,7
473874,anzura,4087,Michiko to Hatchin,2
336917,Juandalyn,5060,Hetalia Axis Powers,5
74241,lokiskad,3702,Detroit Metal City,9
438586,Ciarannihill,8841,Kore wa Zombie desu ka?,8
319286,Melodic,1689,Byousoku 5 Centimeter,10
1070993,SuJu-M,6325,Naruto: Shippuuden Movie 3 - Hi no Ishi wo Tsugu Mono,8
494211,Hybrid21,14837,Dragon Ball Z Movie 14: Kami to Kami,6
1102889,pedroivo27,11319,Zero no Tsukaima F,9
375015,PickleWitch,227,FLCL,9
378122,PowerToken,27989,Hibike! Euphonium,8
337056,KiraraNami,5680,K-On!,8
329270,klayt,3230,Druaga no Tou: The Aegis of Uruk,8
68556,psgels,8142,Colorful (Movie),8
928977,sheken,10790,Kore wa Zombie desu ka? of the Dead,8
1114559,chyudike,523,Tonari no Totoro,10
468546,SebastianK,36862,Made in Abyss Movie 3: Fukaki Tamashii no Reimei,3
756225,accountisclosed,5717,Kiniro no Corda: Secondo Passo,9
1202375,arkonautom,23327,Space☆Dandy 2nd Season,6
960199,KATULOS,4334,Heroman,6
384236,justchaos,3679,Renketsu Houshiki,9
304814,cococolacandy,30705,Makura no Danshi,7
459583,EagleHawk,9252,Break Blade Movie 3: Kyoujin no Ato,8
1194399,Devilx92,259,Happy☆Lesson,6
291240,MysticBlueDragon,139,Hunter x Hunter: Greed Island Final,8
362680,MARISA-KAITEN,50612,Dr. Stone: Ryuusui,6
781325,Nezuumi,5114,Fullmetal Alchemist: Brotherhood,10
352328,Accelerator1994,21743,Donten ni Warau,6
414059,Namerisek,270,Hellsing,7
537661,BigBird,8525,Kami nomi zo Shiru Sekai,6
394144,Dymonex,37347,Dungeon ni Deai wo Motomeru no wa Machigatteiru Darou ka II,7
502689,Horaizon,1735,Naruto: Shippuuden,9
505658,sanji33,898,Dragon Ball Z Movie 05: Tobikkiri no Saikyou tai Saikyou,8
75877,Roks_,936,Naruto Movie 2: Dai Gekitotsu! Maboroshi no Chiteiiseki Dattebayo!,6
1088759,qizhen,10232,Tamayura: Hitotose,7
107042,SoreScar,32887,Dungeon ni Deai wo Motomeru no wa Machigatteiru Darou ka Gaiden: Sword Oratoria,7
1266845,TormentX,14749,Ore no Kanojo to Osananajimi ga Shuraba Sugiru,8
461554,sern19,38002,Asobi Asobase Specials,7
309338,Frown,1210,NHK ni Youkoso!,10
103718,little_kodomo,27891,Sword Art Online II: Debriefing,8
323641,Przemii,15807,Ro-Kyu-Bu!: Tomoka no Ichigo Sundae,9
336177,phoenix2404,12187,Carnival Phantasm EX Season,7
449821,Mynop,6547,Angel Beats!,8
510669,xangelx22,1535,Death Note,10
515647,Mariochimaru,31043,Boku dake ga Inai Machi,8
517893,jeicd,9922,Oretachi ni Tsubasa wa Nai: Under the Innocent Sky.,7
2090,ghostjacker,37807,Princess Principal: Crown Handler Movie 1,7
445454,Sopran,1050,Bobobo-bo Bo-bobo,6
385119,KazuyaScifo,12685,Code Geass: Hangyaku no Lelouch - Nunnally in Wonderland,6
327365,d4rkmelo,226,Elfen Lied,10
574809,Chingi,7088,Ichiban Ushiro no Daimaou,5
1245803,satechip,30825,Gakkou no Kaidan: Kubinashi Rider!! Shi no Noroi,7
29848,Darya,966,Crayon Shin-chan,5
101100,X_Nagarebashi_X,1827,Seirei no Moribito,10
119424,estherlipofago,177,Tsubasa Chronicle,8
1082241,MLake,169,Shingetsutan Tsukihime,8
1267155,Gheara,570,Jin-Rou,10
12136,KingPin,20509,Fate/kaleid liner Prisma☆Illya 2wei!,8
747301,edgpzr,32937,Kono Subarashii Sekai ni Shukufuku wo! 2,9
344609,Jun10r,8465,Ichiban Ushiro no Daimaou Specials,7
337652,Temporary9,8557,Shinryaku! Ika Musume,7
409284,beccs2,3731,Itazura na Kiss,10
1237889,Grumpy-Lee,18229,Gatchaman Crowds,4
104934,mindsoak,1078,Cardcaptor Sakura: Kero-chan ni Omakase!,7
10588,dzhangg,270,Hellsing,3
445023,mendiff,7311,Suzumiya Haruhi no Shoushitsu,10
25355,ragnorocker7,31630,"Gyakuten Saiban: Sono ""Shinjitsu"", Igi Ari!",7
103369,Ellymarry,431,Howl no Ugoku Shiro,6
26875,Lockhead,9074,Arakawa Under the Bridge x Bridge,8
479183,Escave,199,Sen to Chihiro no Kamikakushi,10
295673,Necromos,4835,Bleach Movie 3: Fade to Black - Kimi no Na wo Yobu,10
1233811,ShenLong00,12365,Bakuman. 3rd Season,10
14935,bombardude,4715,Shigofumi: Sore kara,8
422404,sonvn,1956,Ikkitousen: Dragon Destiny,8
412171,Chaoslyene,747,Haru wo Daite Ita,10
484065,REDLAB,2025,Darker than Black: Kuro no Keiyakusha,9
66329,Briskatt,384,Gantz,2
11615,JC_McNasty,71,Full Metal Panic!,8
1096941,Memiuri,4477,Nodame Cantabile: Paris-hen,10
1149367,Angelumortis,8426,Hourou Musuko,9
568293,explicit707,11703,Code:Breaker,8
1080639,Last_Order,16894,Kuroko no Basket 2nd Season,9
33029,Goggyfour,205,Samurai Champloo,7
1259299,Halfred,166,Samurai 7,8
427096,kira773,35788,Shokugeki no Souma: San no Sara,9
39118,TemplarXIII,1802,Dirty Pair Flash,6
1281341,kasia240,22199,Akame ga Kill!,9
340959,Kenshiro3,36144,Garo: Vanishing Line,9
5763,jet2r0cks,134,Gunslinger Girl,7
457853,sanemurzu,2952,Final Fantasy VII: Advent Children Complete,7
548733,Bimsowa,4752,Vampire Knight Guilty,9
363958,canabliss,11239,Hidamari Sketch x Honeycomb,6
567919,canblas,14349,Little Witch Academia,8
446128,hakeya,20517,Little Busters! EX,7
1143069,prisoner,31741,Magi: Sinbad no Bouken (TV),9
1076679,Pilzi,11981,Mahou Shoujo Madoka★Magica Movie 3: Hangyaku no Monogatari,10
907633,n4gisa,47,Akira,9
105106,Masimar,1955,Kimagure Robot,7
1120777,ebtesaam,11757,Sword Art Online,9
310531,rendan777,1604,Katekyo Hitman Reborn!,10
394289,moomoomilkk,8129,Kuragehime,7
53933,samarecarm,430,Fullmetal Alchemist: The Conqueror of Shamballa,8
25043,lostfayt,225,Dragon Ball GT,10
320402,Mazme,4450,Chrno Crusade: Az demo Wakaru Chrno Crusade Kouza,9
80379,Desann,10456,Kyoukaisenjou no Horizon,8
304295,kyokai,9712,Maria†Holic Alive,5
569451,kaworu1993,16668,Kakumeiki Valvrave,10
1193407,Anoh,31163,Dimension W,6
330096,silversg,304,Aa! Megami-sama! Movie,7
10484,Kuro-Neko,2001,Tengen Toppa Gurren Lagann,10
1080463,Sutadasuto,3359,Amatsuki,9
434355,weihurn,339,Serial Experiments Lain,7
516373,Potato_Passion,3588,Soul Eater,9
7172,areida,11615,Morita-san wa Mukuchi. 2,6
1237141,Byronic_Hero,31964,Boku no Hero Academia,7
1169561,Jasuuu,25777,Shingeki no Kyojin Season 2,10
1195493,Yohon1,36456,Boku no Hero Academia 3rd Season,10
409435,tsukivalo,5460,Detective Conan Movie 13: The Raven Chaser,10
506796,Ichi-Nyu,12685,Code Geass: Hangyaku no Lelouch - Nunnally in Wonderland,7
338282,Morringhan,50172,Mob Psycho 100 III,8
537501,davos,320,A Kite,7
441264,Aniles,355,Shakugan no Shana,7
469213,Lolwolf,32951,Rokudenashi Majutsu Koushi to Akashic Records,7
56919,kira_winter,444,Maria-sama ga Miteru: Haru,7
417570,Primrosey,49776,Kumichou Musume to Sewagakari,8
1205295,universal_bunny,10620,Mirai Nikki (TV),9
68843,venancio,2508,Genshiken 2,10
37373,Shaah,14353,Death Billiards,8
492843,Ajica,1194,Coyote Ragtime Show,8
68133,etchel,10216,"Yondemasu yo, Azazel-san. (TV)",8
492839,cherry-sakura97,1222,Bokura ga Ita,9
304441,Camdenml,31592,Pokemon XY&Z,7
447622,misskoedachan,530,Bishoujo Senshi Sailor Moon,8
1209045,Drawing,34626,Kono Subarashii Sekai ni Shukufuku wo! 2: Kono Subarashii Geijutsu ni Shukufuku wo!,5
519169,kitaerii,18897,Nisekoi,10
3095,StrawberryPrince,2540,Tonari no Oneesan,4
1136011,god12,2131,Bokusatsu Tenshi Dokuro-chan 2,8
484585,Zaimoku,497,Yami to Boushi to Hon no Tabibito,7
309794,ziltafon,355,Shakugan no Shana,7
519095,MysticxShadow,10172,Freezing Specials,3
9750,LucidDream,397,Seikai no Senki II,8
56586,Saitoe,3407,Blassreiter,7
404682,Riotreme,126,Futakoi Alternative,9
637407,Terage,34240,Shelter (Music),8
426262,Sovenxas,4752,Vampire Knight Guilty,8
104646,digitalized,208,R.O.D: Read or Die,7
725019,Trastaroute,15,Eyeshield 21,9
442755,Chiyosuke,3837,Mashin Eiyuuden Wataru,6
328922,sir_mihael,2418,Stranger: Mukou Hadan,8
26378,SteveBerry,5,Cowboy Bebop: Tengoku no Tobira,8
22694,Sfreedom,524,Onegai☆Twins: Natsu wa Owaranai,6
30995,KampfSogge,117,El Hazard: The Magnificent World,8
1118295,Prostoi_Khui,1413,Lupin III: Alcatraz Connection,5
479301,talafek96,39017,Kyokou Suiri,8
1290897,Kilk428,268,Golden Boy,7
1260109,Freecss,13357,High School DxD Specials,3
77278,emeraldfox7,40052,Great Pretender,7
311898,Tsimshian66,6347,Baka to Test to Shoukanjuu,6
796863,Sonic_Storm,1889,Higurashi no Naku Koro ni Kai,7
1225535,Vmonkey,32935,Haikyuu!! Karasuno Koukou vs. Shiratorizawa Gakuen Koukou,9
57776,MiderT,2986,Bamboo Blade,7
1054759,Jiki-Kiji,10568,Kamisama no Memochou,10
1091093,rebyc,1731,Tales of Symphonia The Animation: Sylvarant-hen,7
379791,ShinTakamiya,16498,Shingeki no Kyojin,8
112134,Ohjisama,593,Mugen no Ryvius,8
419665,Madder_Sky,408,Final Fantasy VII: Last Order,8
1051213,Nightquist,40748,Jujutsu Kaisen,9
451497,Alcadio,39597,Sword Art Online: Alicization - War of Underworld,6
18338,jbreten,145,Kareshi Kanojo no Jijou,8
74564,WILLs_Anime_,33206,Kobayashi-san Chi no Maid Dragon,8
1289003,gudevanya,36474,Sword Art Online: Alicization,10
326899,doodledesu,4872,Goku Sayonara Zetsubou Sensei,9
360472,Syxter,5150,Hatsukoi Limited.,7
26235,Enjyu,22535,Kiseijuu: Sei no Kakuritsu,9
58024,Treebeard-dono,3062,Futago no Haha Seihonnou,7
1214595,deadsin,2594,Piano no Mori,6
366964,Zura-sama,3299,H2O: Footprints in the Sand,6
1281625,spitfire21,17269,Captain Herlock,7
316316,escorpion,298,.hack//Tasogare no Udewa Densetsu,7
377290,TeTzu,1608,Salaryman Kintarou,8
317990,YominTheUltimate,1519,Black Lagoon: The Second Barrage,9
509787,azzyzx,10357,Jinrui wa Suitai Shimashita,7
734401,octal9,32296,Present made no Michinori,5
1169335,Igor631,32494,Days (TV),7
291915,Greenmushroom55,11785,Haiyore! Nyaruko-san,10
594011,Peacecrafs,2142,Blue Dragon,5
114463,Melisa,37036,Binan Koukou Chikyuu Bouei-bu Happy Kiss!,10
492975,FinalPyre,72,Full Metal Panic? Fumoffu,8
100195,Nymia-san,376,"Elfen Lied: Tooriame nite Arui wa, Shoujo wa Ikani Shite Sono Shinjou ni Itatta ka? - Regenschauer",10
1116161,Gokou-Ruri,9941,Tiger & Bunny,7
358330,Oxygene,904,Dragon Ball Z Movie 11: Super Senshi Gekiha!! Katsu no wa Ore da,7
399313,YasuDesigner,23283,Zankyou no Terror,10
636017,1ntel,596,Chobits: Chibits,7
14669,Daheji,4744,Akaneiro ni Somaru Saka,7
423841,carlmalone,2564,Code-E,8
1198521,cenkazor,14751,Bishoujo Senshi Sailor Moon Crystal,6
1252941,7pluts23,9253,Steins;Gate,9
13396,Firefox265,9041,IS: Infinite Stratos,8
12222,Kemonomonoke,2994,Death Note: Rewrite,7
304108,Nakrul,1575,Code Geass: Hangyaku no Lelouch,7
101896,sorenku,2273,Shin Kidou Senki Gundam Wing: Endless Waltz Special,9
22778,sami1337,7791,K-On!!,8
309972,Kaosukuma,4186,Chrome Shelled Regios,9
99711,katmanDo,1230,Innocent Venus,7
479326,kyuubireaper,5958,Sora no Otoshimono,7
412760,doppl3r,12883,Tsuritama,8
13657,CC_,2164,Dennou Coil,5
614159,RADEON73,8100,Mardock Scramble: The First Compression,6
1272515,RalphIsBad,11433,Ano Natsu de Matteru,9
1154651,Sjuulh,10080,Kami nomi zo Shiru Sekai II,8
1103953,Clovr,14741,Chuunibyou demo Koi ga Shitai!,8
116578,smiley0318,4053,Tennis no Ouji-sama: Zenkoku Taikai-hen - Final,9
500676,Kami_Cube,29785,Jitsu wa Watashi wa,7
105585,Przemos19,10087,Fate/Zero,10
40251,cdhotfire,406,Buzzer Beater,7
898653,Azzembler,3121,Kodomo no Jikan OVA,4
39648,UnknowablE,157,Mahou Sensei Negima!,5
92201,NekoshiNailz,30782,Bikini Warriors,7
28532,almarakk,34525,Centaur no Nayami,6
67202,AnimeloverYori,121,Fullmetal Alchemist,9
102010,th4m,16067,Nagi no Asu kara,9
299402,Gromint,857,Air Gear,7
428427,Super_Asia,1792,Overman King Gainer,7
348738,vanesza023,2890,Gake no Ue no Ponyo,10
377218,Jundgirl,9756,Mahou Shoujo Madoka★Magica,8
495183,icywind,37029,Hoozuki no Reitetsu 2nd Season: Sono Ni,9
534883,Tolugui,8425,Gosick,9
53700,NecoDelero,31173,Akagami no Shirayuki-hime 2nd Season,7
477698,dRage,442,Naruto Movie 1: Dai Katsugeki!! Yuki Hime Shinobu Houjou Dattebayo!,5
71189,kUr0ganE,1132,Digimon Frontier,8
621521,kai143,2993,Rosario to Vampire,7
494200,Sinvanor,861,xxxHOLiC,10
18082,yuyano,678,Shadow Skill: Eigi,7
495320,Shurato-Sama,269,Bleach,6
4807,asadi,460,One Piece Movie 02: Nejimaki-jima no Daibouken,7
376006,BluLuna,535,Slayers Next,10
496271,diphylleiagrayi,530,Bishoujo Senshi Sailor Moon,7
459851,Artdrift,233,Daa! Daa! Daa!,8
36963,ShionMiyagi,1072,Sweat Punch,8
446238,Kaaat,882,Yuu☆Yuu☆Hakusho (Movie),8
294238,ScarletFlame,1255,Saint Seiya: Shinku no Shounen Densetsu,10
392862,zarlama,17549,Non Non Biyori,8
542151,Berries,4898,Kuroshitsuji,9
340741,Leviathan877,906,Dragon Ball Z Movie 13: Ryuuken Bakuhatsu!! Gokuu ga Yaraneba Dare ga Yaru,8
558163,Tsuyu_no_Inochi,3972,Yu☆Gi☆Oh! 5D's,7
376361,Saveric,11615,Morita-san wa Mukuchi. 2,7
94893,CobraZ_Daemon,3712,Zero no Tsukaima: Princesses no Rondo,8
64405,EscaluS,246,Groove Adventure Rave,8
116459,Doodle,4550,Hyakko,9
255,Sneaker,591,Amaenaide yo!!,8
420303,Mav3rick,2581,Kidou Senshi Gundam 00,9
12329,Dana,10087,Fate/Zero,9
689,dnt,18,Initial D Fourth Stage,9
39998,zuruixxkitsune,8861,"Yosuga no Sora: In Solitude, Where We Are Least Alone.",5
552981,serpoe,2236,Toki wo Kakeru Shoujo,9
87217,Himeru,177,Tsubasa Chronicle,8
1225787,Orald,50425,"Fuufu Ijou, Koibito Miman.",5
21667,karore,37597,Dakaretai Otoko 1-i ni Odosarete Imasu.,7
57768,Infynity,32673,Udon no Kuni no Kiniro Kemari,7
719893,0nerian,4334,Heroman,7
1195951,Hiyori00,10578,C³,8
41780,gulrez,268,Golden Boy,8
369731,shourisha7,6709,Ai Yori Aoshi: Yumegatari,6
511134,CheshireCatt13,1498,Black Blood Brothers,5
23579,Nashiyo,5112,Akikan!,6
472910,UltrosAlucardVI,19,Monster,8
312890,no-rain,98,Mai-HiME,6
447908,lawlzyy,74,Gakuen Alice,9
736833,youlogs,8516,Baka to Test to Shoukanjuu Ni!,8
354438,2dwomanROXs,457,Mushishi,9
315670,JoycieC,6033,Dragon Ball Kai,8
459445,kuran-sama,4551,Hakushaku to Yousei,9
725023,Lysandris,37984,"Kumo desu ga, Nani ka?",7
26079,ameba,690,Kyuuketsuhime Miyu (TV),6
1070371,EAGELSEEKER,90,Shin Kidou Senki Gundam Wing,10
420782,DarkDooM2,41468,Burn the Witch,9
106064,bassist,269,Bleach,9
74316,yomin,3092,Junjou Romantica,8
49064,zirinbaku,3503,Kanokon,7
78768,Hikar4ik,990,Kamisama Kazoku,5
489909,nekoguy4444,22145,Kuroshitsuji: Book of Circus,10
420589,cherryjean22,30276,One Punch Man,8
466110,Justic3,442,Naruto Movie 1: Dai Katsugeki!! Yuki Hime Shinobu Houjou Dattebayo!,6
544327,steg22,16512,Devil Survivor 2 The Animation,9
388883,LegendaryGirl-A,14967,Boku wa Tomodachi ga Sukunai Next,5
436881,Happy-Go-Lucky,12321,Thermae Romae,7
39853,z3ro,2324,Angel Blade,6
294252,-Eureka-,8516,Baka to Test to Shoukanjuu Ni!,7
65191,ewel,1535,Death Note,10
24307,Xaltwind,10087,Fate/Zero,7
398206,yesterday,24469,Buddy Complex: Kanketsu-hen - Ano Sora ni Kaeru Mirai de,7
545973,yuyuu-chan,5525,07-Ghost,10
385363,Fuyui,38778,Midara na Ao-chan wa Benkyou ga Dekinai,5
505997,Cerberus_Alpha,205,Samurai Champloo,8
85375,nawanolt,457,Mushishi,8
1237391,Murtadha_Qahtan,5682,Phantom: Requiem for the Phantom,8
94859,KoZa,900,Dragon Ball Z Movie 07: Kyokugen Battle!! Sandai Super Saiyajin,8
500456,youkai94,28891,Haikyuu!! Second Season,8
506716,AgnGorge,12445,Tasogare Otome x Amnesia,7
1097147,Ginrocks,24543,Persona 3 the Movie 3: Falling Down,6
13252,daya,7711,Karigurashi no Arrietty,8
551375,soyexkai,15315,Mondaiji-tachi ga Isekai kara Kuru Sou desu yo?,10
570685,musi42,60,Chrno Crusade,9
7326,lile_dawsons,395,Gantz 2nd Stage,8
112490,48x700mb80min,963,"Love Hina: Motoko no Sentaku, Koi ka Ken... ""Naku na""",4
2090,ghostjacker,40060,BNA,8
90669,akaruihonoo,8337,Shoka,6
18029,sky-blue_silence,37545,Amakage,6
311361,mannjager,5081,Bakemonogatari,9
1099159,tuna-kun,457,Mushishi,10
599633,1v14k0,182,Tenkuu no Escaflowne,9
406608,dachii,41120,Fugou Keiji: Balance:Unlimited,7
443997,Strangelover,73,Full Metal Panic! The Second Raid,7
478095,Sonic-san,11061,Hunter x Hunter (2011),10
498783,Alpr1816,120,Fruits Basket,7
872801,kurukam,790,Ergo Proxy,10
100389,DontCryMercy,29301,Kurage no Shokudou,2
487189,painfull,10578,C³,6
97249,Night_Stone,120,Fruits Basket,6
526649,DarkPrince123,10075,Naruto x UT,5
1071223,Hohn,27989,Hibike! Euphonium,5
452162,tiv6,6045,Kimi ni Todoke,8
471501,cynel235,1654,Kashimashi: Girl Meets Girl - Shoujo wa Shoujo ni Koi wo Shita,9
17481,NobleSavage,1686,Bleach Movie 1: Memories of Nobody,9
453818,Shadowfang1992,270,Hellsing,8
22599,yanger,150,Blood+,9
67290,padjoy,14349,Little Witch Academia,8
444331,maxkler,6922,Fate/stay night Movie: Unlimited Blade Works,8
904813,Graphicalness,9926,Sekaiichi Hatsukoi,7
590455,JosephT251,150,Blood+,8
551485,thompininja,50709,Lycoris Recoil,7
1205803,M1xell,14713,Kamisama Hajimemashita,8
405589,Yoda86,77,Mahou Shoujo Lyrical Nanoha A's,8
334569,clikc,2248,Naruto: Dai Katsugeki!! Yuki Hime Shinobu Houjou Dattebayo! - Konoha no Sato no Dai Undoukai,6
522797,S0LUS,7817,B-gata H-kei,5
1129153,MeNaK,2923,Shugo Chara!,9
386961,scukobyte,10686,Naruto: Honoo no Chuunin Shiken! Naruto vs. Konohamaru!!,7
337147,Grafeon,2904,Code Geass: Hangyaku no Lelouch R2,8
3387,shumphrey,2759,Evangelion: 1.0 You Are (Not) Alone,8
1074869,umomo,8937,Toaru Majutsu no Index II,8
413736,Zmaty,10379,Natsume Yuujinchou San,9
1078415,Matz69,73,Full Metal Panic! The Second Raid,8
460877,Gai_Incognito,7311,Suzumiya Haruhi no Shoushitsu,7
295802,Rusznic,535,Slayers Next,6
776749,MithosCruxis,8795,Panty & Stocking with Garterbelt,8
730421,Starish,4975,ChäoS;HEAd,7
393709,Kisacullen,32542,Sakamoto desu ga?,10
9026,Panterosa,2890,Gake no Ue no Ponyo,9
464105,Zackoo,918,Gintama,8
1288189,ReApErBr1,10298,Kaichou wa Maid-sama!: Goshujinsama to Asonjao♥,8
297188,Bibliotaku,31722,Nanatsu no Taizai: Seisen no Shirushi,6
411234,Robotechie,831,Chicchana Yukitsukai Sugar,8
97026,dragazoid66,27899,Tokyo Ghoul √A,10
398487,Megitsune,8514,Break Blade Movie 2: Ketsubetsu no Michi,7
1182267,Kitarou,14513,Magi: The Labyrinth of Magic,8
8729,leefan,6401,ef: A Tale of Melodies. - Prologue,8
24435,Lovekuja,32122,Gintama°: Umai-mono wa Atomawashi ni Suru to Yokodorisareru kara Yappari Saki ni Kue,7
1080069,happytrisha108,51009,Jujutsu Kaisen 2nd Season,8
25594,FioriZonta,22689,Terra Formars: Bugs 2-hen,7
1089307,DAIFUKU_DAIFUKU,437,Perfect Blue,7
335819,Cubia,6164,Aoi Hana,7
1265903,Tipanny,228,Jigoku Shoujo,7
110423,Lyper,4884,Tales of the Abyss,5
424299,superdoctor666,4136,Penguin Musume♥Heart,6
40680,Wolfkin,240,Genshiken,7
688245,XxspiritxX1,31973,Kidou Senshi Gundam Thunderbolt,8
1941,kenzoil,764,Zoids Shinseiki/Zero,7
1057347,osharina,8675,Seitokai Yakuindomo,1
299402,Gromint,6205,Kämpfer,8
325444,Mitsukai-inki,21995,Ao Haru Ride,9
313960,nosfer,3447,Koukaku Kidoutai: Stand Alone Complex - Solid State Society - Uchikoma na Hibi,5
472258,ashgro,6444,Tegamibachi,7
290214,Dragon246,48643,Koi wa Sekai Seifuku no Ato de,7
9225,psychelock,323,Mousou Dairinin,8
636183,Crescentian,1379,Kino no Tabi: The Beautiful World - Nanika wo Suru Tame ni - Life Goes On.,9
118100,Rukakiteka,223,Dragon Ball,8
445470,DramaticDreamer,608,Sakura Taisen: Katsudou Shashin,6
108503,BlackDragon59,459,One Piece Movie 01,7
471920,royaljelly,44,Rurouni Kenshin: Meiji Kenkaku Romantan - Tsuioku-hen,7
101445,Nekokei-chan,174,Tenjou Tenge,5
330435,MyAmy,18229,Gatchaman Crowds,7
67979,AnimeGeek87,3258,Lily C.A.T.,7
13141,Fuji,1519,Black Lagoon: The Second Barrage,9
361909,Kyouru,8536,Fortune Arterial: Akai Yakusoku,10
405920,AndyRok,16762,Mirai Nikki: Redial,8
34836,ghostphace,166,Samurai 7,8
59273,ZoNiX88,1356,Hokuto no Ken 2,9
1260789,Galvayra,40532,Appare-Ranman!,5
388159,SynapticRelay,3958,Kannagi,7
632537,Koerich,898,Dragon Ball Z Movie 05: Tobikkiri no Saikyou tai Saikyou,7
304368,Tollemark,6958,Hyakko Extra,7
408234,kevin26exe,10080,Kami nomi zo Shiru Sekai II,8
15727,kusoleon,23755,Nanatsu no Taizai,8
308709,Vjun,245,Great Teacher Onizuka,8
910285,Raizei_Noblesse,8246,Naruto: Shippuuden Movie 4 - The Lost Tower,7
107901,Clairvoyance,36896,Boku no Hero Academia the Movie 1: Futari no Hero,10
1139409,masterguam,18295,Kakumeiki Valvrave 2nd Season,10
119717,CSRED,268,Golden Boy,10
505050,gdisc,8918,Princess Lover! OVA,5
1288885,capua123,10721,Mawaru Penguindrum,7
1067503,Xefar,13125,Shinsekai yori,7
429034,Antheias,10050,Macross F Music Clip Shuu: Nyankuri,9
366231,yuuki0310,1535,Death Note,7
40668,thispear,904,Dragon Ball Z Movie 11: Super Senshi Gekiha!! Katsu no wa Ore da,1
79562,spychu,18229,Gatchaman Crowds,8
57725,warewood,644,Hachimitsu to Clover Specials,8
341851,WickedFrey,519,Mahoraba: Heartful days,10
89712,arava,226,Elfen Lied,10
490613,Sakuhane,3577,Kyouran Kazoku Nikki,5
415673,KiraKira12,552,Digimon Adventure,10
375133,rhuber81,3457,Vampire Knight,9
10106,Hias,1709,Pokemon: Mewtwo! Ware wa Koko ni Ari,5
1184901,wer0,2904,Code Geass: Hangyaku no Lelouch R2,10
1147809,Kagenui,109,Bakuretsu Tenshi,6
448919,Kakateo,9379,Denpa Onna to Seishun Otoko,3
365680,speedfreek19,5228,Initial D Extra Stage 2,8
719107,TakashiUsui,10568,Kamisama no Memochou,9
431130,ConfirmDeletion,28623,Koutetsujou no Kabaneri,9
15352,BlackCrayon,61,D.N.Angel,7
1205585,Gratock,10067,Angel Beats! Another Epilogue,7
428797,SphereHorse,239,Gankutsuou,6
466772,MixedWithMadness,1195,Zero no Tsukaima,8
1066245,bu-kkake,13203,Lupin the Third: Mine Fujiko to Iu Onna,9
438418,bahsa10,9989,Ano Hi Mita Hana no Namae wo Bokutachi wa Mada Shiranai.,9
408723,Yuphie,8247,Bleach Movie 4: Jigoku-hen,8
731791,JollyJoint,4382,Suzumiya Haruhi no Yuuutsu (2009),7
3169,Sasa,997,Bishoujo Senshi Sailor Moon S: Kaguya-hime no Koibito,6
418283,ultimainferno,97,Last Exile,8
66476,Chachamaru-san,335,Matantei Loki Ragnarok,10
368192,daisukeniwa7,1546,Negima!?,8
515067,Timotahh,11285,Black★Rock Shooter (TV),8
369238,htdepaula,12673,Papa no Iukoto wo Kikinasai!: Pokkapoka,8
754161,Caerglad,7465,Eve no Jikan (Movie),10
1054863,salmikakkonen,36474,Sword Art Online: Alicization,6
1237679,burr33tzu,1379,Kino no Tabi: The Beautiful World - Nanika wo Suru Tame ni - Life Goes On.,7
295576,SenSkythe,68,Black Cat (TV),8
385131,SiegeFairy,1575,Code Geass: Hangyaku no Lelouch,7
517473,MSilby,23283,Zankyou no Terror,7
95810,LordShaithan,15687,Chuunibyou demo Koi ga Shitai! Lite,10
454321,Valkrie,9289,Hanasaku Iroha,10
1100223,manunesf,2952,Final Fantasy VII: Advent Children Complete,8
439397,suitonkaton,11111,Another,8
9787,Kaorukia,451,InuYasha Movie 3: Tenka Hadou no Ken,8
890155,Hermit666,268,Golden Boy,9
81971,Genix,32901,Eromanga-sensei,8
547469,ScottOtaku2050,391,Tales of Phantasia The Animation,9
100036,GenoFox,2251,Baccano!,9
345288,Nao_V,38000,Kimetsu no Yaiba,8
73910,Arathas,19647,Hajime no Ippo: Rising,8
375026,straykatinacity,23317,Kuroshitsuji: Book of Murder,10
68255,staticcole,1604,Katekyo Hitman Reborn!,9
41329,LocoRon,1218,Tonagura!,3
345385,NympheOinone,4472,Lucky☆Star: Original na Visual to Animation,6
297377,ApexEchelon,9724,Break Blade Movie 5: Shisen no Hate,10
301919,TriforceF,1566,Koukaku Kidoutai: Stand Alone Complex - Solid State Society,8
360398,SnowWhiteReaper,4898,Kuroshitsuji,8
93392,kaizer11,5690,Nodame Cantabile: Finale,8
23231,sofia_,898,Dragon Ball Z Movie 05: Tobikkiri no Saikyou tai Saikyou,8
422548,Sachiko_sama19,46,Rurouni Kenshin: Meiji Kenkaku Romantan - Ishinshishi e no Chinkonka,7
18335,SwiftShadow,11359,Dragon Ball Kai: Mirai ni Heiwa wo! Goku no Tamashii yo Eien ni,8
319070,Yin_onee-san,6793,"Kuroshitsuji: Sono Shitsuji, Kougyou",10
1254243,lifestream_,18857,Ore no Imouto ga Konnani Kawaii Wake ga Nai. Specials,4
424215,KazumaSaru,6547,Angel Beats!,9
445376,Topozera,39199,Katsute Kami Datta Kemono-tachi e,8
96057,rareshadow,668,Koi Koi 7,7
74946,Jadenik,1119,Pokemon Movie 04: Celebi Toki wo Koeta Deai,6
418645,MerelyPlayers,6007,Ookami to Koushinryou II: Ookami to Kohakuiro no Yuuutsu,8
332235,dreadlipe,2993,Rosario to Vampire,5
1260847,Ougi,12753,Phi Brain: Kami no Puzzle - Orpheus Order-hen,7
317009,Yayuri,34712,Kujira no Kora wa Sajou ni Utau,7
534915,Isoshi,10161,No.6,9
5272,FreaKaZ,1336,Kyoushoku Soukou Guyver II,8
1194185,iKimberlyyL,20457,"Inari, Konkon, Koi Iroha.",8
87007,Arissa,1726,Devil May Cry,8
369610,Sindel,4214,Rosario to Vampire Capu2,6
530463,ainky,38528,Quanzhi Fashi III,7
19749,Reinhart,317,Final Fantasy VII: Advent Children,8
1053545,christine190498,35459,Boku no Hero Academia: Training of the Dead,7
67664,Respectican,2251,Baccano!,8
310678,JessChan,845,Kiba,7
367259,Firoruru,8769,Ore no Imouto ga Konnani Kawaii Wake ga Nai,8
354856,fiveta,182,Tenkuu no Escaflowne,7
57072,Maugus,3572,Macross F,8
28848,Tankjan,413,Hametsu no Mars,2
331148,Sokolcr,1089,Macross: Do You Remember Love?,8
1121283,zeratoo,135,Hikaru no Go,7
90771,F1andre_Scar1et,14829,Fate/kaleid liner Prisma☆Illya,9
338131,Omegacwb101,2923,Shugo Chara!,8
1285015,okaerii,9253,Steins;Gate,10
69069,ShadowRasengan89,21,One Piece,9
1255363,Durrk,4382,Suzumiya Haruhi no Yuuutsu (2009),6
2656,Marcus,594,Naruto: Takigakure no Shitou - Ore ga Eiyuu Dattebayo!,7
526157,yuucchan,11843,Danshi Koukousei no Nichijou,9
545925,Laharlt,15809,Hataraku Maou-sama!,5
448646,woahitsraj,11771,Kuroko no Basket,9
680705,Fishqt,22189,Futsuu no Joshikousei ga [Locodol] Yattemita.,8
87712,kezman,31964,Boku no Hero Academia,8
1060297,lucasandrier,2001,Tengen Toppa Gurren Lagann,8
429819,mebod,32937,Kono Subarashii Sekai ni Shukufuku wo! 2,9
118806,SickeninglySweet,4021,Seiyou Kottou Yougashiten: Antique,7
365959,xbleuhorizonx,189,Love Hina,7
1097627,bokunoblackguy,949,Top wo Nerae! Gunbuster,6
388982,KenjiHateme,5507,Senjou no Valkyria,10
371041,Slashwrists,412,Kore ga Watashi no Goshujinsama,6
53514,Benny1,934,Higurashi no Naku Koro ni,9
60866,Tohma,7953,Defend Love,6
98690,Jone___,2508,Genshiken 2,9
113473,Remik,1482,D.Gray-man,9
425683,chrisj92,2251,Baccano!,8
428759,haxeri,11013,Inu x Boku SS,10
1118325,Morfessa,4181,Clannad: After Story,9
361318,Meteore,32182,Mob Psycho 100,7
407779,Misafir,8129,Kuragehime,7
558275,Fluffaroo,11633,Blood Lad,7
12713,Racchan,5085,Nakedyouth,10
1265561,HellscytheWX,4280,Kara no Kyoukai Movie 4: Garan no Dou,10
377588,lawragatajar,42310,Cyberpunk: Edgerunners,6
481642,CoolandGayTony,199,Sen to Chihiro no Kamikakushi,10
444062,duemmli,39468,Honzuki no Gekokujou: Shisho ni Naru Tame ni wa Shudan wo Erandeiraremasen,6
1196859,daety,1087,Kimagure Orange☆Road,9
50934,Yincira,270,Hellsing,5
19905,denimcatfish,45,Rurouni Kenshin: Meiji Kenkaku Romantan,8
393083,Zahara,52446,Kaiko sareta Ankoku Heishi (30-dai) no Slow na Second Life,9
317853,draken-llyod,4181,Clannad: After Story,10
29976,Popetaco,894,Dragon Ball Z Movie 01: Ora no Gohan wo Kaese!!,7
99497,SonMati,9982,Fairy Tail OVA,7
355842,OriginsofSpirits,759,Tokyo Godfathers,8
304240,Shanghai,34494,Sakura Quest,5
402884,Universal_SheeP,8841,Kore wa Zombie desu ka?,7
43866,HxVb,2129,True Tears,8
1271093,timsnake,33,Kenpuu Denki Berserk,4
65796,ZweihanderSteve,28701,Fate/stay night: Unlimited Blade Works 2nd Season,6
481133,GribTheBest,9041,IS: Infinite Stratos,4
438048,frenzzy,248,Ichigo 100%,7
512329,MilfZord,801,Koukaku Kidoutai: Stand Alone Complex 2nd GIG,7
433368,MrMax3D,7079,Ookamikakushi,10
1128247,Wyattearpp,8407,Sora no Otoshimono Forte,7
65853,Gigg44,81,Kidou Senshi Gundam: Dai 08 MS Shoutai,8
1100045,icewater007,10800,Chihayafuru,8
71259,hyro010,2236,Toki wo Kakeru Shoujo,9
493022,noj,1121,Pokemon Movie 06: Nanayo no Negaiboshi Jirachi,5
1551,lostleader,853,Ouran Koukou Host Club,10
526679,ChibiSaya,37089,Cherry & Gal's↑↑,8
66352,Sagary,861,xxxHOLiC,7
333632,TsubasaGen,486,Kino no Tabi: The Beautiful World,10
315744,pyroburner,1568,Sumomomo Momomo: Chijou Saikyou no Yome,7
411908,Sicx,37799,Tokyo Ghoul:re 2nd Season,6
479133,Saidryian,2969,Appleseed Saga Ex Machina,8
66155,Ryuukikun,8630,Hidan no Aria,8
110965,keiko_,11241,Brave 10,7
714479,Lost_Dweller,9926,Sekaiichi Hatsukoi,7
387972,livingdeadash,19703,Kyousou Giga (TV),7
325272,Sunkeener,395,Gantz 2nd Stage,9
16405,sweet_sasuke,243,Gravitation,10
879993,Aardvarkgodx,22535,Kiseijuu: Sei no Kakuritsu,10
336129,Guzva,10079,Hoshizora e Kakaru Hashi,8
405593,Menori,11241,Brave 10,5
1108239,Altonate,23311,Garo: Honoo no Kokuin,8
326780,Candy-Chan,2753,Ushiro no Shoumen Daare,10
504767,Mishilda,849,Suzumiya Haruhi no Yuuutsu,10
1240237,Animagetali,43,Koukaku Kidoutai,4
386963,Yuki-Crys-Toby,1744,Wagamama☆Fairy Mirumo de Pon!,7
511992,everkite,14345,Btooom!,7
16402,Ashas,10163,C: The Money of Soul and Possibility Control,7
53529,arashinews,1278,Bishoujo Senshi Sailor Moon SuperS Gaiden: Ami-chan no Hatsukoi,8
1086803,gutierres500,24765,Gakkougurashi!,7
6297,FlaGeOleT,2787,Shakugan no Shana II (Second),9
91127,Solbadguy0083,3927,Kidou Senshi Gundam 00 Second Season,9
1096241,JuiceOnTheLoose,10863,Steins;Gate: Oukoubakko no Poriomania,7
89519,lizzehb,2899,Higurashi no Naku Koro ni Special: Nekogoroshi-hen,5
55422,brand929,153,Juuni Kokuki,8
9194,Evadoll,11111,Another,8
456674,oldfag1996,8536,Fortune Arterial: Akai Yakusoku,5
342832,Hydrazine,11757,Sword Art Online,8
1228569,HydroKirby,37141,Hataraku Saibou,8
48860,skaldir,886,Amaenaide yo!! Katsu!!,7
480369,BlazorHeson,6512,Nyan Koi!,8
312919,TheMolezor,14467,K,7
569469,poofly,317,Final Fantasy VII: Advent Children,10
322586,AnimeFreak4Life,90,Shin Kidou Senki Gundam Wing,9
30523,Firemonkey5,953,Juu Ou Sei,6
473534,artusamak96,918,Gintama,10
10651,mrmin123,3358,Kure-nai,7
64453,agresywna_zelka,3655,Nabari no Ou,10
702585,Nemisa,9253,Steins;Gate,6
1227003,BrownSwaqq,1575,Code Geass: Hangyaku no Lelouch,8
341568,dszx,11981,Mahou Shoujo Madoka★Magica Movie 3: Hangyaku no Monogatari,8
11982,drklrd,102,Aishiteruze Baby★★,9
529745,Smores,7338,Darker than Black: Kuro no Keiyakusha Gaiden,10
293867,ThisIsLandon,28171,Shokugeki no Souma,10
343982,Hanamiusagi,3359,Amatsuki,9
116880,Bevarii,759,Tokyo Godfathers,9
499913,mat1234,2144,Naruto Movie 3: Dai Koufun! Mikazuki Jima no Animaru Panic Dattebayo!,9
298118,NormanMayder,93,Kidou Senshi Gundam SEED,10
69418,demondude777,3784,Evangelion: 2.0 You Can (Not) Advance,9
384062,isdkmhdm,849,Suzumiya Haruhi no Yuuutsu,9
404715,helel_b,34662,Fate/Apocrypha,6
539011,nail46,427,Kaleido Star,5
73946,Niksilp,49776,Kumichou Musume to Sewagakari,10
473747,Excellentastic,11757,Sword Art Online,10
77556,kurokage,1614,Captain Tsubasa: Road to 2002,8
436296,Penguinator,4106,Trigun: Badlands Rumble,9
1224979,Orlaithe,8768,Hiyokoi,7
607355,Nokimemota,2563,Aria the OVA: Arietta,10
557853,otakulineage,11741,Fate/Zero 2nd Season,9
343064,kuroblackbird,5079,Kurokami The Animation,9
31096,Mylet,1311,Chobits Recap,8
25358,burningSunset,30705,Makura no Danshi,7
387979,NekoBlackCat,1690,Bokura no,7
3151,psycrow,320,A Kite,6
42634,lokpole,3467,Nogizaka Haruka no Himitsu,8
294386,Xalathal,1619,Negima!? Haru Special!?,7
15125,Feka,45,Rurouni Kenshin: Meiji Kenkaku Romantan,7
475677,GoddessOfApples,9366,Kaichou wa Maid-sama!: Omake da yo!,9
1265647,xzybq2,9510,Mitsudomoe Zouryouchuu!,9
310693,GhibliFanatic94,10521,Working'!!,7
559647,Natsusama,21603,Mekakucity Actors,3
417816,EishunK,71,Full Metal Panic!,8
1094065,HimekoTachibana,27991,K: Return of Kings,8
310140,jc_reborn,18661,Kamisama Hajimemashita OVA,9
524337,Tweedledum,1535,Death Note,9
32066,Zind,19051,Imouto Paradise! 2,4
477145,Nyerp,39533,Given,7
501837,YRadzi,405,Blood: The Last Vampire,7
325035,SirCrocodile,3102,Kateikyoushi no Oneesan The Animation: H no Hensachi Agechaimasu,8
1083597,Shifteen,28981,Ame-iro Cocoa,2
118139,kurama75,58,Blue Gender,7
473801,Mzero,12365,Bakuman. 3rd Season,8
454301,ayanesayu,476,Ginban Kaleidoscope,6
555167,Beepee,2752,Tennis no Oujisama: Zenkoku Taikai-hen - Semifinal,7
115920,Ryosuke-Forever,10294,Towa no Quon 1: Utakata no Kaben,7
1251845,sampool,10897,Boku wa Tomodachi ga Sukunai: Yaminabe wa Bishoujo ga Zannen na Nioi,6
484215,ZakuroBanana,21561,Ryuugajou Nanana no Maizoukin,5
1238501,araade,935,Witchblade,7
24251,Thespi,379,Heppoko Jikken Animation Excel♥Saga,9
79907,KurisuZ,28497,Rokka no Yuusha,8
530657,xKumorix,1535,Death Note,7
370942,avid,32189,Danganronpa 3: The End of Kibougamine Gakuen - Mirai-hen,6
512135,BFlorry,40060,BNA,9
309295,silkhat,355,Shakugan no Shana,4
393214,eversong,59,Chobits,7
505168,keripo,15315,Mondaiji-tachi ga Isekai kara Kuru Sou desu yo?,8
356165,Flo_Od,3702,Detroit Metal City,9
28895,LonelyGhost,355,Shakugan no Shana,8
1238837,DigiorPoke,1606,Kekkaishi,9
53337,syan,569,Musekinin Kanchou Tylor,3
1265361,carboncopy,15201,Code Geass: Boukoku no Akito 4 - Nikushimi no Kioku kara,8
1095013,lookmeimawesome,1735,Naruto: Shippuuden,8
1078033,thiagottjv,2927,KimiKiss Pure Rouge,10
754441,Shannthunder,4382,Suzumiya Haruhi no Yuuutsu (2009),8
424740,Illidan,20583,Haikyuu!!,9
569739,Hamcake,4181,Clannad: After Story,10
88055,Ephie,14829,Fate/kaleid liner Prisma☆Illya,8
446769,n8_infl8,10067,Angel Beats! Another Epilogue,9
41516,azie,232,Cardcaptor Sakura,10
434068,Curraj,918,Gintama,9
374554,articseahorse,9254,Mianhada Saranghanda,7
320492,karin70,934,Higurashi no Naku Koro ni,10
1100091,vazkro,1821,Guren,7
6264,edwarx,31145,Code Geass: Boukoku no Akito 3 - Kagayaku Mono Ten yori Otsu Picture Drama,5
1425,BlueHaro,196,Onegai☆Twins,5
532137,sskai,21,One Piece,8
394285,Deustoff,37491,Gintama.: Shirogane no Tamashii-hen - Kouhan-sen,8
61442,Soul_Star,11633,Blood Lad,9
485731,Kusanagi_Lemur,11061,Hunter x Hunter (2011),5
63579,ihaw89f,469,Karin,9
548241,GreatZar,8426,Hourou Musuko,7
291498,phoenix_0510,962,Aria the Natural,8
319738,cogielusz,1459,Uchuu no Kishi Tekkaman Blade,8
8730,LunarCry,3751,Sekai Meisaku Douwa: Mori wa Ikiteiru,8
20335,Whimsical,1324,Earthian,7
381146,YuureiOokami,2961,Digimon Adventure Movie,7
547797,Katekarin,3713,Jigoku Shoujo Mitsuganae,10
7259,shunny,771,Ginyuu Mokushiroku Meine Liebe Wieder,7
77597,MrWall,855,Strawberry Panic,8
79857,animeman2,5039,Kurozuka,8
486659,Jarc,5081,Bakemonogatari,7
6982,lostnyanko,24861,Akaoni to Aooni no Tango,5
360955,shadowworld,6956,Working!!,7
112777,Zloan,142,Kamikaze Kaitou Jeanne,6
1245639,RibbonHead,240,Genshiken,8
478299,naruseme,11355,"Kono Danshi, Uchuujin to Tatakaemasu.",9
333137,DastKun,6895,Hakuouki,9
46919,numptylol,1607,Venus Versus Virus,9
299505,AnIiTwInK3,8857,Nichijou: Nichijou no 0-wa,10
23182,liorchampion,543,Vampire Hunter D (2000),9
504874,Joprimo,9751,Strike Witches Movie,7
425108,Shounin,2904,Code Geass: Hangyaku no Lelouch R2,10
1163883,Dedcall,8241,Rio: Rainbow Gate!,7
482007,knightisa,4382,Suzumiya Haruhi no Yuuutsu (2009),10
833237,Wizzum,36633,Date A Live III,5
1122291,JustinDesu,9074,Arakawa Under the Bridge x Bridge,8
1207489,JohnLennon80,4999,Asu no Yoichi!,7
332252,Troy89,1827,Seirei no Moribito,7
1235871,ExcelFX,1691,Kaze no Stigma,10
8823,AnimeNut72,199,Sen to Chihiro no Kamikakushi,7
75365,serenadez,205,Samurai Champloo,7
485626,Cyrage,33337,ACCA: 13-ku Kansatsu-ka,7
389472,xxcchaosxx,13377,Recorder to Randoseru Re♪,8
511267,1Anime,32023,Bubuki Buranki,8
434785,KaelSierra,25681,Kamisama Hajimemashita◎,9
1132101,Jaydemort,325,Peach Girl,5
47273,Peace_Maker,6,Trigun,9
503041,otakudepressivo,17949,The Everlasting Guilty Crown,7
475921,Kyomay,39463,Gleipnir,7
292369,petyll,898,Dragon Ball Z Movie 05: Tobikkiri no Saikyou tai Saikyou,10
755199,runesque,4722,Skip Beat!,5
498064,bewiggedrogue,31646,3-gatsu no Lion,9
583299,deidara552,20,Naruto,8
727227,Athrion,5682,Phantom: Requiem for the Phantom,6
96026,Baibh,17082,Aiura,6
588139,NecroSoldier,986,Dragon Ball Z Special 1: Tatta Hitori no Saishuu Kessen,10
636239,Rednecked_Crake,6,Trigun,7
514698,vinca,327,Puchi Pri*Yucie,6
5209,TheKeeper,210,Ranma ½,9
1260027,ShaRinneTensei,3503,Kanokon,6
350742,Candynova,13655,Little Busters!,6
55642,sayur50,30123,Akagami no Shirayuki-hime,8
372280,Silver_Fives,28851,Koe no Katachi,10
1232879,ChrnoHanazawa,2398,Digimon Adventure 02: Diablomon no Gyakushuu,6
103007,Scarlethill,9510,Mitsudomoe Zouryouchuu!,8
73515,kusanagiryu,28999,Charlotte,4
107905,riuuzaki,15323,One Piece: Episode of Nami - Koukaishi no Namida to Nakama no Kizuna,10
1060677,bumblebeee,202,Wolf's Rain,7
86089,Kane40,8516,Baka to Test to Shoukanjuu Ni!,9
446007,Omegadark,1723,Clannad Movie,8
307122,v93,2001,Tengen Toppa Gurren Lagann,9
380680,MANU4EVER,4722,Skip Beat!,7
491691,ToumeiAnswer,16782,Kotonoha no Niwa,10
562783,NymphetamineGal,345,Eikoku Koi Monogatari Emma,9
445701,DrNock,41266,Bessatsu Olympia Kyklos,8
81114,Silberkralle,5,Cowboy Bebop: Tengoku no Tobira,7
337662,bajisci,9000,Toaru Hikuushi e no Tsuioku,8
55422,brand929,30276,One Punch Man,9
1060071,Valaraucar,240,Genshiken,8
504013,Haribo-,8479,Hetalia World Series,9
476658,Remonalx,23281,Psycho-Pass 2,7
111598,jonnerloller,2508,Genshiken 2,7
1185727,RearAdmiral,4872,Goku Sayonara Zetsubou Sensei,7
497515,Midvalley,1462,Memories,7
745355,Rukaxd,8211,Dance in the Vampire Bund: Special Edition,9
507004,youaremyyymuse,9656,Kimi ni Todoke 2nd Season,8
360420,Dorkus,10794,IS: Infinite Stratos Encore - Koi ni Kogareru Rokujuusou,7
103281,vsv993,29093,Grisaia no Meikyuu: Caprice no Mayu 0,8
446841,Killahz,5667,To LOVE-Ru OVA,8
17318,smoan,293,Di Gi Charat,9
468959,tralalala,5356,Canaan,8
519461,kibokaze,7472,Gintama Movie 1: Shinyaku Benizakura-hen,7
1126563,DynamicNeglect,199,Sen to Chihiro no Kamikakushi,10
410229,Laugun,1530,Kanon (2006),7
68398,padrion,5507,Senjou no Valkyria,8
506617,Erikuutia,11887,Kokoro Connect,7
105115,SWAsp1,38656,Darwin's Game,7
1105025,hypertower,11771,Kuroko no Basket,7
962467,tor18,563,DNA²,5
1193757,crazy888,31933,JoJo no Kimyou na Bouken Part 4: Diamond wa Kudakenai,9
90968,Ilysia,1096,Kidou Keisatsu Patlabor 2 the Movie,3
1106059,Derr1,2993,Rosario to Vampire,9
113870,chinadrum,493,Armitage III: Poly-Matrix,5
106980,anime4ronin,379,Heppoko Jikken Animation Excel♥Saga,6
494550,Chatkovski,597,Neko no Ongaeshi,8
1077475,JokerxHisoka,23319,"Suisei no Gargantia: Meguru Kouro, Haruka",7
947209,lunalangel,6811,InuYasha: Kanketsu-hen,8
22512,happystopwatch,3613,Toshokan Sensou,7
54878,sensi,10396,Ben-To,8
23202,Yopee,5682,Phantom: Requiem for the Phantom,9
487504,SiegWahrheit,355,Shakugan no Shana,7
614757,rafea,8248,Soukou Kihei Votoms: Case;Irvine,7
380844,mintyfresh135,4722,Skip Beat!,6
94490,Alabama,241,Girls Bravo: First Season,8
567195,megaCRASHstar,756,School Days ONA,7
403136,Shunsuke,230,Air Master,1
25320,AegisTyr,2027,Wind: A Breath of Heart Specials,4
2507,wjxxhulka66n6,39535,Mushoku Tensei: Isekai Ittara Honki Dasu,10
60494,nx6,885,Tenshi no Tamago,7
418598,animeowner,121,Fullmetal Alchemist,10
476496,Ytsb9,47,Akira,8
4734,RedGriff,64,Rozen Maiden,3
490148,Aresto,19855,Nobunagun,4
101891,fhs,1530,Kanon (2006),7
113271,nibuku,147,Kimi ga Nozomu Eien,7
1252629,sasahara_n,40778,Planetarian: Snow Globe,9
87715,ambiance214,789,Shinigami no Ballad.,4
103608,BCHelix,2905,Ikkitousen: Dragon Destiny Specials,4
501749,Kurocore,33080,Brotherhood: Final Fantasy XV,5
299795,Quimera,30279,Yuru Yuri San☆Hai!,8
303223,Pandaonsweets,1469,Monster Farm: Enbanseki no Himitsu,9
490853,emes,20767,Noragami OVA,9
291988,Tuel,6172,Layton Kyouju to Eien no Utahime,8
60581,Unnamed,60,Chrno Crusade,5
509275,Bre-chan,5762,15 Bishoujo Hyouryuuki,10
1223521,explosive_art,9736,Astarotte no Omocha!,7
37972,toom12,1575,Code Geass: Hangyaku no Lelouch,9
1115357,Jak113,34599,Made in Abyss,9
340568,FumbDuckie,6749,Tennis no Ouji-sama: The Band of Princes Film Kick the Future,8
114580,theangel_adam,8,Bouken Ou Beet,9
13057,Marmot,2759,Evangelion: 1.0 You Are (Not) Alone,9
450459,Nimluf,6325,Naruto: Shippuuden Movie 3 - Hi no Ishi wo Tsugu Mono,6
454202,Lara-chan,14749,Ore no Kanojo to Osananajimi ga Shuraba Sugiru,7
24661,Yomi-,76,Mahou Shoujo Lyrical Nanoha,10
567727,manma,433,"Kumo no Mukou, Yakusoku no Basho",10
392395,glink,3269,.hack//G.U. Trilogy,6
318137,Kitty_,2472,Naruto: Shippuuden Movie 1,7
335038,TheChoedanKal,2890,Gake no Ue no Ponyo,7
315332,pseudo_persona,857,Air Gear,8
14619,DrSleep,1726,Devil May Cry,9
1257143,ulquiorra_94,356,Fate/stay night,8
979257,anamaterasu,13469,Hyouka: Motsubeki Mono wa,7
102776,wintry_eve,431,Howl no Ugoku Shiro,10
290364,Pavvl0,7248,Top wo Nerae! Gunbuster Specials,8
80293,Takala,1813,Genshiken OVA,7
71370,shinji007,304,Aa! Megami-sama! Movie,8
358246,linnaes,36308,Blade Runner: Black Out 2022,8
336717,yoite-,17513,Diabolik Lovers,6
1197325,kaoscj,32407,Clockwork Planet,3
502592,MiniMoose-kun,5648,Bouken Shite mo Ii Koro,5
377899,Red_Roses,10490,Blood-C,6
1123069,Dodgers20,19489,Little Witch Academia: Mahoujikake no Parade,8
1176503,Kima-ore,3081,Attacker You!,7
100465,Tensuke,37095,"Violet Evergarden: Kitto ""Ai"" wo Shiru Hi ga Kuru no Darou",6
297094,delico,17267,Futari wa Milky Holmes,5
452690,TripleSun,9919,Ao no Exorcist,10
482522,dai0017,68,Black Cat (TV),8
433914,cheriee,11123,Sekaiichi Hatsukoi 2,10
1058071,Naussicaa,9135,Fullmetal Alchemist: The Sacred Star of Milos,7
1107651,Avieline,4059,"Clannad: Mou Hitotsu no Sekai, Tomoyo-hen",9
333967,avil,31646,3-gatsu no Lion,7
414262,thegenuinebbuck,66,Azumanga Daiou The Animation,8
451497,Alcadio,12753,Phi Brain: Kami no Puzzle - Orpheus Order-hen,7
471082,blackmyin,49926,Kimetsu no Yaiba: Mugen Ressha-hen,8
37364,ArcAne77,2034,Lovely★Complex,10
4107,reluctantshadow,627,Major S1,8
388377,Kotona,44881,100-man no Inochi no Ue ni Ore wa Tatteiru 2nd Season,7
371024,suixdream,10076,Kämpfer für die Liebe,5
508722,Corr,18679,Kill la Kill,9
39156,steel_seraph13,2236,Toki wo Kakeru Shoujo,9
347293,lukeww123456,264,Hajime no Ippo: Champion Road,10
365283,ThinkEric,908,Fullmetal Alchemist: Premium Collection,5
707047,UnmeiNoShugosha,9515,Highschool of the Dead: Drifters of the Dead,7
761929,krzysio012,9936,Maken-Ki!,8
454301,ayanesayu,22,Tennis no Oujisama,9
1229395,Gatordude731,35249,Uma Musume: Pretty Derby,6
465926,Keo_,5530,Pandora Hearts,7
26856,kippei-san,8190,Nodame Cantabile: Finale OVA,9
385249,splicer,1535,Death Note,9
454039,joe720,1818,Claymore,8
375748,XploadX,225,Dragon Ball GT,10
362102,AnnOoOoS,22319,Tokyo Ghoul,6
119,Phony2,26443,Triage X,7
1128595,sisgood,5114,Fullmetal Alchemist: Brotherhood,10
1212009,kako_san,8068,Kuroshitsuji Picture Drama,7
19151,toxn,6,Trigun,10
891105,LoveforAnime,15411,Arcana Famiglia: Capriccio - stile Arcana Famiglia,9
311213,SoraKinomoto,429,Kaleido Star: Legend of Phoenix - Layla Hamilton Monogatari,8
326524,Ginger_Bastard,227,FLCL,10
441005,Cielescha,9857,Bakusou Kyoudai Let's & Go Special,7
396929,Kobra81,189,Love Hina,10
114439,temu-chan,2744,Potemayo,8
37619,lougux,4181,Clannad: After Story,8
94427,Vistbeyond,225,Dragon Ball GT,6
291816,Reevs,28025,Tsukimonogatari,8
563657,Shadowran,869,Slayers Return,6
111200,Miburo,1575,Code Geass: Hangyaku no Lelouch,10
1204887,Recalls2006,10155,Dog Days,8
307114,LLHayate-Kun,14131,Girls & Panzer,9
65358,staluxa,5162,Minami-ke Okaeri,8
407166,AlissonKuran,2768,CLAMP in Wonderland 2,6
445819,atmega32,4896,Umineko no Naku Koro ni,10
348659,w323,1292,Afro Samurai,6
449558,Zeaaa,13535,Binbougami ga!,8
392057,TheSilverSky,1535,Death Note,10
1134779,pandara,4181,Clannad: After Story,10
471145,Momoka-hime,149,Loveless,6
491702,Yertle,257,Ikkitousen,7
551375,soyexkai,19685,Kanojo ga Flag wo Oraretara,10
45307,dragystyle,126,Futakoi Alternative,7
1127797,SimplyLego,12531,Sakamichi no Apollon,8
385129,maver1k_XVII,3407,Blassreiter,9
302386,AncientPC,34280,Gamers!,7
380096,Caboose0,6178,Pokemon Movie 12: Arceus Choukoku no Jikuu e,8
56107,Ar-Pharazon,857,Air Gear,8
9212,unholyghost,25839,Bonjour♪Koiaji Pâtisserie,4
544013,katcomm,34618,Blend S,6
2301,shoftee,192,Love Hina Haru Special: Kimi Sakura Chiru Nakare!!,5
327700,blueboy,269,Bleach,8
643687,dominguti,15689,Nekomonogatari: Kuro,9
381927,Toffee,4654,Toaru Majutsu no Index,8
51760,Captain_Mya,323,Mousou Dairinin,10
1086845,Altimit89,24765,Gakkougurashi!,7
14049,Tsumi-tan,228,Jigoku Shoujo,8
1209001,NegativeQuestion,32901,Eromanga-sensei,6
1214585,Shanafag,346,W: Wish,4
373606,amoralez007,2924,ef: A Tale of Memories.,10
1266845,TormentX,9260,Kizumonogatari I: Tekketsu-hen,9
55499,haroaddik,226,Elfen Lied,8
382498,Zhaleiron,189,Love Hina,7
1257229,alkafy,578,Hotaru no Haka,9
107181,NattyCdb,31580,Ajin,10
79377,NumbNuts,32998,91 Days,10
70787,YuUTSUKi,3782,Kara no Kyoukai Movie 2: Satsujin Kousatsu (Zen),7
508825,larevolucion,6164,Aoi Hana,6
67115,Tachii,28735,Shouwa Genroku Rakugo Shinjuu,8
406437,Satorikomeiji,855,Strawberry Panic,2
64869,anticryste,1827,Seirei no Moribito,10
644597,GodHimselfx100,6347,Baka to Test to Shoukanjuu,9
420175,meroco,8364,Crayon Shin-chan Movie 12: Arashi wo Yobu! Yuuhi no Kasukabe Boys,7
760,rubberluffy,47,Akira,7
537123,Shaoran-Li,17641,Date A Live: Date to Date,8
411399,Palegate,2581,Kidou Senshi Gundam 00,8
23243,yuujuu,35120,Devilman: Crybaby,8
363549,Tezalac,457,Mushishi,7
418760,Kiayin,7647,Arakawa Under the Bridge,9
1082991,serachan,2251,Baccano!,7
457647,eyxi,5597,Natsu no Arashi!,5
734401,octal9,2202,Waga Seishun no Arcadia,9
67638,Twiggl,11103,Busou Shinki Moon Angel,6
102759,the_shade,263,Hajime no Ippo,8
1114629,5qu1rr3l,4063,Sekirei,7
395359,Purinsesu_Usagi,33988,Demi-chan wa Kataritai,7
400408,Sekacnap,268,Golden Boy,10
33547,Tedbaxter,800,NieA Under 7,7
416794,Dear_Hunter,8074,Highschool of the Dead,9
33612,yumiche,195,Onegai☆Teacher,7
38139,Ichinose,3359,Amatsuki,6
1053527,Nayel,11013,Inu x Boku SS,9
86515,chinagurl84,60,Chrno Crusade,10
292051,ckank,10162,Usagi Drop,7
702505,Sputnick,34414,Nanbaka 2,7
497766,MaryAnPopis,4437,Naruto: Shippuuden Movie 2 - Kizuna,6
106372,TMultimate,2581,Kidou Senshi Gundam 00,9
385471,Antecedent,4224,Toradora!,6
74179,Marrick,536,Slayers: The Motion Picture,6
23383,Kyr_Stormcaller,81,Kidou Senshi Gundam: Dai 08 MS Shoutai,8
54902,Kreator,270,Hellsing,9
527555,oy-tsukki,4181,Clannad: After Story,8
85772,homovillain,34599,Made in Abyss,8
335712,poong,514,Cossette no Shouzou,9
511677,Nemui_Nyx,6634,Sengoku Basara Ni,9
75122,spiralkinder,1530,Kanon (2006),9
1078589,NekoDeathRebel,12531,Sakamichi no Apollon,10
1126045,SunakoHime,771,Ginyuu Mokushiroku Meine Liebe Wieder,7
1135751,scary1,7674,Bakuman.,8
369763,IllumiZ,2581,Kidou Senshi Gundam 00,6
717855,superllaine,32282,Shokugeki no Souma: Ni no Sara,10
1224419,strope,32,Neon Genesis Evangelion: The End of Evangelion,8
25632,Novembred,20,Naruto,8
331699,Zeelox,8449,Togainu no Chi,5
569673,Melanon,1482,D.Gray-man,7
19555,Akito,7054,Kaichou wa Maid-sama!,6
93375,player88,846,School Rumble Ni Gakki,8
485814,Karburator,9253,Steins;Gate,10
94267,Marusu03,35823,Demi-chan wa Kataritai: Demi-chan no Natsuyasumi,9
1223923,sonylp,8425,Gosick,7
314301,ElWizeGuy,26349,Danna ga Nani wo Itteiru ka Wakaranai Ken,7
389620,ya_email,11981,Mahou Shoujo Madoka★Magica Movie 3: Hangyaku no Monogatari,10
508722,Corr,9656,Kimi ni Todoke 2nd Season,9
314790,piu-piu,177,Tsubasa Chronicle,8
385885,peacets46,22147,Amagi Brilliant Park,9
372940,deadnigt,15583,Date A Live,9
329923,jforjason,2986,Bamboo Blade,8
361648,midori-pyon,9213,Kowarekake no Orgel,4
530071,beaverly,11785,Haiyore! Nyaruko-san,1
454723,icravemanga,1050,Bobobo-bo Bo-bobo,1
72477,crescens,20787,Black Bullet,9
1214707,Acceleration1990,1482,D.Gray-man,9
113870,chinadrum,61,D.N.Angel,7
1208385,illya123,9834,Level E,8
559279,Nersian,37450,Seishun Buta Yarou wa Bunny Girl Senpai no Yume wo Minai,9
71104,Angell,1047,On Your Mark,10
63020,Snfreweh,199,Sen to Chihiro no Kamikakushi,10
681489,RavenLockhart,11266,Ao no Exorcist: Kuro no Iede,8
27078,Paradoxxum,22319,Tokyo Ghoul,8
792807,hikari_no_yume,36317,Gaikotsu Shotenin Honda-san,9
348237,Amamiya_Yuuko,1575,Code Geass: Hangyaku no Lelouch,10
93674,fullerenedream,585,Mimi wo Sumaseba,9
473256,cerorie,1887,Lucky☆Star,8
62624,Kaijai_Shizuma,167,Scrapped Princess,7
998153,Winters,196,Onegai☆Twins,7
456996,DIMM10,37510,Mob Psycho 100 II,10
481948,zNE,985,Dragon Ball Z Special 2: Zetsubou e no Hankou!! Nokosareta Chousenshi - Gohan to Trunks,8
13230,LunarCharm,237,Koukyoushihen Eureka Seven,9
373411,cabbitsu,16353,Love Lab,7
116782,IvoryPostcards,5525,07-Ghost,8
945831,HairlessItalian,10779,Eroge! H mo Game mo Kaihatsu Zanmai,1
321085,illfamous,205,Samurai Champloo,8
418868,schneekristall,227,FLCL,8
41329,LocoRon,40591,Kaguya-sama wa Kokurasetai? Tensai-tachi no Renai Zunousen,7
502777,SeerofWords,49828,Kidou Senshi Gundam: Suisei no Majo,8
106313,ChronicZetsubou,14353,Death Billiards,8
492783,AtumDes,462,One Piece Movie 04: Dead End no Bouken,10
42262,jdeadeye,23327,Space☆Dandy 2nd Season,8
465,bloody,355,Shakugan no Shana,10
72804,Ryouichi,72,Full Metal Panic? Fumoffu,9
24626,Rae,10408,Hotarubi no Mori e,8
292369,petyll,8934,Star Driver: Kagayaki no Takuto,7
412440,mushrumi,37779,Yakusoku no Neverland,10
1203367,VectorJon,2216,Shigurui,5
87492,manymoose,18679,Kill la Kill,10
1103253,Trigun3003,2034,Lovely★Complex,8
64207,provalone,5781,Isekai no Seikishi Monogatari,8
500261,Nyyx,1060,Oruchuban Ebichu,8
337494,Zazu42,39026,Dumbbell Nan Kilo Moteru?,8
6480,magentaanbu,6098,Sora no Manimani,8
406608,dachii,41433,Akudama Drive,5
298674,pludel,257,Ikkitousen,8
501114,Fizi4,17741,Kimi no Iru Machi,8
119217,shinzou,34148,Nyanko Days,6
9649,Lumielle,32526,Love Live! Sunshine!!,6
544919,Berker51,31580,Ajin,7
62507,Agnor,270,Hellsing,8
96653,lainwood,10067,Angel Beats! Another Epilogue,6
90717,ronoa,779,Detective Conan Movie 01: The Timed Skyscraper,8
38299,Eltargrim,53111,Dungeon ni Deai wo Motomeru no wa Machigatteiru Darou ka IV: Fuka Shou - Yakusai-hen,8
55833,Mushi,1535,Death Note,8
22537,BusterBlader126,3297,Aria the Origination,8
423955,mayx_vigne,9591,Code Geass: Hangyaku no Lelouch R2 Omake Flash,9
48148,Ragnara,7647,Arakawa Under the Bridge,8
360918,waf,5955,Toaru Majutsu no Index-tan,8
372886,Prenc,853,Ouran Koukou Host Club,10
1187253,otakuthon,235,Detective Conan,8
311509,pudding-head,12049,Fairy Tail Movie 1: Houou no Miko,6
346797,daehyun,23133,M3: Sono Kuroki Hagane,7
380838,ceilingotaku,4224,Toradora!,9
1050049,genericanimu,1696,Murder Princess,6
305561,jdelvall,44,Rurouni Kenshin: Meiji Kenkaku Romantan - Tsuioku-hen,10
697675,ZorrdaFRseDo,2593,Kara no Kyoukai Movie 1: Fukan Fuukei,8
463162,Nekomander,450,InuYasha Movie 2: Kagami no Naka no Mugenjo,7
472199,Nyanda,31580,Ajin,4
435955,noolan_d,16,Hachimitsu to Clover,9
496587,jj026,68,Black Cat (TV),6
514949,Rigardo1,10798,Un-Go,8
751003,Hansom,145,Kareshi Kanojo no Jijou,9
404239,erza_scarlet01,7791,K-On!!,10
835083,apalagi,3297,Aria the Origination,10
425467,sps89,17895,Golden Time,8
395095,DesiHeart,119,Final Approach,7
84003,Racaholic,8769,Ore no Imouto ga Konnani Kawaii Wake ga Nai,6
38777,Melanchthon,1965,Sola,8
1065421,nakanoben,33280,Gochuumon wa Usagi desu ka?? Dear My Sister,9
298373,GodComplexed,10800,Chihayafuru,9
995475,ragwinner,14093,Pokemon Best Wishes! Season 2,7
366193,EvoBeardy,864,Kidou Senshi Gundam SEED MSV Astray,8
497201,BrainPatology,2131,Bokusatsu Tenshi Dokuro-chan 2,10
304328,sasorinor,38101,5-toubun no Hanayome,8
1239875,2DAdvocate,6746,Durarara!!,5
1278807,Johnny110391,10163,C: The Money of Soul and Possibility Control,6
2316,Lance_McCloud,1,Cowboy Bebop,7
100238,_Asriel_,405,Blood: The Last Vampire,8
333595,rosalba,30187,Sakurako-san no Ashimoto ni wa Shitai ga Umatteiru,8
7541,rron1993,7088,Ichiban Ushiro no Daimaou,8
540483,rereynaldo,5,Cowboy Bebop: Tengoku no Tobira,9
98799,AFMinoru,641,Ichigo 100% Special 2,8
383057,luismartins19,21,One Piece,9
518291,bvrjke,430,Fullmetal Alchemist: The Conqueror of Shamballa,9
390442,YukinaNei,25839,Bonjour♪Koiaji Pâtisserie,4
955769,Morgion,11111,Another,6
1138795,YourSoul,9181,Motto To LOVE-Ru,8
361091,Evil_Urameshi,883,Yuu☆Yuu☆Hakusho: Meikai Shitou-hen - Honoo no Kizuna,9
1093433,Jukshou,5342,Asura Cryin',7
325705,DarthBeskar,3927,Kidou Senshi Gundam 00 Second Season,9
1174863,Dodicin,1535,Death Note,7
452664,JPXero,14397,Chihayafuru 2,10
560877,CrashWest,2001,Tengen Toppa Gurren Lagann,9
493505,noe1324,6702,Fairy Tail,9
1224165,demisa91,6811,InuYasha: Kanketsu-hen,9
1146443,abbudao,28297,Ore Monogatari!!,8
504630,InuzukaHyuuga,237,Koukyoushihen Eureka Seven,10
304457,KafarPL,14719,JoJo no Kimyou na Bouken (TV),7
415885,Mitsukistar,37458,Kyoto Teramachi Sanjou no Holmes,9
74676,Dim16,8795,Panty & Stocking with Garterbelt,7
434121,Zakurya,2508,Genshiken 2,6
413440,pengejohn,10030,Bakuman. 2nd Season,10
1072471,Yami-,2404,Zombie-Loan,4
82111,guyklc,6773,Shakugan no Shana III (Final),6
343328,Nervmanz,241,Girls Bravo: First Season,5
347964,Enein,874,Digimon Tamers,7
1236259,Arigoya,44511,Chainsaw Man,7
1104569,rudi93,4975,ChäoS;HEAd,7
502877,Barkoss,7088,Ichiban Ushiro no Daimaou,8
1127865,Deadsanto123,28999,Charlotte,9
691249,Krakolio,34497,Death March kara Hajimaru Isekai Kyousoukyoku,4
981351,DormantMind,21185,Baby Steps,8
504226,bonedoggey,30743,Kanadian Families: Episode Zero,6
4117,cardslash02,101,Air,9
58361,CMYui,16782,Kotonoha no Niwa,8
340823,wulfenkind,30276,One Punch Man,10
84118,KaNo-ReN,1119,Pokemon Movie 04: Celebi Toki wo Koeta Deai,8
563183,tanukinosekai,36950,Yuragi-sou no Yuuna-san OVA,5
506114,HansDevX,40483,Murenase! Seton Gakuen,7
953905,kira_619,12049,Fairy Tail Movie 1: Houou no Miko,10
1203189,Dimme,2759,Evangelion: 1.0 You Are (Not) Alone,8
474617,sn0w,34240,Shelter (Music),9
1208261,roxas3,3297,Aria the Origination,8
8041,GoodSoft,101,Air,10
991545,KingLitho,9074,Arakawa Under the Bridge x Bridge,8
534965,BP25,14227,Tonari no Kaibutsu-kun,8
318219,HaZz4rD,889,Black Lagoon,8
843959,pepek112,121,Fullmetal Alchemist,10
41725,prusyxaustria,10197,Nyanpire The Animation,7
329004,ghfdhjd,2167,Clannad,5
36538,thunderbolt3,2390,Hoshi no Kirby,7
112102,Rederrik,433,"Kumo no Mukou, Yakusoku no Basho",9
950737,7hehunter,1,Cowboy Bebop,9
436008,Shatik666,270,Hellsing,8
16958,twisteda,330,Midori no Hibi,7
291168,Sihachi,13835,Marimo no Hana: Saikyou Butouha Shougakusei Densetsu,2
8873,aripls,553,Yami no Matsuei,7
63782,doji_mozg,1303,The Animatrix,8
385503,just2skillf00l,7724,Shiki,8
507640,Sebast_Ritsu,34382,Citrus,6
21407,Chamcham,71,Full Metal Panic!,8
573427,JenniferShin,23847,Yahari Ore no Seishun Love Comedy wa Machigatteiru. Zoku,10
472878,marciodesaf,42203,Re:Zero kara Hajimeru Isekai Seikatsu 2nd Season Part 2,10
89472,Bynio,6287,Akikan!: Kan Ippatsu!? Onsen Panic,6
540601,deathray797,28907,"Gate: Jieitai Kanochi nite, Kaku Tatakaeri",8
2321,maiki,1119,Pokemon Movie 04: Celebi Toki wo Koeta Deai,7
486670,Alchey,11433,Ano Natsu de Matteru,8
1080727,L95,2129,True Tears,10
368290,Diaxminde,6773,Shakugan no Shana III (Final),9
1091947,ReMinoer,37510,Mob Psycho 100 II,9
95777,goldenspines,6444,Tegamibachi,8
92636,PixelBandit,1546,Negima!?,8
1197597,Gildar,6594,Katanagatari,9
111278,EscargotPudding,1050,Bobobo-bo Bo-bobo,8
298861,AmuletMoonlight,3457,Vampire Knight,8
74966,Sgt_Grobinov,790,Ergo Proxy,9
66762,ayanya,330,Midori no Hibi,6
425045,benjaryu,35843,Gintama.: Porori-hen,10
376037,yvaN_ehT_nioJ,10794,IS: Infinite Stratos Encore - Koi ni Kogareru Rokujuusou,8
555475,AirMaster,9756,Mahou Shoujo Madoka★Magica,8
521329,m42a,8217,Jewelpet Twinkle☆,3
346314,tariel36,35082,Hibike! Euphonium Movie 2: Todoketai Melody,7
1251,Rutle,390,Suzuka,10
24157,boku,10800,Chihayafuru,8
416362,Neonzzz,6171,Saint Seiya: The Lost Canvas - Meiou Shinwa,7
466701,-anime_fan-,2904,Code Geass: Hangyaku no Lelouch R2,10
39129,falloutgal,10408,Hotarubi no Mori e,7
1051151,Pell1999,15775,Saint☆Oniisan,6
65331,bank-Ultima,90,Shin Kidou Senki Gundam Wing,8
95789,Kalxandore,3090,Aa! Megami-sama! Tatakau Tsubasa,8
424216,nemo08,23755,Nanatsu no Taizai,8
356852,OdysseusUlysses,469,Karin,7
1153177,chaos_ash,6880,Deadman Wonderland,8
576655,ThestrikeFreedom,12119,Natsu-iro Kiseki,10
1941,kenzoil,3381,Fushigi no Umi no Nadia Omake Gekijou,7
342899,zaibatsu,4654,Toaru Majutsu no Index,7
383001,DarksveN,32542,Sakamoto desu ga?,7
1106283,syllerz,7590,Mayoi Neko Overrun!,7
447198,darkaniken2,813,Dragon Ball Z,8
461590,CloudLiss,38481,Toaru Kagaku no Railgun T,8
16028,su2uyAt0hzuk1,38671,Enen no Shouboutai,7
361763,bananabm,24439,Kekkai Sensen,7
93525,AetheR21,405,Blood: The Last Vampire,8
321848,Nafets,3901,Baccano! Specials,8
72957,tvesrb,226,Elfen Lied,10
42423,Maruda,8769,Ore no Imouto ga Konnani Kawaii Wake ga Nai,8
403704,ewaneline,18689,Diamond no Ace,5
511568,fishbutts,710,Rec,5
490195,vespertilio,437,Perfect Blue,9
496019,defteame,4224,Toradora!,7
554631,Magnifique,31173,Akagami no Shirayuki-hime 2nd Season,7
1084405,cspost,7054,Kaichou wa Maid-sama!,8
306922,tukurai,1691,Kaze no Stigma,8
434937,luffydesper,4196,Ikkitousen: Great Guardians,8
556719,ozuosoroshii,1955,Kimagure Robot,5
17519,Rasmus,5258,Hajime no Ippo: New Challenger,7
1099869,sorachan7,33352,Violet Evergarden,8
538357,Maxxa,2593,Kara no Kyoukai Movie 1: Fukan Fuukei,10
53166,Luaine,1889,Higurashi no Naku Koro ni Kai,9
432498,Clix,4080,Kyou kara Maou! 3rd Series,5
324580,Beelze,469,Karin,10
374532,FemHedoScience,889,Black Lagoon,8
290058,Maximusplus,25013,Akatsuki no Yona,7
14734,Julianna,10719,Boku wa Tomodachi ga Sukunai,7
291652,AniseTsuki,2923,Shugo Chara!,10
332208,Julia-59,1575,Code Geass: Hangyaku no Lelouch,8
2069,dizzygear,118,El Hazard 2: The Magnificent World,8
32390,tokko,1067,Kishin Houkou Demonbane (TV),7
436,Katsuki,51015,Piplup Step,6
1105083,MistRCaboose,228,Jigoku Shoujo,8
319977,DarkChaosx1,6922,Fate/stay night Movie: Unlimited Blade Works,9
222,Notrik,906,Dragon Ball Z Movie 13: Ryuuken Bakuhatsu!! Gokuu ga Yaraneba Dare ga Yaru,9
68381,adawhatta3,469,Karin,7
491707,k3v00,27821,Fate/stay night: Unlimited Blade Works Prologue,9
576565,itwasratedarrgh,4898,Kuroshitsuji,7
388829,Mima-Chan,1210,NHK ni Youkoso!,7
11612,evesdropper,28623,Koutetsujou no Kabaneri,6
783281,AlexSouffle,20583,Haikyuu!!,8
337067,Igneus,901,"Dragon Ball Z Movie 08: Moetsukiro!! Nessen, Ressen, Chougekisen",8
4622,k3nsh1n,512,Majo no Takkyuubin,8
729407,ireonayo,6707,Kuroshitsuji II,4
1093751,pioufalex,35120,Devilman: Crybaby,8
1132949,Chamon,849,Suzumiya Haruhi no Yuuutsu,7
1052127,mbronca,16918,Gin no Saji,8
442645,9nl0dutch,904,Dragon Ball Z Movie 11: Super Senshi Gekiha!! Katsu no wa Ore da,7
332870,brookhaven,12565,Fate/Prototype,8
467413,trektaku,191,Love Hina Christmas Special: Silent Eve,10
468223,tynapie,1887,Lucky☆Star,10
1144751,Gvts,40351,Pokemon (2019),5
419052,vegettossj,6547,Angel Beats!,8
1256093,Sarius23,10357,Jinrui wa Suitai Shimashita,8
1196363,ShroomDoom,6336,Kidou Senshi Gundam Unicorn,7
1114805,Seija,4186,Koukaku no Regios,7
1260741,kimovis,23333,DRAMAtical Murder,7
299740,Tenshi1990,537,Tekken,5
474122,Alan_FB,11235,Amagami SS+ Plus,7
23408,zefiriss,34798,Yuru Camp△,9
74535,asasababoon,2963,Minami-ke,7
418377,ArchAngelNana,1482,D.Gray-man,8
384699,kopparberg,9723,Hakuouki: Hekketsuroku - Kyoto Kaisouroku,8
82261,Keitava,5341,Ookami to Koushinryou II,9
553799,9Clawtiger,34494,Sakura Quest,10
555893,roronoa187,41433,Akudama Drive,8
100511,CrimsonWingX,317,Final Fantasy VII: Advent Children,9
388622,Northen_Lights,11531,Un-Go: Inga-ron,8
97334,imperius,8841,Kore wa Zombie desu ka?,5
1254779,idkzx,2787,Shakugan no Shana II (Second),8
773557,Christina706,9513,Beelzebub,5
1226205,Hayashii,15809,Hataraku Maou-sama!,7
1240457,TheDarkEnvoy,3848,"One Piece Movie 09: Episode of Chopper Plus - Fuyu ni Saku, Kiseki no Sakura",5
1203677,zu0raz,21,One Piece,9
118640,Keirik,4181,Clannad: After Story,9
6995,Kaze,355,Shakugan no Shana,8
35978,prettynpink194,1710,Rockman.EXE,8
83330,Inn0cenceKillz,60,Chrno Crusade,7
400416,mephisto89,1889,Higurashi no Naku Koro ni Kai,9
1269445,Mercuriade,13585,Natsuyuki Rendezvous,9
89141,i-am-boss,28891,Haikyuu!! Second Season,9
428702,MatsumaruDX,8557,Shinryaku! Ika Musume,9
6539,sturider,15437,"Kore wa Zombie desu ka? of the Dead: Hai, Minotake ni Attemasu",10
416124,KyosTsubasa,3225,Minami-ke Okawari,7
1067197,tatabox,387,Haibane Renmei,9
412884,tomaspol,38656,Darwin's Game,8
503707,Tsuruga_Ren,13535,Binbougami ga!,8
15794,gknight,241,Girls Bravo: First Season,5
37011,Frost-Fusion,21185,Baby Steps,8
19986,Mino,340,Mutsu Enmei Ryuu Gaiden: Shura no Toki,7
405312,Torahest,1698,Nodame Cantabile,9
491072,darkangelbb,269,Bleach,9
586875,Ze0nite,621,Night Walker: Mayonaka no Tantei,7
362406,LordSeru,8331,Detective Conan Magic File 4: Osaka Okonomiyaki Odyssey,7
63392,windrider,467,Koukaku Kidoutai: Stand Alone Complex,10
103214,Lunabius,97,Last Exile,7
53926,saikou,223,Dragon Ball,10
291401,idolsensei07,10793,Guilty Crown,7
479105,penguinpen0r,3342,Mnemosyne: Mnemosyne no Musume-tachi,7
518985,nakanohara,223,Dragon Ball,7
382208,afroboy,1827,Seirei no Moribito,8
1265185,Rowlina,7674,Bakuman.,10
1199951,PenguinDust,297,Grenadier: Hohoemi no Senshi,6
93894,Schlaym,9074,Arakawa Under the Bridge x Bridge,9
514562,FLCLBuZz,35079,Kino no Tabi: The Beautiful World - The Animated Series,8
80105,mayfair2012,6864,xxxHOLiC Rou,7
13203,Rahkshilord,2078,Landlock,6
23374,kmarple1,16608,Shitcom,1
1052817,JillianSuou,16934,Chuunibyou demo Koi ga Shitai! Kirameki no... Slapstick Noel,6
444098,sebmr2,36456,Boku no Hero Academia 3rd Season,6
507754,Akuma-chi,40911,Yuukoku no Moriarty,5
107268,tin_min,1535,Death Note,10
309032,huntereuz,240,Genshiken,10
77184,iluvbacon610,22297,Fate/stay night: Unlimited Blade Works,8
1221801,Dana_tiger,10810,Pucca (TV) 2nd Season,5
15947,LunarEcho,37991,JoJo no Kimyou na Bouken Part 5: Ougon no Kaze,6
93780,Smudgeous,893,Dragon Ball Movie 4: Saikyou e no Michi,7
360621,Uriku1,2167,Clannad,10
9854,ssraid,1703,Tokyo Tribe 2,6
1103679,Mirado,1351,Angel Cop,3
501972,Mikki13,15687,Chuunibyou demo Koi ga Shitai! Lite,6
16340,3v1l-53N1N,34280,Gamers!,10
27065,Fased,14669,Aura: Maryuuin Kouga Saigo no Tatakai,7
95320,MadsWare,41623,Isekai Maou to Shoukan Shoujo no Dorei Majutsu Ω,6
99574,efrenmax,760,Tenjou Tenge: The Past Chapter,7
473405,hikariisan,531,Bishoujo Senshi Sailor Moon R: The Movie,7
373706,KrauserIV,15565,Maken-Ki! Two,4
54391,Dang58,66,Azumanga Daiou The Animation,9
475349,Claypuppet,23273,Shigatsu wa Kimi no Uso,9
306854,Kintoki666,265,Hajime no Ippo: Mashiba vs. Kimura,10
477769,PaulGandarf,5177,Denpa-teki na Kanojo,10
433167,aoihoshinokita,7674,Bakuman.,8
8882,edwassas,10213,Maji de Watashi ni Koi Shinasai!,3
63615,Nara-Sama,6922,Fate/stay night Movie: Unlimited Blade Works,4
100128,mm-megan,1482,D.Gray-man,9
1156305,silverone2000,35180,3-gatsu no Lion 2nd Season,7
1080639,Last_Order,19685,Kanojo ga Flag wo Oraretara,7
1255379,Radio_Active_Man,45,Rurouni Kenshin: Meiji Kenkaku Romantan,9
45111,azurekatsu,36882,Arifureta Shokugyou de Sekai Saikyou,6
383299,poff,11837,Zetman,9
1086721,THEint3r4ct,11751,Senki Zesshou Symphogear,8
331845,Eladis10,10092,Break Blade Movie 6: Doukoku no Toride,8
114991,ivi4,3230,Druaga no Tou: The Aegis of Uruk,4
389232,dartq1,152,Solty Rei,7
23947,Manyc,4177,Bounen no Xamdou,9
99817,sys,1210,NHK ni Youkoso!,10
24039,Arkaniet,6372,Higashi no Eden Movie I: The King of Eden,7
77239,BenjoKun,442,Naruto Movie 1: Dai Katsugeki!! Yuki Hime Shinobu Houjou Dattebayo!,7
386964,Crono_Strife,7817,B-gata H-kei,9
1222015,eatenjelly,5680,K-On!,10
501135,Naifs,9750,Itsuka Tenma no Kuro Usagi,7
543293,Bressan,6045,Kimi ni Todoke,7
94394,dlg,3342,Mnemosyne: Mnemosyne no Musume-tachi,6
368423,hellzism,2603,Mushi-Uta,8
441270,leaf-san,4382,Suzumiya Haruhi no Yuuutsu (2009),6
1113959,gfs1,1269,Bio Hunter,7
417150,lowbloodpressure,9656,Kimi ni Todoke 2nd Season,8
1058367,Moobin,2961,Digimon Adventure Movie,7
33698,WhiteMessiah,189,Love Hina,6
68328,Kariston,1625,Soul Link Special,7
488351,RyuKirin,2363,Pokemon Housoukyoku,8
1250467,SVK-Luffy94,226,Elfen Lied,6
520563,odorric,6958,Hyakko Extra,7
337345,kaosrider,250,Konjiki no Gash Bell!!,8
405346,KilroyMcfly,31931,Full Metal Panic! Invisible Victory,6
1619,InoueOrihime,1172,Slayers Try,7
394951,Smosism,15359,Kyousou Giga (2012),8
15306,onkeikun,10444,Digimon Xros Wars: Aku no Death General to Nanatsu no Oukoku,6
111604,dbaranyi,9911,Houkago no Pleiades,7
1195747,Iceyboltz,10798,Un-Go,7
60494,nx6,28285,Trinity Seven: Nanatsu no Taizai to Nana Madoushi,5
104340,zetsuei99,527,Pokemon,8
565105,mario34,1818,Claymore,10
978621,ladydark,997,Bishoujo Senshi Sailor Moon S: Kaguya-hime no Koibito,9
345957,Eabani,34662,Fate/Apocrypha,5
8690,Irythros,48,.hack//Sign,10
1182893,tonlamba,47,Akira,7
432338,Praecedes,28171,Shokugeki no Souma,10
360746,Loweireigh,3167,Eve no Jikan,8
1128733,Rediar52,918,Gintama,10
431049,Taketatsu_55,13125,Shinsekai yori,8
1067663,devildesu,6024,Chi's Sweet Home: Atarashii Ouchi,7
413730,Ari-ari,14075,Zetsuen no Tempest,9
79969,taliesin,3667,Strike Witches,7
1206919,Underskore,38333,Gochuumon wa Usagi desu ka?? Sing for You,6
474548,Sakura02,35849,Darling in the FranXX,8
494302,AnimeTed,34281,High School DxD Hero,8
493898,Itami-san,10638,Denpa Onna to Seishun Otoko: Mayonaka no Taiyou,8
1001687,M-_urder,18397,Shingeki no Kyojin OVA,9
420120,taiin,2938,Idol Densetsu Eriko,7
472205,EvieSigma,2324,Angel Blade,7
339741,halibonga,9493,Dororon Enma-kun Meeramera,6
108919,ylionel,34474,Tsukipro The Animation,7
418166,CallmeRoger,36511,Tokyo Ghoul:re,9
416633,bembi-epta-a-a,7674,Bakuman.,10
92670,A4-F8,1521,Black Jack the Movie,10
1179253,ambie,24151,Ao Haru Ride OVA,7
80307,Wing_Z,5114,Fullmetal Alchemist: Brotherhood,8
73169,Puramu,3228,Zoku Sayonara Zetsubou Sensei,8
49168,natthavat28,5204,Kara no Kyoukai Movie 6: Boukyaku Rokuon,7
309611,kamiikazeheart,1490,Ginga Tetsudou Monogatari,7
369993,SadisticPrincess,110,Chuuka Ichiban!,9
524629,daivix,2476,School Days,8
1068737,Semja,4898,Kuroshitsuji,5
384962,KipRiusaki,38000,Kimetsu no Yaiba,7
419438,Usagi23,11771,Kuroko no Basket,5
343521,Hann1,24455,Madan no Ou to Vanadis,6
474798,sanyesz1,487,Girls Bravo: Second Season,7
1243519,Synate,11005,Holy Knight,3
433699,sehui,6467,Detective Conan Movie 14: The Lost Ship in the Sky,7
495346,Squallyboo,3783,Kara no Kyoukai Movie 3: Tsuukaku Zanryuu,5
57389,MoonedBoots,2150,Tanoshii Muumin Ikka,7
20985,Erulaif_,102,Aishiteruze Baby★★,7
40576,vinton13,32935,Haikyuu!! Karasuno Koukou vs. Shiratorizawa Gakuen Koukou,10
463992,Darkey,1894,Yu☆Gi☆Oh!: Hikari no Pyramid,8
499495,Kurai_Minato,31994,Yami Shibai 3,6
455218,Tsuki-wof,2890,Gake no Ue no Ponyo,9
10668,Trogdor909,2152,Oh! Edo Rocket,8
524133,momoiro_no_comet,11319,Zero no Tsukaima F,7
685441,arczyx,476,Ginban Kaleidoscope,8
499813,TheSardonicist,4181,Clannad: After Story,10
542879,Kouro,889,Black Lagoon,10
494216,BlueFlowers,2236,Toki wo Kakeru Shoujo,9
293888,angeline717,45576,Mushoku Tensei: Isekai Ittara Honki Dasu Part 2,8
476830,OllieCrim,71,Full Metal Panic!,8
469915,FusanosukeFan,6707,Kuroshitsuji II,9
75089,Shanni,12477,Sakasama no Patema,8
1111821,Padders,9062,Angel Beats! Specials,5
1256279,Blooddrunkyaoi,16524,Suisei no Gargantia,8
458126,Keck282,12431,Uchuu Kyoudai,7
350344,Kachu-sama,9724,Break Blade Movie 5: Shisen no Hate,4
357711,GeassForce,530,Bishoujo Senshi Sailor Moon,6
27411,AB6000,3455,To LOVE-Ru,3
401292,NocteDraconis,1689,Byousoku 5 Centimeter,10
354344,SURAIRU,178,Ultra Maniac,8
6710,Kira_Light,21,One Piece,5
102677,miu-ani,133,Green Green,7
364892,WolfPacMT,12549,"Dakara Boku wa, H ga Dekinai.",9
345410,Booou,8129,Kuragehime,9
23780,Shuuji,203,Words Worth,7
56654,tefol,49220,Isekai Ojisan,8
993751,Sang13,2593,Kara no Kyoukai Movie 1: Fukan Fuukei,9
62819,Seventh-Prodigy,38085,Fate/Grand Order: Shinsei Entaku Ryouiki Camelot 1 - Wandering; Agateram,7
312633,BriGuy92,31798,Kiznaiver,6
361582,MindCalamity,5507,Senjou no Valkyria,10
800397,haruko666,6927,Higashi no Eden: Air Communication,10
100085,Wonder,433,"Kumo no Mukou, Yakusoku no Basho",9
472085,kerosenedamage,9062,Angel Beats! Specials,4
436951,mokoslaw,898,Dragon Ball Z Movie 05: Tobikkiri no Saikyou tai Saikyou,9
367236,tardbox,1412,Lupin III,8
374953,Psiqque,543,Vampire Hunter D (2000),10
382545,AlexLamerson,36516,Beatless,6
464309,SunnyDeath,8424,MM!,8
316496,evald34,8577,Aki-Sora: Yume no Naka,5
306547,ARgon273,2001,Tengen Toppa Gurren Lagann,7
332718,Doomay,5205,Kara no Kyoukai Movie 7: Satsujin Kousatsu (Go),10
415286,Typin,12431,Uchuu Kyoudai,10
956933,gams,356,Fate/stay night,9
493600,Antey,35790,Tate no Yuusha no Nariagari,9
412917,rnbwflsh,17391,Senyuu. Specials,4
479742,Mikeiza,4081,Natsume Yuujinchou,8
416600,SuTvVoO,1575,Code Geass: Hangyaku no Lelouch,8
9164,Eri_of_kirael,1719,Rozen Maiden: Ouvertüre,9
6844,Sinspire,2164,Dennou Coil,8
324620,HothMIW,18139,Tonari no Seki-kun,7
380025,Aiyele_Ahiru,27997,Kaitou Tenshi Twin Angel: Kyunkyun☆Tokimeki Paradise!! OVA,2
23138,Crimson7,14283,Vividred Operation,6
301156,foxrain,193,Maburaho,4
359628,Sealclubber,3455,To LOVE-Ru,6
483566,falex,846,School Rumble Ni Gakki,10
512483,Waddle-doo777,53273,JoJo no Kimyou na Bouken Part 6: Stone Ocean Part 3,8
397333,deathmoon06,21561,Ryuugajou Nanana no Maizoukin,8
390909,yellowwolf,1965,Sola,8
367259,Firoruru,195,Onegai☆Teacher,7
360715,GodOxidian,4320,Lupin III: Green vs. Red,8
506902,Senritzu,7655,Major S6,10
401290,Jenkinsas,9919,Ao no Exorcist,9
362910,SaturnReturn,5081,Bakemonogatari,9
1125997,Zash89,1559,Shijou Saikyou no Deshi Kenichi,7
320109,Ekscen,34611,Answer (2016),3
368712,LadyMash,5774,Seitokaichou ni Chuukoku,8
549467,Jagan,10740,Pokemon Movie 14 Black: Victini to Shiroki Eiyuu Reshiram,7
58977,pizazzchica3579,177,Tsubasa Chronicle,6
20799,Zatsugai,13367,"Kono Naka ni Hitori, Imouto ga Iru!",5
367496,ilonaBR,12115,Berserk: Ougon Jidai-hen III - Kourin,10
21356,xochandaox,20931,Oneechan ga Kita,8
480295,snooggins,6573,Darker than Black: Ryuusei no Gemini,7
102393,5618NINgen,159,Boukyaku no Senritsu,6
323773,NHS-KEMISH,900,Dragon Ball Z Movie 07: Kyokugen Battle!! Sandai Super Saiyajin,7
86383,Reo,39491,Psycho-Pass 3,4
5077,shouri,19489,Little Witch Academia: Mahoujikake no Parade,8
22037,cgchebron,7817,B-gata H-kei,7
79814,KatoXIII,430,Fullmetal Alchemist: The Conqueror of Shamballa,5
1072863,FarOutRyeChips,4182,Darker than Black: Kuro no Keiyakusha - Sakura no Hana no Mankai no Shita,1
56279,summer88,38680,Fruits Basket 1st Season,10
10282,Ishmael,6956,Working!!,8
62667,McClain,4447,Detective Conan Movie 12: Full Score of Fear,7
369244,tomaprice,24701,Mushishi Zoku Shou 2nd Season,10
469920,iLLmaticV3,3297,Aria the Origination,7
1083201,Agitarum,12549,"Dakara Boku wa, H ga Dekinai.",8
99687,blagoonga123,5341,Ookami to Koushinryou II,6
73999,CreamyVelvet,593,Mugen no Ryvius,9
88351,Ice-nine,30,Neon Genesis Evangelion,10
1103217,hampedahl,1575,Code Geass: Hangyaku no Lelouch,10
477885,tentaclerape,5819,Tori no Uta,4
370981,Stradivariuss,25537,Fate/stay night Movie: Heaven's Feel - I. Presage Flower,8
1053995,MaxSterling,24231,Hitsugi no Chaika: Avenging Battle,4
34971,Seirath,934,Higurashi no Naku Koro ni,6
291652,AniseTsuki,36862,Made in Abyss Movie 3: Fukaki Tamashii no Reimei,8
41934,ElemenT,6479,Candy Boy Episode: EX02 - Shiawase Kyouyuu Riron,8
49306,jaythegreat,6634,Sengoku Basara Ni,9
85715,zerokill,2251,Baccano!,8
94907,karuhigamiDURV,1818,Claymore,8
301181,soekr,38691,Dr. Stone,10
445276,Pemco,10620,Mirai Nikki (TV),7
80919,ZenZurfer,21,One Piece,8
494470,Knochenherz,32491,Kanojo to Kanojo no Neko: Everything Flows,6
31868,Lasch,2131,Bokusatsu Tenshi Dokuro-chan 2,8
59926,Lariel,3225,Minami-ke Okawari,5
1170219,Magicalduckwitch,20,Naruto,8
19670,Lobsterjohnson,6336,Kidou Senshi Gundam Unicorn,9
1148247,mitojee,420,Spriggan,7
466869,TRBadman,45,Rurouni Kenshin: Meiji Kenkaku Romantan,9
519509,luvis,19951,Hunter x Hunter Movie 2: The Last Mission,8
548453,WolfTicket,5341,Ookami to Koushinryou II,10
71212,Speedycat,1090,Kidou Senshi Gundam I,8
36446,suelee12,9919,Ao no Exorcist,9
295783,Asheria,303,Aa! Megami-sama!: Chichaitte Koto wa Benri da ne,7
293706,Therani,523,Tonari no Totoro,10
306930,-Dest-,147,Kimi ga Nozomu Eien,10
447882,ookamisan,1195,Zero no Tsukaima,6
1067885,Hikarix96,14289,Suki tte Ii na yo.,7
480244,spices,51711,Hyouken no Majutsushi ga Sekai wo Suberu,4
69927,anim3xangel,908,Fullmetal Alchemist: Premium Collection,9
1083493,deualei,8740,One Piece Film: Strong World Episode 0,9
29245,mags014,114,Sakigake!! Cromartie Koukou,9
80240,palmtree,355,Shakugan no Shana,6
400676,Adux,32951,Rokudenashi Majutsu Koushi to Akashic Records,7
298344,Maw,2403,Kodomo no Jikan (TV),6
366269,Jubilee-Berri,2201,Pokemon Movie 09: Pokemon Ranger to Umi no Ouji Manaphy,8
6264,edwarx,19669,Kuroko no Basket: Baka ja Katenai no yo!,6
508404,Valdron,9617,K-On! Movie,9
1279355,zmiksa,1606,Kekkaishi,9
380674,theatot,8476,Otome Youkai Zakuro,8
338709,ReapedChaos,1889,Higurashi no Naku Koro ni Kai,10
399893,dicelees,6747,Dance in the Vampire Bund,7
68133,etchel,10163,C: The Money of Soul and Possibility Control,7
311342,mosqqquito,30654,Ansatsu Kyoushitsu 2nd Season,6
1232373,Knightmaretiger,11319,Zero no Tsukaima F,8
334912,FrostedBirdz,512,Majo no Takkyuubin,7
391567,Sellenee,3952,Blue Seed 1.5,8
81450,Hanners,5118,Suzumiya Haruhi-chan no Yuuutsu,8
393123,Nategrey837,4437,Naruto: Shippuuden Movie 2 - Kizuna,6
350413,Reazno,7720,Ookiku Furikabutte: Natsu no Taikai-hen,9
446559,Setolo,63,DearS,7
297127,sakakinoyume,6347,Baka to Test to Shoukanjuu,8
452240,RHxTBK,34321,Fate/Grand Order: First Order,7
377991,HarlockArcadia,2060,Gall Force 1: Eternal Story,5
844297,I_Am_Awesome,587,Hanbun no Tsuki ga Noboru Sora,7
82125,phedran,3002,Gyakkyou Burai Kaiji: Ultimate Survivor,8
37708,yousif,182,Tenkuu no Escaflowne,9
1054763,Tm-1011,781,Detective Conan Movie 03: The Last Wizard of the Century,8
314423,Andziei,14833,Maoyuu Maou Yuusha,9
328043,grandxanth,9253,Steins;Gate,10
1097585,namaenanteiranai,5521,Hayate no Gotoku!!: Atsu ga Natsuize - Mizugi-hen!,9
1051213,Nightquist,12355,Ookami Kodomo no Ame to Yuki,9
429429,Sasoriza,2154,Tekkon Kinkreet,6
482976,Ayu_Ayu05,7791,K-On!!,5
24445,Fr34kYNERD,963,"Love Hina: Motoko no Sentaku, Koi ka Ken... ""Naku na""",8
1263821,ShaoZhen,6702,Fairy Tail,10
105464,Bookworm86,23281,Psycho-Pass 2,7
22638,moose1,11111,Another,8
433279,Yarun_TheGreat,2827,Calimero,6
433011,Skydiver,7593,Kiss x Sis (TV),8
67911,Refia,9656,Kimi ni Todoke 2nd Season,8
324915,Aangelproduction,36470,Tada-kun wa Koi wo Shinai,9
330830,OsirisFael,355,Shakugan no Shana,7
1290883,Hakuracy,8277,Hyakka Ryouran: Samurai Girls,5
3786,Seigi,75,Soukyuu no Fafner: Dead Aggressor,7
447143,belbut,13663,To LOVE-Ru Darkness,8
952147,pitch314,47,Akira,9
345504,amber_fire,1065,Touch,8
408786,nightmalice,21563,Kamigami no Asobi,6
410175,kaclucky,578,Hotaru no Haka,10
1217299,Tongue,37349,Goblin Slayer,3
423356,KratosIrving,7322,Needless+: Saint Lily Gakuen no Himitsu,8
492302,hangnoose,532,Bishoujo Senshi Sailor Moon S,8
300334,fiorae,1654,Kashimashi: Girl Meets Girl - Shoujo wa Shoujo ni Koi wo Shita,6
497571,seba0801,376,"Elfen Lied: Tooriame nite Arui wa, Shoujo wa Ikani Shite Sono Shinjou ni Itatta ka? - Regenschauer",8
598731,istrienielle,33,Kenpuu Denki Berserk,7
84322,jaygirl95,3588,Soul Eater,10
1118449,saltyrainbow,6547,Angel Beats!,9
315704,Blackflame11,762,Bleach: Memories in the Rain,6
114181,kcn1103,12967,Arcana Famiglia,6
89725,jewel22,257,Ikkitousen,9
115504,AbsolvoTe,256,Hoshi no Koe,10
34078,TiElite,19365,Samurai Flamenco,7
37776,book12,1298,Project A-Ko 4: Final,8
11993,Norbi,39681,D4DJ First Mix,5
374039,radical_mess,8795,Panty & Stocking with Garterbelt,7
510944,Taekro,5114,Fullmetal Alchemist: Brotherhood,10
99832,nyu6669,10445,Perfect Day,5
820111,RavenZane,1280,Mamono Hunter Youko,6
68516,Claudius,1689,Byousoku 5 Centimeter,7
118723,aliensite,8841,Kore wa Zombie desu ka?,8
66318,Szual,5114,Fullmetal Alchemist: Brotherhood,9
446249,Columbine_,996,Bishoujo Senshi Sailor Moon: Sailor Stars,7
105025,sorikai,37976,Zombieland Saga,5
65460,slipnaraku,38408,Boku no Hero Academia 4th Season,8
44231,axed_mind,2476,School Days,10
1186783,Trifle,528,Pokemon Movie 01: Mewtwo no Gyakushuu,7
96126,mika9,36038,Net-juu no Susume,7
503401,Hikarinoken,9656,Kimi ni Todoke 2nd Season,8
1216127,Tato97,16067,Nagi no Asu kara,9
502496,SandraLicht,6772,Break Blade Movie 1: Kakusei no Toki,8
338217,dotSlice,11771,Kuroko no Basket,8
9204,xaueious,14741,Chuunibyou demo Koi ga Shitai!,7
1174303,Dexteur,1913,Shonan Junai Gumi!,7
1259927,SangJin,12679,Joshiraku,9
1104665,DimiOdd,356,Fate/stay night,7
612289,edogawa92,11189,Pair,5
1096161,bigfoot13,10719,Boku wa Tomodachi ga Sukunai,8
338696,sid44,14741,Chuunibyou demo Koi ga Shitai!,7
333954,where_are_goats,6444,Tegamibachi,6
20727,Hitsuji-Chan,2963,Minami-ke,8
381226,Slothicans,28851,Koe no Katachi,6
40911,Sou_Sasuke,90,Shin Kidou Senki Gundam Wing,9
501037,Sagarism,9958,Hayate no Gotoku! Heaven Is a Place on Earth,7
8281,kursch,645,Hikaru no Go: Hokuto Hai e no Michi,8
45694,Madreblu,1210,NHK ni Youkoso!,9
991025,TehNamesWong,34881,Aho Girl,8
4134,delxd,30,Neon Genesis Evangelion,9
1203095,Lysette,2236,Toki wo Kakeru Shoujo,9
444483,Digga,1120,Pokemon Movie 05: Mizu no Miyako no Mamorigami Latias to Latios,7
456306,Tenshi9001,31319,12-sai. 2nd Season,7
1261107,neko-yui,8481,"""Bungaku Shoujo"" Memoire",8
1208693,LCSeixas,8937,Toaru Majutsu no Index II,7
107583,Rurushu88,2612,Spoon Oba-san,9
456249,ailve,6347,Baka to Test to Shoukanjuu,6
43640,Kurai_Satsujin,1003,Aa! Megami-sama! (TV) Specials,8
25594,FioriZonta,28447,Shingeki no Bahamut: Genesis - Roundup,3
422846,nicole5355,11933,Oda Nobuna no Yabou,1
26618,CaptainGrammar,369,Boogiepop wa Warawanai,5
1246555,DrumBox,227,FLCL,9
1086979,DieOrYouWillDie,14719,JoJo no Kimyou na Bouken (TV),8
65106,Tye007,8841,Kore wa Zombie desu ka?,8
99957,tKaSian,3090,Aa! Megami-sama! Tatakau Tsubasa,8
8641,meiaminkbell,174,Tenjou Tenge,6
1261335,Pyochin,11703,Code:Breaker,8
508389,leo99,232,Cardcaptor Sakura,10
1111393,thetickcartoon,269,Bleach,9
640173,Siliva,96,Kidou Butouden G Gundam,8
538993,Choubugioxkei,26123,Seitokai Yakuindomo* OVA,5
1186045,lbj205,33731,Gabriel DropOut,7
402376,RadisNoir,8525,Kami nomi zo Shiru Sekai,5
1143063,treylorne,24227,Nisekoi OVA,8
14163,Rimosa,1024,Weiß Kreuz OVA,8
1130943,Vita-Nyan,11061,Hunter x Hunter (2011),10
479742,Mikeiza,34451,Kekkai Sensen & Beyond,8
56085,vlos,384,Gantz,8
505789,Proxy11,2418,Stranger: Mukou Hadan,9
13891,Darkunor,1142,Hachimitsu to Clover II,9
361771,Skyguard,4814,Junjou Romantica 2,9
310309,Kexiu,2025,Darker than Black: Kuro no Keiyakusha,8
680791,NatsuLaSommer,889,Black Lagoon,5
2025,n924,5060,Hetalia Axis Powers,9
500656,Don-Pizza,972,Bible Black Gaiden,6
714387,soul21,857,Air Gear,10
615337,VanXD,6171,Saint Seiya: The Lost Canvas - Meiou Shinwa,10
787077,Shiro_Usagi,49053,Given: Uragawa no Sonzai,7
327788,Miyabe,659,Azumanga Daiou: Gekijou Tanpen,6
99389,Z3r0_G3n3s1s,13331,Jormungand: Perfect Order,7
46781,lonehunter88,2926,Myself; Yourself,9
300800,Mandie08,59,Chobits,10
442646,DuskTraum,31757,Kizumonogatari II: Nekketsu-hen,8
349783,donutsonfire,90,Shin Kidou Senki Gundam Wing,9
443783,Doctor_Q,54,Appleseed (Movie),8
366627,Clem,19951,Hunter x Hunter Movie 2: The Last Mission,8
421643,viewsmart123,8769,Ore no Imouto ga Konnani Kawaii Wake ga Nai,10
290221,Soul_Eraser,934,Higurashi no Naku Koro ni,7
430588,ondskan,13171,Wasurenagumo,8
66148,xboogiex,189,Love Hina,10
72184,AnimeRuleDWorld,4447,Detective Conan Movie 12: Full Score of Fear,6
328003,misaeleagle,36563,Megalo Box,9
398201,-kuroneko-,41574,Guraburu!,6
56723,KaeroSnow,442,Naruto Movie 1: Dai Katsugeki!! Yuki Hime Shinobu Houjou Dattebayo!,6
716925,ktear4,7769,Ookami-san to Shichinin no Nakama-tachi,6
65689,kuronekogirl,3091,xxxHOLiC◆Kei,8
28385,DarkMissingno,1956,Ikkitousen: Dragon Destiny,5
432685,gnxp,33,Kenpuu Denki Berserk,8
410487,ayanami3,1473,City Hunter '91,8
119858,HikaruKaneko,16385,Dog Days'',7
362474,reiseng,17909,Uchouten Kazoku,9
78166,Casinator,33731,Gabriel DropOut,7
324936,thigadasil,22535,Kiseijuu: Sei no Kakuritsu,8
103303,webofdreams89,1535,Death Note,10
338609,Drakogy,30831,Kono Subarashii Sekai ni Shukufuku wo!,7
325220,rin_misami,345,Eikoku Koi Monogatari Emma,7
391667,DanielR,1829,Ged Senki,9
108643,Marukea,156,X,9
1083353,Jeff_Walker,1604,Katekyo Hitman Reborn!,6
1287957,CaesarMJB,32962,Occultic;Nine,5
522839,beni_ben,5507,Senjou no Valkyria,10
344793,LT_Volfield,1292,Afro Samurai,6
291781,noni121,14075,Zetsuen no Tempest,7
1154435,Sir_Knowsalot,990,Kamisama Kazoku,9
337521,howie1987,38573,Tsuujou Kougeki ga Zentai Kougeki de Ni-kai Kougeki no Okaasan wa Suki desu ka?,7
395890,bathory29,474,Macross Plus,9
26751,Cris19,267,Gungrave,10
430603,CaramellNeko,16498,Shingeki no Kyojin,10
358614,LadyRingo,189,Love Hina,8
1096465,KingFiercer,339,Serial Experiments Lain,8
424605,techninja_,4437,Naruto: Shippuuden Movie 2 - Kizuna,8
483829,MiszczSzahuf,356,Fate/stay night,7
24929,scsa20,3974,Tetsuwan Birdy Decode,8
311439,Chiruken,46,Rurouni Kenshin: Meiji Kenkaku Romantan - Ishinshishi e no Chinkonka,7
44534,spinxfr,287,Grappler Baki (TV),7
314283,Sahaal,132,GetBackers,8
347473,mangimewhite,644,Hachimitsu to Clover Specials,8
88054,arreksu88,3588,Soul Eater,7
509824,BohdanBogdan,5593,Dogs: Bullets & Carnage,10
1143215,Yvese,6573,Darker than Black: Ryuusei no Gemini,7
6233,Kubist,1164,Mahou Senshi Louie,7
480909,ehk,9982,Fairy Tail OVA,7
12182,HighBaodur,228,Jigoku Shoujo,10
1213173,Jotax,23619,Haiyore! Nyaruko-san W: W ni Sayonara/Kono Onsen ni Koi no Konton wo,6
1076329,Ixact,11977,Mahou Shoujo Madoka★Magica Movie 1: Hajimari no Monogatari,8
374794,Nesar13,30015,ReLIFE,8
513966,wiak,16668,Kakumeiki Valvrave,6
295331,Kyriasa,35806,"Haikyuu!! vs. ""Akaten""",7
307886,Alby,8101,HenSemi,8
43984,LuminousInverse,3225,Minami-ke Okawari,7
465323,Ronja,405,Blood: The Last Vampire,5
621583,cacah,269,Bleach,10
521459,Toonami,1887,Lucky☆Star,9
60233,fastball611,849,Suzumiya Haruhi no Yuuutsu,7
73558,Kyub_K,2890,Gake no Ue no Ponyo,10
1216915,ArcDrive,1599,Eat-Man '98,8
43640,Kurai_Satsujin,268,Golden Boy,8
406608,dachii,99,Mai-Otome,7
87625,Anthi,177,Tsubasa Chronicle,4
4201,humba,59,Chobits,10
1224471,uppercasemad,963,"Love Hina: Motoko no Sentaku, Koi ka Ken... ""Naku na""",8
291915,Greenmushroom55,4224,Toradora!,10
477433,Feldmarschal,10495,Yuru Yuri,9
24876,jinxo,1015,Full Metal Panic! The Second Raid: Wari to Hima na Sentaichou no Ichinichi,6
430741,Kiur,139,Hunter x Hunter: Greed Island Final,8
1192401,kaiedak,88,Kidou Senshi Gundam F91,8
425423,GuilleSar,5,Cowboy Bebop: Tengoku no Tobira,9
103797,jytx,24455,Madan no Ou to Vanadis,4
39272,bJAM,21,One Piece,10
453914,MysticalPanties,33524,Sakamoto desu ga? Sakamoto deshita?,10
43851,imaweirdo,5630,Higashi no Eden,8
468483,MegaMooseJam2008,2206,Galaxy Angel Music Collection: Shouen to Shien no Cassoulet,7
469879,Deatheater123,482,Yu☆Gi☆Oh! Duel Monsters GX,10
324119,Demonicwrath,431,Howl no Ugoku Shiro,9
536545,AcceleratedWorld,815,Tennis no Oujisama Movie 1: Futari no Samurai - The First Game,7
108427,Ramou,8100,Mardock Scramble: The First Compression,9
1100681,DrAgon25,7711,Karigurashi no Arrietty,8
1109497,ClaireFellix,10357,Jinrui wa Suitai Shimashita,9
344567,Amakegure,4181,Clannad: After Story,8
364444,StuermJ,6573,Darker than Black: Ryuusei no Gemini,8
1204821,dekayshoro,10336,Last Exile: Ginyoku no Fam,8
1109201,Vivekk,31339,Drifters,7
1233551,Shirotaku,25283,Kuusen Madoushi Kouhosei no Kyoukan,7
28895,LonelyGhost,240,Genshiken,9
16689,FreedomFighter,34451,Kekkai Sensen & Beyond,9
429654,ayasaki,5114,Fullmetal Alchemist: Brotherhood,10
307217,-Xell-,1008,Ranma ½: Yomigaeru Kioku,9
295735,nvm,7311,Suzumiya Haruhi no Shoushitsu,10
41375,Sintaku,1691,Kaze no Stigma,7
1228621,Kazuya_Kirishima,1691,Kaze no Stigma,8
292700,Anachronistic,1384,Kyuuketsuhime Miyu,7
304798,sosik102,2001,Tengen Toppa Gurren Lagann,9
543661,OtakuFreak08,270,Hellsing,8
465659,Kenny2k,30544,Gakusen Toshi Asterisk,8
92935,ohtani15,552,Digimon Adventure,9
390720,gracenote,11235,Amagami SS+ Plus,6
312724,MetalFearSolid,548,Wonderful Days,7
424127,SuperBlu,14765,Ixion Saga DT,7
511609,roysunshine,38826,Tenki no Ko,8
50722,kenchan,13939,Accel World EX,9
1264101,RoseWintersong,7,Witch Hunter Robin,9
102447,WakiMiko,13535,Binbougami ga!,7
1112127,D1MoN080890,10087,Fate/Zero,9
90459,Efui,5114,Fullmetal Alchemist: Brotherhood,10
1111491,beedama,3167,Eve no Jikan,8
5834,Ro-Chan,2904,Code Geass: Hangyaku no Lelouch R2,10
364597,SeeU,4550,Hyakko,7
905291,Fotia,2407,Keroro Gunsou Movie 1,7
1212879,yoky_chan,1681,Brave Story,8
72548,YaChanSK,5644,"Sora no Iro, Mizu no Iro Ero Specials",10
45528,Kerlin,6747,Dance in the Vampire Bund,7
90920,Tinkelburg,4437,Naruto: Shippuuden Movie 2 - Kizuna,6
373754,Roy57on,29317,Saenai Heroine no Sodatekata: Ai to Seishun no Service-kai,7
565473,Lunalun,14289,Suki tte Ii na yo.,6
108931,Milliuminator,51019,Kimetsu no Yaiba: Katanakaji no Sato-hen,9
4972,chosuki,396,Seikai no Senki,9
12515,Alexisa09,24833,Ansatsu Kyoushitsu,9
358808,sledgec,384,Gantz,7
645759,Croissant07,13759,Sakura-sou no Pet na Kanojo,10
387185,illiann,478,Sousei no Aquarion,7
531815,blakestar,227,FLCL,9
541333,Squidoriasis,24227,Nisekoi OVA,7
78950,Pyromitsu,4725,Ga-Rei: Zero,8
491125,Ground_zero,431,Howl no Ugoku Shiro,8
1196027,misty-azn,11285,Black★Rock Shooter (TV),8
31291,Soonas,16866,Tonari no Kaibutsu-kun: Tonari no Gokudou-kun,5
512100,marcinos,11701,Another: The Other - Inga,8
437809,FLokster,35427,Animegataris,7
508515,DarkIceHD,29786,Shimoneta to Iu Gainen ga Sonzai Shinai Taikutsu na Sekai,8
407701,animelister101,323,Mousou Dairinin,7
336572,Sachoza,1817,DearS: Kin no Tama desu no?,10
85512,Meganekko_Moe,4382,Suzumiya Haruhi no Yuuutsu (2009),10
41881,WTFwasThat,13659,Ore no Imouto ga Konnani Kawaii Wake ga Nai.,8
29079,pawin35,98,Mai-HiME,7
463672,Demonneo,33050,Fate/stay night Movie: Heaven's Feel - III. Spring Song,10
312119,JV,889,Black Lagoon,7
439865,Tadashi_Daiba,535,Slayers Next,9
476273,WalkinDead7319,7724,Shiki,6
112155,katastra,24,School Rumble,7
43638,stephan2007,230,Air Master,9
490201,MaltirKrimson,356,Fate/stay night,7
1225153,IppoMK,17,Hungry Heart: Wild Striker,9
470049,GinHao,4214,Rosario to Vampire Capu2,9
465627,Infinite,27831,Durarara!!x2 Ten,6
684415,Variouz123,5114,Fullmetal Alchemist: Brotherhood,10
417460,Nubesita,1064,Mazinkaiser,6
1288921,EdBakawaii,11061,Hunter x Hunter (2011),8
370237,Thillygooth,467,Koukaku Kidoutai: Stand Alone Complex,8
540087,Meteorstar,11061,Hunter x Hunter (2011),10
14106,Infernal,18465,Genshiken Nidaime,7
1066693,jessay_n_hugz,50,Aa! Megami-sama! (TV),10
524197,animedude1287,36882,Arifureta Shokugyou de Sekai Saikyou,5
315260,enemylon,6347,Baka to Test to Shoukanjuu,8
79615,WhichOneIsKirk,9919,Ao no Exorcist,7
1118435,Mdoblue,9919,Ao no Exorcist,7
97319,getaklue,1142,Hachimitsu to Clover II,8
94049,DeathPixel,356,Fate/stay night,9
531371,Chrixxx,9367,Freezing,5
728787,Kyusa,9435,Ane Jiru 2 The Animation: Shirakawa Sanshimai ni Omakase,6
56877,ricedout,2904,Code Geass: Hangyaku no Lelouch R2,10
492365,juwlii,235,Detective Conan,10
338823,Aneekes,97,Last Exile,9
39813,AddleBoy,138,Hunter x Hunter: Greed Island,8
1213635,Iggy-in-Boots,10798,Un-Go,10
548179,KellShine,22199,Akame ga Kill!,9
85706,magicas,6793,"Kuroshitsuji: Sono Shitsuji, Kougyou",7
100423,Sima_Yi,1818,Claymore,9
490123,Elsanfus,2221,Aishite Knight,6
39917,porcorosso,1491,Ginga Tetsudou 999,10
343877,iMoonlight,229,Ninin ga Shinobuden,4
435598,Kaddastrophe,2034,Lovely★Complex,7
55428,Shirukii,874,Digimon Tamers,8
474394,Alleck,2025,Darker than Black: Kuro no Keiyakusha,8
428396,Dorobbong,16894,Kuroko no Basket 2nd Season,7
1219169,MisterMista,4725,Ga-Rei: Zero,9
75984,Zafan,1943,Paprika,8
59173,Salva,2164,Dennou Coil,9
40664,dana-i-tachi,1995,Lingerie Senshi Papillon Rose,4
346604,BrakeRemnant,3455,To LOVE-Ru,9
440459,LeSuperSushi,7647,Arakawa Under the Bridge,9
497978,Ryu_Kent,1408,Kao no nai Tsuki,7
483063,gottylol,3627,D.C.II S.S.: Da Capo II Second Season,7
109095,Nalime,1128,UFO Princess Valkyrie 2: Juunigatsu no Yasoukyoku,10
498844,Smirking,1698,Nodame Cantabile,8
15408,Spade,896,Dragon Ball Z Movie 03: Chikyuu Marugoto Choukessen,6
356694,EsraaBelal,11701,Another: The Other - Inga,6
1229807,Right,35848,Promare,7
560283,161,790,Ergo Proxy,8
1263951,Railyn,4472,Lucky☆Star: Original na Visual to Animation,10
484075,asqul,68,Black Cat (TV),10
565861,spectator98,10278,The iDOLM@STER,10
1220073,MisterRare,8630,Hidan no Aria,8
546388,KenJii,3712,Zero no Tsukaima: Princesses no Rondo,8
312285,Aiedaill,61,D.N.Angel,6
50768,simplicio,2787,Shakugan no Shana II (Second),9
355713,supermegasonic,9347,Fortune Arterial: Akai Yakusoku - Tadoritsuita Basho,7
898653,Azzembler,7311,Suzumiya Haruhi no Shoushitsu,8
65393,kintama,426,Final Fantasy,9
1115719,AngelClassEsper,2020,One Piece: Nenmatsu Tokubetsu Kikaku! Mugiwara no Luffy Oyabun Torimonochou,5
420083,IMBECIL,4705,Tengen Toppa Gurren Lagann: Parallel Works,9
323275,Orihara_Izaya,9754,Kuragehime: Eiyuu Retsuden☆,6
110943,ambstrike,27525,Fate/kaleid liner Prisma☆Illya 2wei Herz!,7
107131,Nibji,11617,High School DxD,9
473064,kakalko13,10030,Bakuman. 2nd Season,8
297112,Aloonthar,8676,Amagami SS,10
344445,NumChan,6347,Baka to Test to Shoukanjuu,6
360079,ASLimit,12189,Hyouka,7
487307,GalacticLizard,6064,Higurashi no Naku Koro ni Kai Specials,8
466834,randomnights,2225,Alps no Shoujo Heidi,6
978025,Sora-Shiro,18857,Ore no Imouto ga Konnani Kawaii Wake ga Nai. Specials,8
90140,sakuratears19,1347,Bubblegum Crisis,8
742303,NoodiXD,23199,Durarara!!x2 Shou,1
25542,The_Air,50532,Boku no Hero Academia the Movie 3: World Heroes' Mission - Tabidachi,7
95150,loveconservative,2251,Baccano!,9
1205035,lanuxo,900,Dragon Ball Z Movie 07: Kyokugen Battle!! Sandai Super Saiyajin,10
420130,julciczka,71,Full Metal Panic!,8
1157803,IsabelaB,40417,Fruits Basket 2nd Season,10
469628,rodjo2u,2167,Clannad,9
299907,Grimnoc,22877,Seireitsukai no Blade Dance,9
496105,nikaido-sama,2605,Sayonara Zetsubou Sensei,10
483290,fretka,15809,Hataraku Maou-sama!,9
317995,ddlazebb,900,Dragon Ball Z Movie 07: Kyokugen Battle!! Sandai Super Saiyajin,4
563603,an2kaa,6746,Durarara!!,9
531471,Brecampagnollo,40935,Beastars 2nd Season,8
349458,Rushii,5996,Tennis no Ouji-sama: Oshougatsu Special,6
105997,Relient,21033,Seikoku no Dragonar,5
492105,ichigodaisuki,8331,Detective Conan Magic File 4: Osaka Okonomiyaki Odyssey,8
1278637,tsikusu,8074,Highschool of the Dead,10
445908,deemkla,558,Major S2,8
102693,Stifo,934,Higurashi no Naku Koro ni,8
27135,Piapia,2167,Clannad,8
1288847,Rincen,1887,Lucky☆Star,9
467931,AntsyPuppet,376,"Elfen Lied: Tooriame nite Arui wa, Shoujo wa Ikani Shite Sono Shinjou ni Itatta ka? - Regenschauer",4
372354,shane1step,1454,Kemonozume,7
394345,ridgeleyy,6547,Angel Beats!,7
530909,Phantomtheif,157,Mahou Sensei Negima!,8
291167,rjimenez,17539,Mesu Nochi Torare,5
336009,Thunder-Storm,15039,Ano Hi Mita Hana no Namae wo Bokutachi wa Mada Shiranai. Movie,8
366972,Aerodynamisch,5,Cowboy Bebop: Tengoku no Tobira,8
1052055,Phonoodleman,20031,D-Frag!,9
308321,Belewo,4063,Sekirei,10
310595,Hanayume,6594,Katanagatari,9
409963,hei00101,166,Samurai 7,7
1214521,Marvelees,6880,Deadman Wonderland,7
43098,IvanTheChemist,134,Gunslinger Girl,10
397644,taske665,5341,Ookami to Koushinryou II,8
1263571,Magma__,31163,Dimension W,8
13937,kthree,72,Full Metal Panic? Fumoffu,10
1072451,Mika-Pika,20583,Haikyuu!!,10
580697,wierdowill,1575,Code Geass: Hangyaku no Lelouch,9
51634,beta30,2397,Digimon Adventure: Bokura no War Game!,10
1234073,kt97,37601,Lord of Vermilion: Guren no Ou,4
92896,kumofrostdroid,33948,Hinako Note,8
39288,Jiyuuu,986,Dragon Ball Z Special 1: Tatta Hitori no Saishuu Kessen,7
423008,saadchisty,4789,ef: A Tale of Melodies.,9
1068261,ttsoso,3731,Itazura na Kiss,9
333925,NGeneration,49,Aa! Megami-sama!,10
452151,300000,21939,Mushishi Zoku Shou,10
393863,TheCruel,47,Akira,6
970975,jugulator,205,Samurai Champloo,8
338317,Violet_Raven,5959,Mizugi Kanojo The Animation,10
564581,YokoChanx3,3228,Zoku Sayonara Zetsubou Sensei,10
75451,CruelAngel,4981,Casshern Sins,8
1127505,Dokusai,5343,Monkey Punch: Manga Katsudou Daishashin,10
450190,DooM07,6811,InuYasha: Kanketsu-hen,8
477302,Rexauron,9936,Maken-Ki!,7
345400,MagicRatt,7724,Shiki,9
560933,Ultear,9925,Amagami SS: Tachibana Miya-hen - Imouto,7
1110829,Kirurin,15125,Teekyuu,9
441507,NosferalTroll,10029,Coquelicot-zaka kara,8
1121751,kukimunstir,11111,Another,5
77012,omennemo363,4618,RideBack,7
480109,alexandrevaz,517,School Rumble: Ichi Gakki Hoshuu,9
332358,misterweeb,530,Bishoujo Senshi Sailor Moon,8
382618,ShinsuYavi,32901,Eromanga-sensei,8
97402,qboel,1813,Genshiken OVA,9
524497,highgood399,3455,To LOVE-Ru,8
33410,xLtay,2962,Digimon Adventure 02 Movies,7
291437,fnrl,8457,Yozakura Quartet: Hoshi no Umi,6
474669,thomo78,1735,Naruto: Shippuuden,10
510029,Acura,18689,Diamond no Ace,8
486059,Ded-perded,6372,Higashi no Eden Movie I: The King of Eden,7
738509,CaioCezar1,9919,Ao no Exorcist,8
1117217,ravis51,11771,Kuroko no Basket,4
430631,scythesabre,13601,Psycho-Pass,8
70065,Enigmatica,27775,Plastic Memories,8
426338,sadstones,6880,Deadman Wonderland,6
1083867,damin_knight,10357,Jinrui wa Suitai Shimashita,7
60406,Kaymyu,25567,DRAMAtical Murder: Data_xx_Transitory,7
18757,7up,40748,Jujutsu Kaisen,8
900349,Sultan239,38483,Ore wo Suki nano wa Omae dake ka yo,7
1242585,HikaruKazushime,892,Dragon Ball Movie 3: Makafushigi Daibouken,7
424119,luciuskwok,25835,Shirobako,9
334675,AngelicFantasy,1,Cowboy Bebop,10
1065409,El_Arto,15315,Mondaiji-tachi ga Isekai kara Kuru Sou desu yo?,7
103450,Desabrais,849,Suzumiya Haruhi no Yuuutsu,10
342550,Keitelin,4999,Asu no Yoichi!,8
42681,qtip,14741,Chuunibyou demo Koi ga Shitai!,7
433202,JRYongz,18767,BlazBlue: Alter Memory,7
1183041,TsuchiyaFlavio,9989,Ano Hi Mita Hana no Namae wo Bokutachi wa Mada Shiranai.,10
108540,dlochinski,2782,Fire Emblem,6
1139691,shirozu,16498,Shingeki no Kyojin,10
649735,wordsalad25,1535,Death Note,7
424543,gear_4th,9756,Mahou Shoujo Madoka★Magica,6
376849,Syltty,16067,Nagi no Asu kara,8
365423,HiyuuT,12711,Uta no☆Prince-sama♪ Maji Love 2000%,10
98147,spherecradle,1723,Clannad Movie,8
1214419,snoopy2k,8532,"Katekyo Hitman Reborn! Vongola Family Soutoujou! Vongola Shiki Shuugakuryokou, Kuru!!",7
418732,Kenmei-chan,447,Weiß Kreuz,6
408006,DreamShield,30,Neon Genesis Evangelion,7
319702,adry0,603,Futari wa Precure,8
291708,Bar3oom,6793,"Kuroshitsuji: Sono Shitsuji, Kougyou",7
485366,Ole490,24833,Ansatsu Kyoushitsu,8
1209261,Makosan,21105,Love Stage!!,6
1231283,icyseel,189,Love Hina,8
1223337,Jshway,11617,High School DxD,10
65809,Ma7oN,2119,Captain Tsubasa: Ayaushi! Zen Nihon Jr.,7
368660,Pitosus,15793,Senki Zesshou Symphogear G,6
472657,hayastones,1698,Nodame Cantabile,10
450542,Nyaarlothotep,3667,Strike Witches,2
444213,LilCasmatic,550,Yu☆Gi☆Oh!,6
479817,midori101482,16528,Hal,6
934091,Andiron1,9834,Level E,6
1113435,GoldySup,28391,Ao no Kanata no Four Rhythm,7
370036,mrwiihe,21603,Mekakucity Actors,6
408596,Athish,14227,Tonari no Kaibutsu-kun,10
369190,Carlos-Sakata,269,Bleach,7
108996,Enoia,29785,Jitsu wa Watashi wa,7
493954,Ngen7X,2476,School Days,10
1208183,kuroneko25,121,Fullmetal Alchemist,8
398272,Otaku557,339,Serial Experiments Lain,8
510683,theshizz,50481,"Eiyuuou, Bu wo Kiwameru Tame Tenseisu: Soshite, Sekai Saikyou no Minarai Kishi♀",5
1094135,AibaNyan,14227,Tonari no Kaibutsu-kun,10
1217845,rya11111,57,Beck,9
483466,lithium68,1218,Tonagura!,5
103255,notavail,6574,Hanamaru Youchien,8
346176,SherryLau,32900,Mahouka Koukou no Rettousei Movie: Hoshi wo Yobu Shoujo,7
1221843,M8T0P3,16762,Mirai Nikki: Redial,7
1182541,Ulqiuora,2787,Shakugan no Shana II (Second),8
359990,DecemberCapi,4722,Skip Beat!,9
75928,Kasiek,4918,xxxHOLiC Shunmuki,7
292624,Paiguy,25283,Kuusen Madoushi Kouhosei no Kyoukan,1
439097,SuseriNano,25439,Choboraunyopomi Gekijou Dai Ni Maku Ai Mai Mii: Mousou Catastrophe - Shojo Kuriya,5
104680,Ewok68,11313,Kimi no Iru Machi: Tasogare Kousaten,8
73136,marumete,24765,Gakkougurashi!,9
399796,Alauda,3092,Junjou Romantica,7
439190,garedusan,1535,Death Note,9
503419,Uwrion,1482,D.Gray-man,9
811665,jackrackan,12079,Black★Rock Shooter,5
325427,nekomeariichan,9513,Beelzebub,7
370276,Drizztou,2167,Clannad,6
71066,Darknesss,66,Azumanga Daiou The Animation,9
40986,Nahasaki,4472,Lucky☆Star: Original na Visual to Animation,7
36617,raito-kun,93,Kidou Senshi Gundam SEED,7
357731,diazepunxx,4618,RideBack,7
65571,sakura211,3457,Vampire Knight,10
348315,bollen9,7593,Kiss x Sis (TV),9
723953,Kronusss,21327,Isshuukan Friends.,10
839083,Aywery,6573,Darker than Black: Ryuusei no Gemini,8
1082641,HyrulesOneHope,134,Gunslinger Girl,8
89795,JunoonX,102,Aishiteruze Baby★★,9
5765,Night07,1250,Erementar Gerad,8
11512,B614BAAD8E7A6E10,20,Naruto,7
102060,Sei_chan,228,Jigoku Shoujo,8
492293,ImmortalZero,573,Saber Marionette J,9
369999,chillitsagame,384,Gantz,10
569383,Sayomi-san,901,"Dragon Ball Z Movie 08: Moetsukiro!! Nessen, Ressen, Chougekisen",8
25220,Zycle,431,Howl no Ugoku Shiro,8
329328,Hallitsija,1210,NHK ni Youkoso!,9
424998,amberkinn,14289,Suki tte Ii na yo.,8
290089,Ame_Tenshi,11499,Sankarea,6
904015,Crewzador,5204,Kara no Kyoukai Movie 6: Boukyaku Rokuon,7
20009,alma,467,Koukaku Kidoutai: Stand Alone Complex,9
114913,CRUZADER,14513,Magi: The Labyrinth of Magic,8
70184,woxxy,5630,Higashi no Eden,8
53182,huyyy,195,Onegai☆Teacher,10
449953,B0d0mChild,18441,Blood Lad: Wagahai wa Neko de wa Nai,6
88296,MechaSoul,521,Mermaid Melody Pichi Pichi Pitch,8
59883,KatoS,24,School Rumble,7
65809,Ma7oN,39247,Kobayashi-san Chi no Maid Dragon S,9
481086,piggytay96,235,Detective Conan,9
397907,Annimal,1074,Naruto Narutimate Hero 3: Tsuini Gekitotsu! Jounin vs. Genin!! Musabetsu Dairansen Taikai Kaisai!!,7
62667,McClain,4901,Black Lagoon: Roberta's Blood Trail,7
405037,SScythe275,8676,Amagami SS,8
318725,ChojiroWakebe,39651,Mob Psycho 100: Dai Ikkai Rei toka Soudansho Ian Ryokou - Kokoro Mitasu Iyashi no Tabi,7
387076,Chocolatemonkey2,40256,Cannon Busters,6
21221,Shaitan,383,Galaxy Angel,7
1242375,mandieve,21105,Love Stage!!,8
297753,KhymeraDreams,846,School Rumble Ni Gakki,10
839649,Reusing,936,Naruto Movie 2: Dai Gekitotsu! Maboroshi no Chiteiiseki Dattebayo!,8
404844,Nerth,121,Fullmetal Alchemist,8
118308,ioooi,3457,Vampire Knight,7
1102507,shinobu10,857,Air Gear,5
43989,aisoka,28981,Ame-iro Cocoa,5
72292,JMStewy,4186,Chrome Shelled Regios,8
482266,jynkxzylzen,39026,Dumbbell Nan Kilo Moteru?,7
1192597,Tworenniks,34599,Made in Abyss,8
466302,X-LENAR,387,Haibane Renmei,9
84347,Aozame,1939,SD Gundam Gaiden,8
416068,netsvetaev,800,NieA Under 7,8
1137809,sizhin,6880,Deadman Wonderland,6
298052,Airy,11741,Fate/Zero 2nd Season,8
833999,Seradest,1472,City Hunter 3,8
304764,Impel,1459,Uchuu no Kishi Tekkaman Blade,10
514508,x_danio_x,8876,Koe de Oshigoto! The Animation,7
742265,TheDarkRider,11499,Sankarea,6
837771,R5TX,11757,Sword Art Online,8
5644,tilde,8634,Koisuru Boukun,7
538511,RoLoJe,5341,Ookami to Koushinryou II,7
2852,leonmcnicol,817,Tactical Roar,8
521377,Tiwaa,6880,Deadman Wonderland,9
6914,Havrd,21,One Piece,10
492076,xBlackFuryx,3927,Kidou Senshi Gundam 00 Second Season,10
379617,DanxDDan,10079,Hoshizora e Kakaru Hashi,4
58445,Splosiaa,3784,Evangelion: 2.0 You Can (Not) Advance,9
1075385,earlsanime,572,Kaze no Tani no Nausicaä,10
112811,Nisma,11237,Hidamari Sketch x SP,9
162,Sigyns,248,Ichigo 100%,6
370179,TheNecress,1303,The Animatrix,6
557955,Trahho,39539,No Guns Life,6
1116041,Ember022,4454,Macross F: Close Encounter - Deculture Edition,7
567349,Rififi,9136,Kuroshitsuji II Specials,5
1083685,ZombiePilot420,8795,Panty & Stocking with Garterbelt,8
111811,xelle,1557,Shounen Onmyouji,9
1264109,-nutsbutts-,2923,Shugo Chara!,5
1174775,kohito,3784,Evangelion: 2.0 You Can (Not) Advance,8
95058,ZsasZ,5,Cowboy Bebop: Tengoku no Tobira,8
1197927,Arvendui,572,Kaze no Tani no Nausicaä,7
532767,John-hh,134,Gunslinger Girl,10
1542,Miharu_Endoh,762,Bleach: Memories in the Rain,7
347867,Kensukete,565,Steamboy,8
298193,HyuGarona,191,Love Hina Christmas Special: Silent Eve,5
319421,suicidebystar,19703,Kyousou Giga (TV),10
344323,ahelo,76,Mahou Shoujo Lyrical Nanoha,7
19191,Neo_NMO,2508,Genshiken 2,8
1386,lord_heinrich,618,Juubee Ninpuuchou: Ryuuhougyoku-hen,6
424119,luciuskwok,11237,Hidamari Sketch x SP,7
320013,GeloXIII,12355,Ookami Kodomo no Ame to Yuki,10
515613,wesleyyy91,250,Konjiki no Gash Bell!!,8
386648,ghengix,35222,Gakuen Babysitters,6
66223,seiakujin,1088,Macross,10
338347,mr7,5114,Fullmetal Alchemist: Brotherhood,9
1124975,Duckliffe,21353,Tokyo ESP,6
1224601,68bears,121,Fullmetal Alchemist,9
546908,Beinlome,6,Trigun,9
1071223,Hohn,23289,Gekkan Shoujo Nozaki-kun,9
42263,Hound_of_Ulster,164,Mononoke Hime,10
1243949,Gemini166,35905,Ryuuou no Oshigoto!,7
473445,Giordy,9135,Fullmetal Alchemist: The Sacred Star of Milos,7
349904,Lapidus,257,Ikkitousen,6
102306,SetsunaF,849,Suzumiya Haruhi no Yuuutsu,9
1246343,BloOdQuEen,3594,Tears to Tiara,7
1130785,Orkar8,40960,Cheat Kusushi no Slow Life: Isekai ni Tsukurou Drugstore,8
938827,Evoinu,578,Hotaru no Haka,9
365976,Variath,1252,Fushigi no Umi no Nadia: Original Movie,5
4249,Big-Brother,1237,One Piece: Oounabara ni Hirake! Dekkai Dekkai Chichi no Yume!,8
602265,Kazumasa201,6746,Durarara!!,10
39345,Kudakitsune,41833,Kyuuketsuki Sugu Shinu,8
504068,SinisterReigns,357,Bokusatsu Tenshi Dokuro-chan,6
1218031,koab,18677,Yuusha ni Narenakatta Ore wa Shibushibu Shuushoku wo Ketsui Shimashita.,8
38359,Harm,11755,009 Re:Cyborg,7
307530,fikoljuky,4181,Clannad: After Story,10
1216753,TidalMoon,356,Fate/stay night,9
1077729,Ondine_Elhendil,3588,Soul Eater,7
1214167,DaemonGenius,18153,Kyoukai no Kanata,7
96055,walrothetacoking,6,Trigun,8
33224,Tomomi,1578,Koisuru Tenshi Angelique: Kokoro no Mezameru Toki,8
1126077,FatalisDrakari,12115,Berserk: Ougon Jidai-hen III - Kourin,10
369611,Valnut,4087,Michiko to Hatchin,7
18961,Schiferled,3225,Minami-ke Okawari,8
316104,Yoispi,2986,Bamboo Blade,8
1228523,stg44,7338,Darker than Black: Kuro no Keiyakusha Gaiden,8
337600,Smilism,199,Sen to Chihiro no Kamikakushi,10
334386,hitomin,10790,Kore wa Zombie desu ka? of the Dead,7
116226,Memo-kun,8101,HenSemi,9
50470,darksuzaku,31422,Minami Kamakura Koukou Joshi Jitensha-bu,6
535601,Potalas,31240,Re:Zero kara Hajimeru Isekai Seikatsu,8
934629,HunterWolfe,6880,Deadman Wonderland,7
41949,rukia163,210,Ranma ½,9
1060029,Nodi91,32867,Bungou Stray Dogs 2nd Season,8
1113125,Rhubarb,1887,Lucky☆Star,6
15065,gorgo,849,Suzumiya Haruhi no Yuuutsu,8
90261,phoshore,853,Ouran Koukou Host Club,9
24465,TankeR,317,Final Fantasy VII: Advent Children,10
434567,xEragon,1519,Black Lagoon: The Second Barrage,10
769741,Nara323,1974,Glass no Kamen (2005),8
68711,eliwood242,2124,Code Geass: Hangyaku no Lelouch Recaps,7
1220651,Zak1r,11757,Sword Art Online,8
11798,Muc,416,Kurenai no Buta,8
390299,sam6782,6922,Fate/stay night Movie: Unlimited Blade Works,8
343851,_m_,3092,Junjou Romantica,9
379442,pookies,1519,Black Lagoon: The Second Barrage,8
554019,byoukai,2924,ef: A Tale of Memories.,6
77622,shirohana,2025,Darker than Black: Kuro no Keiyakusha,8
2856,deViate,35860,Karakai Jouzu no Takagi-san,7
538149,missrelena,100,Shin Shirayuki-hime Densetsu Prétear,8
91633,skycolored,467,Koukaku Kidoutai: Stand Alone Complex,8
1031,lugiastrikes,20507,Noragami,8
27451,Azure_Karura,8449,Togainu no Chi,4
35938,carolinez,1535,Death Note,9
430631,scythesabre,9062,Angel Beats! Specials,8
334127,cloud4607,11665,Natsume Yuujinchou Shi,10
339796,Raxorsoft,5270,All That Gundam,6
30563,datsunvic,1430,Lupin III: Cagliostro no Shiro,9
583449,afterBreak,22147,Amagi Brilliant Park,8
119177,Rick-san,4618,RideBack,6
294085,RazumikhinPG,1141,Palme no Ki,7
760721,BoyMais,2787,Shakugan no Shana II (Second),10
314153,misbaa,5030,Maria†Holic,3
399197,RikaRikka,31553,Charlotte: Tsuyoimono-tachi,9
715261,Effie182,269,Bleach,8
1088579,airejah,150,Blood+,10
1100087,gurkninja,572,Kaze no Tani no Nausicaä,10
333435,krastinov,16918,Gin no Saji,8
507754,Akuma-chi,39790,Adachi to Shimamura,6
981415,Arcepty,2476,School Days,5
79318,natzin25,5955,Toaru Majutsu no Index-tan,10
385980,deplete,1852,Hidamari Sketch,9
354803,nakochii95,3092,Junjou Romantica,6
405763,ranka_lee_34,341,Spiral: Suiri no Kizuna,9
290684,Cappi,11741,Fate/Zero 2nd Season,8
1085117,TeuZoldick,5667,To LOVE-Ru OVA,10
66357,Ave_Kaja,587,Hanbun no Tsuki ga Noboru Sora,10
46671,konekote,35760,Shingeki no Kyojin Season 3,10
6608,Legion17,9919,Ao no Exorcist,8
558277,SetsunaYuki,1969,Kidou Senshi Z Gundam III: Hoshi no Kodou wa Ai,9
31326,Azu-san,71,Full Metal Panic!,9
325313,Hjalmar,20371,Sekaiichi Hatsukoi Movie: Yokozawa Takafumi no Baai,4
351594,goldengrimoire,324,Kidou Keisatsu Patlabor: On Television,9
292453,Dunkjoe,8536,Fortune Arterial: Akai Yakusoku,7
297634,noethlij,72,Full Metal Panic? Fumoffu,9
987435,PiruraiReina,1688,Nanatsu-iro★Drops,6
472657,hayastones,2385,One Piece: Jango no Dance Carnival,7
88247,melk_va,32188,Steins;Gate: Kyoukaimenjou no Missing Link - Divide By Zero,6
13252,daya,14527,Medaka Box Abnormal,6
1098945,The_Zashster,16982,Hayate no Gotoku! Cuties,6
1218747,hikikomori_Rus,1086,Kenran Butou Sai: The Mars Daybreak,7
19631,poseidon21,14575,Minami-ke Omatase,7
425220,kimastermike,762,Bleach: Memories in the Rain,7
292351,Jehronimo,2034,Lovely★Complex,7
16676,kid9,2001,Tengen Toppa Gurren Lagann,9
720379,Missingnomer,17729,Grisaia no Kajitsu,7
29264,senushi,7592,Nurarihyon no Mago,7
53926,saikou,609,Saishuu Heiki Kanojo: Another Love Song,7
303303,Mabzinha,306,Abenobashi Mahou☆Shoutengai,8
16340,3v1l-53N1N,38004,Strike Witches: 501 Butai Hasshin Shimasu!,7
474444,GreatNimmel,1840,Zero no Tsukaima: Futatsuki no Kishi,7
25832,cherripandi,4107,Tengen Toppa Gurren Lagann Movie 1: Gurren-hen,9
763779,Akuseru94,11757,Sword Art Online,6
17853,YohDuDojo,4262,Koihime†Musou,8
1208641,_J_I_N_X_,15437,"Kore wa Zombie desu ka? of the Dead: Hai, Minotake ni Attemasu",9
384073,kevinkaut,21,One Piece,10
421702,-Ryuujin-,9735,Gintama: Shinyaku Benizakura-hen,8
115352,AnderHammer,3958,Kannagi,8
570395,DeidaraSanji,51009,Jujutsu Kaisen 2nd Season,9
420761,masterjaw,9467,Kanojo ga Mimai ni Konai Wake,6
322202,dorachan,530,Bishoujo Senshi Sailor Moon,9
507669,RyoukiNao,21177,Nobunaga the Fool,5
95055,triedgeai,2251,Baccano!,9
1204863,MangoZjeb,2167,Clannad,9
593551,YayPepsi,508,Tottoko Hamtarou,9
1085081,shirushizo,2787,Shakugan no Shana II (Second),8
1075431,Alenko,20973,Sekai Seifuku: Bouryaku no Zvezda,7
111008,strawberrypi,529,Saishuu Heiki Kanojo,6
16470,cherny,1735,Naruto: Shippuuden,8
333068,jps,23725,Strike Witches: Operation Victory Arrow,7
77920,Ikaros42,1117,Pokemon Movie 02: Maboroshi no Pokemon Lugia Bakutan,8
461570,Gokusai,4181,Clannad: After Story,10
3638,fukachan,33840,Kabuki-bu!,7
499073,Fenrir431,16157,Choujigen Game Neptune The Animation,7
588177,AkxKuro,12549,"Dakara Boku wa, H ga Dekinai.",6
405759,zombie-gunsling,552,Digimon Adventure,10
1197829,KuranMika,3457,Vampire Knight,10
292351,Jehronimo,433,"Kumo no Mukou, Yakusoku no Basho",9
453415,BakaForLife,20785,Mahouka Koukou no Rettousei,7
99660,Kavix0,20,Naruto,7
293529,sasusaku-jade94,936,Naruto Movie 2: Dai Gekitotsu! Maboroshi no Chiteiiseki Dattebayo!,9
503665,_Kiri_,35639,Just Because!,4
589727,Redpaint,43325,Yuukoku no Moriarty Part 2,6
28971,hat_hair,1012,Sexy Commando Gaiden: Sugoi yo!! Masaru-san Specials,7
549445,cornonacob,13411,Guilty Crown: Lost Christmas - An Episode of Port Town,8
43333,Maki-chan,11099,Tiger & Bunny Pilot,6
379293,gneah12,1956,Ikkitousen: Dragon Destiny,7
1336,otaku1699,1455,Makai Tenshou,8
3427,theSage,356,Fate/stay night,8
519585,LokiPunisher,585,Mimi wo Sumaseba,10
432624,kyoko328,3349,Kiddy GiRL-AND,10
393677,PandaHeart,585,Mimi wo Sumaseba,9
428746,pradaforever,2993,Rosario to Vampire,7
45717,Tamah,7367,Naruto: The Cross Roads,8
55627,Dybloo_Kameleon,1726,Devil May Cry,5
1102257,ddt,17729,Grisaia no Kajitsu,9
494640,beautydusty,120,Fruits Basket,8
118262,Jvhsh,36098,Kimi no Suizou wo Tabetai,8
39103,JediBoss,3323,Kite Liberator,6
309967,Lakshun,1230,Innocent Venus,4
64738,amuamu,9617,K-On! Movie,10
306916,YakumoTatsuro,4181,Clannad: After Story,8
39182,Rong,153,Juuni Kokuki,9
432045,TrueStreets,22319,Tokyo Ghoul,8
484545,Tetora_,11633,Blood Lad,7
98422,Sushman,20,Naruto,5
26313,EnderSeaSlugs,109,Bakuretsu Tenshi,6
62067,p06,24687,Mushishi Zoku Shou: Odoro no Michi,8
1122727,Samahx,11981,Mahou Shoujo Madoka★Magica Movie 3: Hangyaku no Monogatari,10
1129199,Guillou,2581,Kidou Senshi Gundam 00,8
97783,ayamizuki,1699,Romeo x Juliet,10
473012,Alpharon,12875,Ginga e Kickoff!!,7
302865,emilymoon,3652,Higurashi no Naku Koro ni Rei,9
73641,AdeSecsse,4866,Pico x CoCo x Chico,7
374039,radical_mess,16662,Kaze Tachinu,8
1284847,Gazzellu,50631,"Komi-san wa, Comyushou desu. 2nd Season",9
1136285,Grofc,19815,No Game No Life,7
1099209,RedaOuazizi,154,Shaman King,8
321821,Serafim912,1916,Kidou Senshi Gundam MS IGLOO: Mokushiroku 0079,10
8961,Nachte,1829,Ged Senki,4
407779,Misafir,2001,Tengen Toppa Gurren Lagann,10
355842,OriginsofSpirits,30547,Touhou Niji Sousaku Doujin Anime: Musou Kakyou Special,7
538579,celephaise,28623,Koutetsujou no Kabaneri,7
1219789,KumaShinigamiAi,7817,B-gata H-kei,6
39804,TomoyoSakagami89,14511,Minami-ke Tadaima,8
797547,HugKiller,5955,Toaru Majutsu no Index-tan,6
53741,Arazial,2796,Afro-Ken,4
39415,amortech,5525,07-Ghost,8
540185,silverxwingz,8514,Break Blade Movie 2: Ketsubetsu no Michi,8
1084545,mbp2679,10790,Kore wa Zombie desu ka? of the Dead,9
1054351,Glub,11061,Hunter x Hunter (2011),8
311414,Strange_Estranho,4898,Kuroshitsuji,9
1128957,white-wings,4898,Kuroshitsuji,6
1166613,dotachin56,2772,Juushin Enbu: Hero Tales,2
9810,aranelcharis,1840,Zero no Tsukaima: Futatsuki no Kishi,7
457060,DaMushroom_Tip,226,Elfen Lied,8
340887,SilentAS2,457,Mushishi,10
101525,ArionaAllant,1281,Gakkou no Kaidan,6
378853,ThePhamily,12893,Danshi Koukousei no Nichijou Specials,9
466411,FireHeart,29163,Sore ga Seiyuu!,6
357911,awi,30370,Akatsuki no Yona OVA,7
430147,JuriNyotengu,52193,Akiba Meido Sensou,8
497879,kris1309,8630,Hidan no Aria,6
431019,PokemonMaster93,41235,Sotsugyou ** Densha,6
105672,nulakoh,6772,Break Blade Movie 1: Kakusei no Toki,8
21896,hienno,9062,Angel Beats! Specials,10
1259663,Kyoder,36456,Boku no Hero Academia 3rd Season,8
1186753,zKirin,6773,Shakugan no Shana III (Final),10
329143,Ninny,12015,Tiger & Bunny Movie 1: The Beginning,7
58860,yoderpeach,30123,Akagami no Shirayuki-hime,9
394802,Kallas,21995,Ao Haru Ride,9
429034,Antheias,14345,Btooom!,5
45485,SilverManiac,11077,Hellsing: The Dawn,8
489850,suikashuu,10321,Uta no☆Prince-sama♪ Maji Love 1000%,6
722777,Pharaoh85,13125,Shinsekai yori,8
1174303,Dexteur,1935,Megazone 23,7
292966,Kyougaru,37450,Seishun Buta Yarou wa Bunny Girl Senpai no Yume wo Minai,5
562043,Angelmage99,3901,Baccano! Specials,9
471242,Caudyr,14811,GJ-bu,7
57976,temujin,3297,Aria the Origination,8
80073,Drakkiss,766,Kishin Houkou Demonbane,7
531977,bauduins,9733,The TV Show,6
1123673,pastelpalettes,10445,Perfect Day,8
44058,Urutsukidoji,2462,Toushinden,5
49230,Kurogan,813,Dragon Ball Z,7
392499,DeDukkling,185,Initial D First Stage,7
27513,VioletRebellion,721,Princess Tutu,7
32077,alankstiyo,66,Azumanga Daiou The Animation,9
33875,S_t_L,189,Love Hina,5
44554,Xeu,1794,Dirty Pair no Ooshoubu: Nolandia no Nazo,7
7141,mrkite,5212,Saimin Gakuen,7
1057253,dabagonsmith,38000,Kimetsu no Yaiba,4
1241859,yrnx,5955,Toaru Majutsu no Index-tan,9
1113281,Alixaeus,6707,Kuroshitsuji II,9
402446,Sanavel,1575,Code Geass: Hangyaku no Lelouch,10
432642,shrugo,13161,Hagure Yuusha no Aesthetica,10
1168373,caitiff,276,Mahoromatic: Automatic Maiden,10
436160,Vipetior,20507,Noragami,7
453403,Ameritaku,2246,Mononoke,8
24575,Timeyy,25183,Gangsta.,9
115708,tistdragon,966,Crayon Shin-chan,7
553169,Taimanept,4903,Kyou no 5 no 2 (TV),8
50444,Tzakey,724,Enzai,7
446719,kaizokujoou,9989,Ano Hi Mita Hana no Namae wo Bokutachi wa Mada Shiranai.,8
112815,xTorrentZ,14283,Vividred Operation,6
488206,miyotan,40052,Great Pretender,9
47244,capnhar,40815,Honzuki no Gekokujou: Shisho ni Naru Tame ni wa Shudan wo Erandeiraremasen 2nd Season,9
1261403,evilicious,35507,Youkoso Jitsuryoku Shijou Shugi no Kyoushitsu e,6
325631,Kuroi-sama,25159,Inou-Battle wa Nichijou-kei no Naka de,7
1238729,greebo,49938,Ame wo Tsugeru Hyouryuu Danchi,8
438775,Oldmanriver,20507,Noragami,8
80105,mayfair2012,12115,Berserk: Ougon Jidai-hen III - Kourin,7
1099227,Jadz1,30307,Monster Musume no Iru Nichijou,6
489038,higeton,9675,Kami nomi zo Shiru Sekai: Flag 0,8
1122299,rowingkid17,34148,Nyanko Days,8
485082,gugexx,2167,Clannad,10
442274,TechMage89,1002,Top wo Nerae 2! Diebuster,6
601595,wallpaperplb,4835,Bleach Movie 3: Fade to Black - Kimi no Na wo Yobu,9
306678,twitch,40046,Id:Invaded,7
405830,tda,7791,K-On!!,3
305767,iminente,10417,Gyo,8
1281301,Pirit,2759,Evangelion: 1.0 You Are (Not) Alone,8
1222277,AruaS,1818,Claymore,7
422452,Magoba,99,Mai-Otome,7
92118,Flanger,9041,IS: Infinite Stratos,4
101950,wideface,12123,Yurumates 3D,10
412549,sefferia_ellis,34103,Danganronpa 3: The End of Kibougamine Gakuen - Kibou-hen,9
118297,Lilith-Aensland,3485,Koukaku Kidoutai: Stand Alone Complex 2nd GIG - Tachikoma na Hibi,7
462464,aymah,137,Hunter x Hunter: Original Video Animation,8
446435,Horde,323,Mousou Dairinin,7
449303,Cropolite,36456,Boku no Hero Academia 3rd Season,8
1156669,NanoDesuYo,2993,Rosario to Vampire,4
394622,Gogglesaurus,10620,Mirai Nikki (TV),8
1233311,arren18,23199,Durarara!!x2 Shou,7
450559,sonicsparrow451,4565,Tengen Toppa Gurren Lagann Movie 2: Lagann-hen,10
466315,NickStatic,857,Air Gear,10
371935,iRayden,3761,Wanwan Sanjuushi,6
985437,Hebichan,5060,Hetalia Axis Powers,6
111039,residentevil,317,Final Fantasy VII: Advent Children,10
17980,WingMyWay,22147,Amagi Brilliant Park,7
327110,PR507,73,Full Metal Panic! The Second Raid,9
591461,Aiana,68,Black Cat (TV),6
403276,Dave_sama,21677,Captain Earth,8
1274039,floud995,14513,Magi: The Labyrinth of Magic,7
400799,silvermoon8573,10350,Hakuouki: Sekkaroku,7
457464,zetsubougoret,31636,Dagashi Kashi,6
49924,Don_Don_Kun,5118,Suzumiya Haruhi-chan no Yuuutsu,4
715779,Saku_,245,Great Teacher Onizuka,8
547927,Danshikun,17397,Cyclops Shoujo Saipuu,5
414601,leetin08,3210,Ikoku Irokoi Romantan,7
7433,dimsumftw,16353,Love Lab,8
91992,honokachan,530,Bishoujo Senshi Sailor Moon,7
316795,Eo-Eovin,237,Koukyoushihen Eureka Seven,8
54554,smooth_criminal,430,Fullmetal Alchemist: The Conqueror of Shamballa,9
1107249,Strike_Ray,853,Ouran Koukou Host Club,9
430222,DarkLisenok,761,Naruto: Akaki Yotsuba no Clover wo Sagase,7
351625,wh1telighter,596,Chobits: Chibits,9
410498,TheShadowSyaoran,20,Naruto,8
101365,Van-Metal,11741,Fate/Zero 2nd Season,10
298093,DarkDana,11013,Inu x Boku SS,8
35812,Meiling,1813,Genshiken OVA,8
1227033,Yukimin,150,Blood+,7
117531,gobu,1818,Claymore,10
56839,Mizure,13263,Fate/Zero: Onegai! Einzbern Soudanshitsu,7
292875,sproxy,408,Final Fantasy VII: Last Order,10
401351,Madara31,10020,Ore no Imouto ga Konnani Kawaii Wake ga Nai Specials,6
334518,Shinjipierre,1698,Nodame Cantabile,9
373274,Dimpl23,11771,Kuroko no Basket,7
391234,Jubanshee,10029,Coquelicot-zaka kara,9
555561,alexander09,12113,Berserk: Ougon Jidai-hen II - Doldrey Kouryaku,8
552463,jocolocogoco,36793,3D Kanojo: Real Girl,6
305418,Oruga,7647,Arakawa Under the Bridge,9
43199,wouahho,4087,Michiko to Hatchin,8
2547,Hamminaptu,2236,Toki wo Kakeru Shoujo,9
295128,joshvor,853,Ouran Koukou Host Club,7
1129211,UzumiKurosaki,28171,Shokugeki no Souma,8
327023,Tankair,6547,Angel Beats!,8
57574,rancrosider,3298,Hatenkou Yuugi,6
1127471,Refas,11161,Hoshizora e Kakaru Hashi: Kakaru ka? Gakuensai ni Koi no Hashi,9
1061801,StormyChaos,12017,Tiger & Bunny Movie 2: The Rising,9
1140033,YURIIMkZERO,9314,Fractale,7
497109,badowski,905,Dragon Ball Z Movie 12: Fukkatsu no Fusion!! Gokuu to Vegeta,8
109591,yukiatarotanji,2030,El Cazador de la Bruja,8
312008,eatwithspoons,1365,Detective Conan Movie 06: The Phantom of Baker Street,8
25377,Babouin,984,Dragon Ball Z: Saiya-jin Zetsumetsu Keikaku,8
316043,wazap,918,Gintama,10
561991,Aurenthel,37984,"Kumo desu ga, Nani ka?",7
502106,Nekroniclol,23289,Gekkan Shoujo Nozaki-kun,10
371358,Jags74,13367,"Kono Naka ni Hitori, Imouto ga Iru!",7
66683,linguisticky,1,Cowboy Bebop,10
1229873,modul,25537,Fate/stay night Movie: Heaven's Feel - I. Presage Flower,8
61888,SonOfABleach,9289,Hanasaku Iroha,10
419537,Saika93,4477,Nodame Cantabile: Paris-hen,10
74718,Ronin_theSage,7627,Mitsudomoe,7
90223,WooHoo,7058,Uragiri wa Boku no Namae wo Shitteiru,8
35117,Sakura1995,576,Magikano,9
1065515,Svyatogor,5702,Sora wo Miageru Shoujo no Hitomi ni Utsuru Sekai,7
1082339,sunshinestorm,1566,Koukaku Kidoutai: Stand Alone Complex - Solid State Society,8
1083561,Lyrisia,31043,Boku dake ga Inai Machi,7
501228,xrobertojr,2167,Clannad,10
5636,tarf,916,Tokkou,8
322596,zemosaur,35076,Juuni Taisen,7
1240881,Demane28,32603,Okusama ga Seitokaichou!+!,10
1089195,lordcyclone,2890,Gake no Ue no Ponyo,7
365609,NamiWaBakemono,2986,Bamboo Blade,8
82828,riskbreak,18,Initial D Fourth Stage,8
1261511,OARNRF1E,20053,Wizard Barristers: Benmashi Cecil,4
1201539,ohshi-yuki,1473,City Hunter '91,7
485709,lewieroo0,2904,Code Geass: Hangyaku no Lelouch R2,7
46576,BionicM,3665,Ginga Eiyuu Densetsu Gaiden (1999),8
433569,oni-,4181,Clannad: After Story,8
93378,Skadi,7296,Michi (2004),8
74175,acidod,1535,Death Note,9
454591,PenTabu,32,Neon Genesis Evangelion: The End of Evangelion,9
1203285,LordAkbar,10119,Seitokai Yakuindomo OVA,9
298086,gioxshaoran,5118,Suzumiya Haruhi-chan no Yuuutsu,8
588033,Ramito,19367,Galilei Donna,9
384493,razorblood801,37976,Zombieland Saga,8
114424,vincent_1617,1311,Chobits Recap,10
396718,Feli-D,9136,Kuroshitsuji II Specials,7
90955,yuanji,17269,Captain Herlock,8
382318,Killerwardrobes,11757,Sword Art Online,9
10761,alitka7,1240,Bishoujo Senshi Sailor Moon SuperS: Sailor 9 Senshi Shuuketsu! Black Dream Hole no Kiseki,8
458014,yaplea,19221,"Ore no Nounai Sentakushi ga, Gakuen Love Comedy wo Zenryoku de Jama Shiteiru",7
328820,Luke_DBZ,192,Love Hina Haru Special: Kimi Sakura Chiru Nakare!!,5
56269,nyoronyolo,270,Hellsing,3
350561,Haruka2012,24629,Koufuku Graffiti,7
116382,Miszke,16890,Makai Ouji: Devils and Realist,8
67952,Jadon,10092,Break Blade Movie 6: Doukoku no Toride,7
525209,matchalatte,18679,Kill la Kill,5
9276,nunchi,2899,Higurashi no Naku Koro ni Special: Nekogoroshi-hen,7
889417,Delta_Z,18893,Aoki Hagane no Arpeggio: Ars Nova,6
350093,viajero,6500,Seikon no Qwaser,5
517851,himenokoji,23277,Saenai Heroine no Sodatekata,6
384696,TiZanzou,2159,Ookiku Furikabutte,8
530463,ainky,44037,"Shin no Nakama ja Nai to Yuusha no Party wo Oidasareta node, Henkyou de Slow Life suru Koto ni Shimashita",7
412244,GinjiKazaf,132,GetBackers,8
415598,drgnrider,6166,Asobi ni Iku yo!,7
1260623,RainerPetyr,31964,Boku no Hero Academia,7
2691,Kimura,4705,Tengen Toppa Gurren Lagann: Parallel Works,7
342929,ffdsa,33731,Gabriel DropOut,8
1257661,KhooKhooPenguin,934,Higurashi no Naku Koro ni,8
463269,Ash76,8514,Break Blade Movie 2: Ketsubetsu no Michi,7
293079,jessalwayz,1056,Good Morning Call,7
346343,StelmariaonE7,1141,Palme no Ki,9
364776,Berrybelle,36904,Aggressive Retsuko (ONA),8
435495,xILSEx,269,Bleach,9
85971,darkstarr,467,Koukaku Kidoutai: Stand Alone Complex,8
911129,strawhatsanji,22297,Fate/stay night: Unlimited Blade Works,8
51478,eliechin,23199,Durarara!!x2 Shou,8
435538,Chars,8740,One Piece Film: Strong World Episode 0,8
14886,esby,5507,Senjou no Valkyria,8
18335,SwiftShadow,13807,Corpse Party: Missing Footage,5
94417,Zapa,1575,Code Geass: Hangyaku no Lelouch,7
296931,shojoaddict17,849,Suzumiya Haruhi no Yuuutsu,9
486856,MHikari,6707,Kuroshitsuji II,9
469996,guusagi,37976,Zombieland Saga,9
403117,IntroverTurtle,177,Tsubasa Chronicle,8
104285,Sumino-chan,1313,Digimon Adventure 02,8
541331,AsahiY,41168,Nakitai Watashi wa Neko wo Kaburu,7
478585,Serede,16498,Shingeki no Kyojin,8
1075573,CoUsT,16910,Namiuchigiwa no Muromi-san,9
324656,Truthunter,102,Aishiteruze Baby★★,8
323136,illfaku,38671,Enen no Shouboutai,8
11292,Kana_chan,641,Ichigo 100% Special 2,7
8750,Mewn,345,Eikoku Koi Monogatari Emma,8
1173627,Konata666,1818,Claymore,8
1199961,VinnyDilallo,3785,Evangelion: 3.0 You Can (Not) Redo,8
47549,Spydercoman,32,Neon Genesis Evangelion: The End of Evangelion,10
422295,antula,251,Kyou kara Maou!,7
480391,Shadit,355,Shakugan no Shana,8
113716,OggerMC,1570,Happiness!,7
489385,blahz0r,85,Kidou Senshi Zeta Gundam,5
529387,pirates14,4181,Clannad: After Story,9
80696,Defiance,79,Shuffle!,3
412242,Creamy_Filling,5114,Fullmetal Alchemist: Brotherhood,9
332162,MeruKashi,64,Rozen Maiden,8
1259429,rivel0121,239,Gankutsuou,8
57934,Koby,29223,Aldnoah.Zero Extra Archives,5
481225,Everfrozen,29027,Shinmai Maou no Testament: Toujou Basara no Hard Sweet na Nichijou,9
19456,Gundam,1996,Full Moon wo Sagashite: Kawaii Kawaii Daibouken,7
557097,Funya-Usagi,9624,30-sai no Hoken Taiiku,7
95321,Primo,7054,Kaichou wa Maid-sama!,8
339709,jmal,22189,Futsuu no Joshikousei ga [Locodol] Yattemita.,9
1216807,DrSlay,31757,Kizumonogatari II: Nekketsu-hen,10
558723,ChunHwa,6682,11eyes,6
643057,cads,28025,Tsukimonogatari,9
299958,LiaTheTuna,418,Ranma ½: Chuugoku Nekonron Daikessen! Okite Yaburi no Gekitou-hen!!,8
539551,Jolo217,20159,Pokemon: The Origin,8
56703,Leknaat,5081,Bakemonogatari,6
919605,VictorDCR,11371,Shin Tennis no Oujisama,8
367770,raINel8,5525,07-Ghost,5
510661,vzMars,1033,Sennen Joyuu,8
77585,Pyrefox,21881,Sword Art Online II,7
1064245,rogo7,719,Ai no Kusabi,8
87707,denco91,17895,Golden Time,9
25879,odinmm,120,Fruits Basket,7
566311,alec613,32729,Orange,8
456583,Shinotama,10321,Uta no☆Prince-sama♪ Maji Love 1000%,8
1229429,twoflowr,40046,Id:Invaded,9
1079955,High_On_FanFan,7724,Shiki,8
117344,cheto,39247,Kobayashi-san Chi no Maid Dragon S,9
39095,sprinting_turt1e,3655,Nabari no Ou,10
66027,Gilgam3sh1991,4461,Kouchou-sensei to Kujira,6
464095,Vonwen,11771,Kuroko no Basket,8
46555,Dieucra,1913,Shonan Junai Gumi!,8
578633,Zemin,481,Yu☆Gi☆Oh! Duel Monsters,6
623453,slipXout,1678,Cyborg 009: The Cyborg Soldier,8
1123337,Taigu,467,Koukaku Kidoutai: Stand Alone Complex,9
37012,OneMan,2175,Kino no Tabi: The Beautiful World - Byouki no Kuni - For You,10
315269,Peachstar,9253,Steins;Gate,8
1189751,Fiire,14741,Chuunibyou demo Koi ga Shitai!,10
554941,froz3nflam3s,245,Great Teacher Onizuka,9
67952,Jadon,4981,Casshern Sins,8
1085389,Darksocer,28907,"Gate: Jieitai Kanochi nite, Kaku Tatakaeri",9
451946,Akashic,1689,Byousoku 5 Centimeter,9
21762,HisokaHajime,7610,Anju to Zushioumaru,6
1108937,Secach,9023,Katekyo Hitman Reborn!: Mr. Rebokku no Ciao Ciao Interview,8
1102755,German_Astrid,5300,Zoku Natsume Yuujinchou,8
86683,clip9,565,Steamboy,10
1289699,howdoesitfel,14807,Kara no Kyoukai Movie: Mirai Fukuin,8
87732,Reoira,1482,D.Gray-man,9
333044,EirinYagokoro,2246,Mononoke,10
528995,baishie,28977,Gintama°,10
408505,tome7,8934,Star Driver: Kagayaki no Takuto,8
551485,thompininja,9252,Break Blade Movie 3: Kyoujin no Ato,9
345738,Absurdo,133,Green Green,7
602981,xAlicexx,1313,Digimon Adventure 02,6
64625,Usagimi,651,Green Green Thirteen: Erolutions,8
522359,Sempaii30,122,Full Moon wo Sagashite,6
98802,mai-shiranui,902,Dragon Ball Z Movie 09: Ginga Girigiri!! Bucchigiri no Sugoi Yatsu,10
17465,Branduil,585,Mimi wo Sumaseba,9
1154413,clarence,11617,High School DxD,7
23151,Fentastic,10800,Chihayafuru,10
1119737,Blademan54,34658,Nekopara OVA,10
69862,nixiepixie,5,Cowboy Bebop: Tengoku no Tobira,8
100142,Bluestar41269,30991,Himouto! Umaru-chan OVA,8
290930,luigifan101,4015,School Rumble San Gakki,8
347791,PRiSONFiSH,240,Genshiken,9
466553,aleath,31646,3-gatsu no Lion,8
41687,LockeV6,2605,Sayonara Zetsubou Sensei,9
112820,errantmind,47,Akira,6
18456,Master10K,12471,Eureka Seven AO,5
928813,Uhura,16664,Kaguya-hime no Monogatari,10
400630,ThornheartCat,1143,.hack//Intermezzo,9
13740,Chronolizer,5593,Dogs: Bullets & Carnage,7
25399,Wolfkingx,164,Mononoke Hime,10
344676,dannycvd,10213,Maji de Watashi ni Koi Shinasai!,7
372081,unr1ankm,40221,Kami no Tou,7
365831,GigaSPX,11111,Another,9
330966,mak93,36565,Major 2nd,7
510342,muusicluvr,248,Ichigo 100%,6
485256,fdtse,2129,True Tears,10
318502,KaibaQueen,1485,Akachan to Boku,7
1222611,DaimonKatio,10396,Ben-To,8
22924,AyumiHoshi,1943,Paprika,9
1122395,Billmillers,24405,World Trigger,9
348617,einesTages,1366,Detective Conan Movie 07: Crossroad in the Ancient Capital,7
9984,DivineTrinity,10087,Fate/Zero,8
505954,yousef032,38483,Ore wo Suki nano wa Omae dake ka yo,7
309570,Nakamura-Haruka,2923,Shugo Chara!,7
315918,Thrust,14629,Starship Troopers: Invasion,9
67857,Kibou,836,Sister Princess,6
1077441,AnikiXvi,1912,Marginal Prince: Gekkeiju no Ouji-tachi,5
467931,AntsyPuppet,35848,Promare,10
1102631,The-Triangles,9756,Mahou Shoujo Madoka★Magica,10
10162,crowjam,1118,Pokemon Movie 03: Kesshoutou no Teiou Entei,7
502139,jap0112,12885,Dynamic Super Robots Soushingekki,7
98555,WildTiger1Min,7054,Kaichou wa Maid-sama!,9
537709,Forester245,1992,Chou Kousoku Gran Doll,6
54253,Antoligy,4896,Umineko no Naku Koro ni,10
532439,Doaj,1363,Detective Conan Movie 04: Captured in Her Eyes,7
347026,drewkun2010,107,Ou Dorobou Jing,10
560295,vywerz,10080,Kami nomi zo Shiru Sekai II,6
38009,StarPat,52,Kidou Tenshi Angelic Layer,8
1169829,Snazzybro,6746,Durarara!!,7
353620,cinceprutie,10372,Kamisama Dolls,8
360786,King_Excel,24405,World Trigger,8
1123095,Zum,15315,Mondaiji-tachi ga Isekai kara Kuru Sou desu yo?,9
27957,Shining_Starss,1914,Saiunkoku Monogatari 2nd Season,9
1290803,mystic29,28819,Okusama ga Seitokaichou!,6
390966,XLizzyXEMX,3656,Monochrome Factor,10
8643,Ophannin,30,Neon Genesis Evangelion,9
88278,Yanderendou,14765,Ixion Saga DT,8
393585,Aki_Suzuki,177,Tsubasa Chronicle,8
28429,Keliose,18661,Kamisama Hajimemashita OVA,9
322949,Mechan_life,2923,Shugo Chara!,6
480739,miscellanem,9756,Mahou Shoujo Madoka★Magica,9
434948,OhTsuru,2131,Bokusatsu Tenshi Dokuro-chan 2,7
56749,iam_krav,177,Tsubasa Chronicle,8
412576,chettone,6637,Higashi no Eden Movie II: Paradise Lost,4
26546,Useless,874,Digimon Tamers,7
1071317,D-7,9253,Steins;Gate,10
363410,KellyNekoChan,226,Elfen Lied,10
314528,hope_assassin,430,Fullmetal Alchemist: The Conqueror of Shamballa,9
106477,Artemon,6211,Tokyo Magnitude 8.0,7
315662,maxie2478,442,Naruto Movie 1: Dai Katsugeki!! Yuki Hime Shinobu Houjou Dattebayo!,8
1068791,SaberNero,1589,Bartender,7
530463,ainky,4720,White Album,6
1105637,xen-xen,20919,Diabolik Lovers Recap,9
555097,pedrometheus,23281,Psycho-Pass 2,6
45405,Ash-Falls-Town,22817,Kindaichi Shounen no Jikenbo Returns,6
380385,xiongky,23289,Gekkan Shoujo Nozaki-kun,10
317359,Fuzzums,20,Naruto,8
470579,Dangaard,7769,Ookami-san to Shichinin no Nakama-tachi,7
366455,Lycaon_Pictus,963,"Love Hina: Motoko no Sentaku, Koi ka Ken... ""Naku na""",7
393396,QueenInoue,36309,Butlers: Chitose Momotose Monogatari,7
22573,Mastakilla,3297,Aria the Origination,10
314322,AnimeMania,269,Bleach,9
47708,MontySan,9734,K-On!!: Keikaku!,8
360530,osiris1514,256,Hoshi no Koe,10
1157577,greentutu,23673,Ookami Shoujo to Kuro Ouji,6
1131651,Dohme,46985,Shinka no Mi: Shiranai Uchi ni Kachigumi Jinsei,8
379821,RinaKoWaifu,14833,Maoyuu Maou Yuusha,7
55511,neladus,121,Fullmetal Alchemist,8
1201963,rotarycomplex,755,Boku no Sexual Harassment,6
358177,Yumicchi,5774,Seitokaichou ni Chuukoku,8
323015,Aliera74,1698,Nodame Cantabile,9
1114419,Hidehana,7590,Mayoi Neko Overrun!,6
16308,Murrice,32998,91 Days,8
54940,Phoenix11,9159,Kaibutsu Oujo (OVA),7
1118329,D_1337,257,Ikkitousen,6
1184267,reiicchi,17115,Pokemon Best Wishes! Season 2: Episode N,7
390941,Conan_Ranpo_san,12053,Mardock Scramble: The Third Exhaust,7
365363,KawaiiMoriko,2433,Lingeries,6
494971,chelsealuo,4720,White Album,6
45011,xxavbxx,431,Howl no Ugoku Shiro,9
112221,djou4444,2124,Code Geass: Hangyaku no Lelouch Recaps,9
359905,Jusstaway,895,Dragon Ball Z Movie 02: Kono Yo de Ichiban Tsuyoi Yatsu,6
425055,Respent,7858,Sora no Otoshimono: Project Pink,7
532703,mikeylovesharuna,27831,Durarara!!x2 Ten,9
1098133,Bakatastic,29067,Danna ga Nani wo Itteiru ka Wakaranai Ken 2 Sure-me,5
35155,imbestigador15,6922,Fate/stay night Movie: Unlimited Blade Works,9
45755,AkaMaster,11597,Nisemonogatari,8
291925,Saigyouji,10080,Kami nomi zo Shiru Sekai II,6
451493,iSkeptic,860,Makai Senki Disgaea,7
496649,Ainio,10020,Ore no Imouto ga Konnani Kawaii Wake ga Nai Specials,8
57461,Valmy,3466,Kino no Tabi: The Beautiful World - Tou no Kuni - Free Lance,8
320210,Virsagofma,4744,Akaneiro ni Somaru Saka,7
111320,Shadly,857,Air Gear,8
347886,XKt_,9724,Break Blade Movie 5: Shisen no Hate,10
745133,TheGreatLiebert,31798,Kiznaiver,7
8131,sacredarrow3,4186,Chrome Shelled Regios,6
70287,Revan67,5,Cowboy Bebop: Tengoku no Tobira,10
41716,DaeScope,14741,Chuunibyou demo Koi ga Shitai!,9
453354,Air-One,10161,No.6,6
534309,renegadefaerie,1564,Pokemon Advanced Generation,6
83694,Iiotoko,1519,Black Lagoon: The Second Barrage,6
501680,HououinSteiner,8074,Highschool of the Dead,3
487757,dotaman,8074,Highschool of the Dead,7
311739,soultoyo,430,Fullmetal Alchemist: The Conqueror of Shamballa,9
1210649,oerlemansje,207,Lodoss-tou Senki,7
34995,Madwolf,250,Konjiki no Gash Bell!!,8
529487,marinaperipato,57,Beck,9
396984,MOWTWE,317,Final Fantasy VII: Advent Children,9
382076,thisyearsgirl,1943,Paprika,10
399960,Mysticseeker,7059,Black★Rock Shooter (OVA),7
1211835,la2fan,11499,Sankarea,8
502662,FredFredburger7,4792,Pokemon: Pikachu Tankentai,7
368391,TheInvisibleSelf,16498,Shingeki no Kyojin,8
44179,Malefiko,1887,Lucky☆Star,10
1163909,Merepower,225,Dragon Ball GT,4
107905,riuuzaki,37936,Wu Shan Wu Xing (2020),7
56303,Elven,3750,Maria-sama ga Miteru 4th,9
300083,nairy,24439,Kekkai Sensen,9
51622,Andilord,9252,Break Blade Movie 3: Kyoujin no Ato,8
88995,zlobcho,4997,Mahoromatic 2 End Year Special,7
4549,pi_rar,405,Blood: The Last Vampire,8
305610,khaosenygma,2685,Tsubasa: Tokyo Revelations,10
1115915,xxHell-Kittyxx,997,Bishoujo Senshi Sailor Moon S: Kaguya-hime no Koibito,7
405843,Climentina,149,Loveless,7
463721,BeelzOnion,15051,Love Live! School Idol Project,9
547755,Rollanx,889,Black Lagoon,8
482825,Thenekolover,5678,Kobato.,10
29448,Scab,321,Najica Dengeki Sakusen,6
41061,ShootTheBullet,4975,ChäoS;HEAd,5
41851,Thea,1119,Pokemon Movie 04: Celebi Toki wo Koeta Deai,3
9905,reira,7785,Yojouhan Shinwa Taikei,8
372895,malar,12293,Campione! Matsurowanu Kamigami to Kamigoroshi no Maou,6
19631,poseidon21,7669,"""Bungaku Shoujo"" Kyou no Oyatsu: Hatsukoi",7
366874,ABQ,2952,Final Fantasy VII: Advent Children Complete,8
77654,Eonir,579,Battle Programmer Shirase,3
508825,larevolucion,597,Neko no Ongaeshi,7
1214323,Anita_,2123,Digimon X-Evolution,7
473092,Azoth,4654,Toaru Majutsu no Index,7
477411,Gizzleby,147,Kimi ga Nozomu Eien,8
355507,trukert,6634,Sengoku Basara Ni,9
315312,kaorichaos,1890,Clover,2
67981,Celularspec,759,Tokyo Godfathers,10
473962,shadez0fgrey,2593,Kara no Kyoukai Movie 1: Fukan Fuukei,7
1092737,bladerdog,3958,Kannagi,8
9317,Rawen,21855,Hanamonogatari,8
472766,atsuki_boukensha,4015,School Rumble San Gakki,9
433973,Enbee,1122,Pokemon Movie 07: Rekkuu no Houmonsha Deoxys,7
1106111,Level,849,Suzumiya Haruhi no Yuuutsu,10
68867,Maglor,934,Higurashi no Naku Koro ni,9
484249,Tagonice,12365,Bakuman. 3rd Season,9
357180,YourOkasan,7176,Cheburashka Arere?,5
519615,Ezeblaze,3652,Higurashi no Naku Koro ni Rei,7
360538,Kanonmat,20,Naruto,4
340279,JamesAnderson,18857,Ore no Imouto ga Konnani Kawaii Wake ga Nai. Specials,7
491080,nerdstyle,8277,Hyakka Ryouran: Samurai Girls,4
55981,Zazzy753,42591,Toshoshitsu no Kanojo: Seiso na Kimi ga Ochiru made - The Animation,6
336127,ThriftyShark,24913,Bokura wa Minna Kawai-sou: Hajimete no,8
1122299,rowingkid17,31380,To LOVE-Ru Darkness 2nd OVA,8
318141,Kudoriafuka,3396,Gloria: Kindan no Ketsuzoku,3
87653,Celina24,892,Dragon Ball Movie 3: Makafushigi Daibouken,7
64116,Kyonikov,813,Dragon Ball Z,9
370619,mrBad,1143,.hack//Intermezzo,5
401862,Windspre,9074,Arakawa Under the Bridge x Bridge,7
724549,ZephZeph,7791,K-On!!,9
3511,Gamicon,356,Fate/stay night,9
21239,thunderlord,1719,Rozen Maiden: Ouvertüre,9
391276,PureWise,4712,Digimon Savers: Agumon! Gaomon! Lalamon! Bakuretsu! Jougai Last Battle!,4
435507,Elaol,1575,Code Geass: Hangyaku no Lelouch,9
1096553,Hazo,37976,Zombieland Saga,4
370093,AlaxisXeon,144,Kanon,5
117588,Joe4evr,7311,Suzumiya Haruhi no Shoushitsu,10
466114,melchor4u,4437,Naruto: Shippuuden Movie 2 - Kizuna,6
356758,lovelight,28891,Haikyuu!! Second Season,10
1119593,rivelets,237,Koukyoushihen Eureka Seven,6
523597,PingusPL,38408,Boku no Hero Academia 4th Season,10
1257245,nitelok,11061,Hunter x Hunter (2011),10
1215461,TranceReality,431,Howl no Ugoku Shiro,10
348383,Anna-Aubrey,390,Suzuka,4
292409,melissaacar,4224,Toradora!,9
459423,xMyztifYx,32379,Berserk,7
1183165,Raegdan,28805,Bakemono no Ko,9
1210801,Ithiliel,1594,Jigoku Shoujo Futakomori,6
378136,Aimp,3785,Evangelion: 3.0 You Can (Not) Redo,5
570735,Hurthadez,9587,Oniichan no Koto nanka Zenzen Suki ja Nai n da kara ne!!,8
562587,Yomihime-Chan,32281,Kimi no Na wa.,9
570987,bhoy13,98,Mai-HiME,7
61888,SonOfABleach,2236,Toki wo Kakeru Shoujo,9
1078793,PcGoD,11633,Blood Lad,7
356182,Selaphi,10568,Kamisama no Memochou,8
530467,KiariChikitoka,5391,Pico to Chico,7
319793,o0obeezelneffo0o,10030,Bakuman. 2nd Season,7
1250043,Bubbah32,33352,Violet Evergarden,9
76315,illiteratewhino,8476,Otome Youkai Zakuro,8
296087,DardDrak,2346,Koroshiya 1 The Animation: Episode 0,6
1224849,Szymocho,5772,Akaneiro ni Somaru Saka: Hardcore,9
324489,Yukami,243,Gravitation,4
1071923,ovenbaked,6547,Angel Beats!,9
76398,meataem,50384,Mononogatari,7
345548,chemicult,953,Juu Ou Sei,8
25866,rounin_rogai,1542,Brain Powerd,8
1086467,rychu_s,3782,Kara no Kyoukai Movie 2: Satsujin Kousatsu (Zen),6
389016,Ulises,79,Shuffle!,5
430397,Toushiro1981,857,Air Gear,7
468744,KingHarkinian13,4059,"Clannad: Mou Hitotsu no Sekai, Tomoyo-hen",7
85592,Sedeto,3464,Kemeko Deluxe!,7
428605,Alekx,3588,Soul Eater,10
524801,SafamKun,10161,No.6,7
355214,Darth_Ou,25159,Inou-Battle wa Nichijou-kei no Naka de,7
978079,Shori-Sama,1894,Yu☆Gi☆Oh!: Hikari no Pyramid,5
336733,GuyBlaze,249,InuYasha,8
319582,the_one092001,1398,Macross Dynamite 7,8
940653,wutsmyname,25,Sunabouzu,1
359824,Cardozo,2899,Higurashi no Naku Koro ni Special: Nekogoroshi-hen,8
310324,Zeromir,5530,Pandora Hearts,7
442245,Dotu,8277,Hyakka Ryouran: Samurai Girls,6
21802,Eredita,11061,Hunter x Hunter (2011),10
1230189,Suzanii,10790,Kore wa Zombie desu ka? of the Dead,8
1093439,alleexo,16732,Kiniro Mosaic,8
37491,chinaboat,4224,Toradora!,8
717961,Methatswho,9065,Hakuouki: Hekketsuroku,7
614681,le__onde,1575,Code Geass: Hangyaku no Lelouch,8
39006,mao16,10863,Steins;Gate: Oukoubakko no Poriomania,8
429463,Sharnel,42625,Heion Sedai no Idaten-tachi,9
491577,Gray_Raven,855,Strawberry Panic,4
83963,Otje,401,Rurouni Kenshin: Meiji Kenkaku Romantan - Seisou-hen,10
358752,xenon_88,11577,Steins;Gate Movie: Fuka Ryouiki no Déjà vu,8
300007,sarcasm247,22687,Terra Formars,9
1095771,Sharly,5507,Senjou no Valkyria,8
303997,nctrnlsprmc,732,Vampire Hunter D,5
373576,FluffyBunnyBeatr,30544,Gakusen Toshi Asterisk,9
557909,alesse,14893,"Dakara Boku wa, H ga Dekinai. Mie Sugi! Mizugi Contest",6
311852,renii,11759,Accel World,7
1281333,Reuku,37451,Boogiepop wa Warawanai (2019),10
1261419,Monk12,7088,Ichiban Ushiro no Daimaou,7
531645,KwaX,10793,Guilty Crown,8
438239,fanzypantz,5355,Sengoku Basara,10
56272,TheOtherJN,33486,Boku no Hero Academia 2nd Season,7
1238557,unko2k,25183,Gangsta.,7
961901,LiCobra,1259,Saint Seiya: Tenkai-hen Josou - Overture,4
27008,Kamitori,2842,Pokemon Fushigi no Dungeon: Shutsudou Pokemon Kyuujotai Ganbaruzu!,5
1103581,SlyBeing,1535,Death Note,5
380067,Shi-rho,11785,Haiyore! Nyaruko-san,8
576551,ripsticker,572,Kaze no Tani no Nausicaä,10
304923,Fratele9,8675,Seitokai Yakuindomo,7
517235,Drabori,1735,Naruto: Shippuuden,8
382963,catgray,38000,Kimetsu no Yaiba,9
22208,Daneja,30782,Bikini Warriors,6
384857,Caly,1314,DT Eightron,6
428262,EclipseShin,10798,Un-Go,8
323602,Gelenger,3958,Kannagi,10
72760,Kawai_dallol,3457,Vampire Knight,10
5376,Shinigamikyo,30911,Tales of Zestiria the Cross,9
111095,Gjin,19,Monster,7
73999,CreamyVelvet,25687,Digimon Adventure tri. 1: Saikai,8
11883,sin22eze,584,Noein: Mou Hitori no Kimi e,5
612451,pmonibuv1,4654,Toaru Majutsu no Index,8
472033,RoxyFox,14829,Fate/kaleid liner Prisma☆Illya,7
467249,Mikuchan18,557,Koutetsu Tenshi Kurumi Encore,9
338634,Shadowx541,1887,Lucky☆Star,10
405674,Lukeness,1,Cowboy Bebop,9
388002,knucklehead,186,Initial D Second Stage,7
439125,SBass,11783,Dog Days',7
7962,iidonno,32998,91 Days,7
91672,Darklink17,6347,Baka to Test to Shoukanjuu,8
1270385,KayPepping,5114,Fullmetal Alchemist: Brotherhood,9
34129,sandwichandfries,2508,Genshiken 2,7
2635,winnett,1,Cowboy Bebop,8
64360,Zaresiy,230,Air Master,8
304702,Mainliner,34392,One Room,6
501667,Deadshiro,46569,Jigokuraku,8
522571,DeadAndy,51105,NieR:Automata Ver1.1a,10
351438,AxelV777,11179,Papa no Iukoto wo Kikinasai!,5
16345,Colin,523,Tonari no Totoro,8
78622,Iside,3389,Bus Gamer,8
1204657,NT,11665,Natsume Yuujinchou Shi,10
1116225,4roymarc,2966,Ookami to Koushinryou,9
365373,wi_ma,21085,Witch Craft Works,5
324277,Kerberons,528,Pokemon Movie 01: Mewtwo no Gyakushuu,7
343110,Cap03,395,Gantz 2nd Stage,7
95607,Titan_Wing,49926,Kimetsu no Yaiba: Mugen Ressha-hen,9
104578,aozuki_kei,10213,Maji de Watashi ni Koi Shinasai!,7
443462,Haryomu,855,Strawberry Panic,8
90577,Digiterati,48661,JoJo no Kimyou na Bouken Part 6: Stone Ocean,8
339148,edsaon,34055,Berserk 2nd Season,7
15162,BWSheffield,567,The Big O,7
1113333,AgroRoza,97,Last Exile,8
343436,BlueCrystal27,9989,Ano Hi Mita Hana no Namae wo Bokutachi wa Mada Shiranai.,9
515757,Xx_Neko_Chan_xX,164,Mononoke Hime,9
98121,sanson222,10572,Ro-Kyu-Bu!,6
112643,Cauchy,59,Chobits,6
1102497,omegacute,20723,Kyousou Giga (TV) Recaps,5
306660,L4rry,376,"Elfen Lied: Tooriame nite Arui wa, Shoujo wa Ikani Shite Sono Shinjou ni Itatta ka? - Regenschauer",10
1192499,Barajas_201,9989,Ano Hi Mita Hana no Namae wo Bokutachi wa Mada Shiranai.,9
44907,Gemi,155,X/1999,6
431,izikiel,41899,Ore dake Haireru Kakushi Dungeon,5
405288,cutcutcut,28701,Fate/stay night: Unlimited Blade Works 2nd Season,9
456583,Shinotama,64,Rozen Maiden,9
53182,huyyy,291,D.C.S.S: Da Capo Second Season,6
1256909,Duinedhel,4896,Umineko no Naku Koro ni,8
377023,Raiju1,9253,Steins;Gate,10
378173,Natsuno,12883,Tsuritama,7
332793,Narigo,30,Neon Genesis Evangelion,8
1159947,Eliza-Scarlet,463,One Piece Movie 05: Norowareta Seiken,8
365135,DonMikeC,1362,Street Fighter II Movie,9
646253,NatsuMinLen,61,D.N.Angel,7
110236,Maron1,481,Yu☆Gi☆Oh! Duel Monsters,7
17074,Kairo,936,Naruto Movie 2: Dai Gekitotsu! Maboroshi no Chiteiiseki Dattebayo!,9
393922,Tomcat171,2969,Appleseed Saga Ex Machina,9
3997,kenji,35180,3-gatsu no Lion 2nd Season,10
372323,Letalis500,3572,Macross F,9
309187,Wiz_Kaleb,50410,One Piece Film: Red,3
493702,Pokayok3,5114,Fullmetal Alchemist: Brotherhood,10
420206,shield3000,4196,Ikkitousen: Great Guardians,7
299795,Quimera,25687,Digimon Adventure tri. 1: Saikai,9
1974,clicq,31646,3-gatsu no Lion,8
468988,MeMaHa19,32664,Bananya,7
581117,slained,97,Last Exile,7
532729,Nobita_kun,15687,Chuunibyou demo Koi ga Shitai! Lite,5
541087,kuriiiiiiii,2159,Ookiku Furikabutte,9
109618,Skygrasper01,97,Last Exile,8
362479,Rokkenjima,644,Hachimitsu to Clover Specials,8
839857,Havok78120,11499,Sankarea,9
382403,Eirenes,269,Bleach,7
93446,DarkMugiwara,44,Rurouni Kenshin: Meiji Kenkaku Romantan - Tsuioku-hen,9
1081271,kishiberohan,60,Chrno Crusade,8
349854,Demon-of-Death,26165,Yuri Kuma Arashi,5
412646,THE-DOG-CATCHER,1815,Shakugan no Shana Movie,8
1056311,DriaG,4814,Junjou Romantica 2,8
502435,janina123,298,.hack//Tasogare no Udewa Densetsu,7
1250603,nejikage,16417,Tamako Market,8
105433,kimlian,167,Scrapped Princess,8
340744,Asturaetus,15689,Nekomonogatari: Kuro,6
545951,huskieboi,25283,Kuusen Madoushi Kouhosei no Kyoukan,7
389565,misstechnicolor,1594,Jigoku Shoujo Futakomori,10
1065401,Dainogg,6610,Ibara no Ou,6
999647,MaximusPrime,2966,Ookami to Koushinryou,9
12796,crazymirror,1689,Byousoku 5 Centimeter,8
511056,madfu,210,Ranma ½,9
23546,ndt1896,587,Hanbun no Tsuki ga Noboru Sora,6
341589,phanpy,249,InuYasha,8
566323,FullmetalRaikou,21273,Gochuumon wa Usagi desu ka?,10
408723,Yuphie,15085,Amnesia,7
408010,Kamirura,23317,Kuroshitsuji: Book of Murder,9
426808,LovEKazumA,6702,Fairy Tail,10
556175,KoNeko-nyan,32887,Dungeon ni Deai wo Motomeru no wa Machigatteiru Darou ka Gaiden: Sword Oratoria,5
420065,Narutoanim,1735,Naruto: Shippuuden,10
95854,TweeThr,6714,Dragon Ball Z: Atsumare! Gokuu World,3
503346,Rinrys,7724,Shiki,7
441067,aorotanas,4752,Vampire Knight Guilty,7
351180,shadowrep,35839,Sora yori mo Tooi Basho,8
396158,AudreyAzura,4382,Suzumiya Haruhi no Yuuutsu (2009),9
333128,GoreSack,245,Great Teacher Onizuka,10
18082,yuyano,20973,Sekai Seifuku: Bouryaku no Zvezda,9
298711,MrRawr,6634,Sengoku Basara Ni,9
493011,Cpl_Frog,46,Rurouni Kenshin: Meiji Kenkaku Romantan - Ishinshishi e no Chinkonka,4
374566,AsylumDemon,2759,Evangelion: 1.0 You Are (Not) Alone,8
403542,gtr06,1155,Melty Lancer,7
1238729,greebo,47,Akira,9
347097,sanzohoushi,9989,Ano Hi Mita Hana no Namae wo Bokutachi wa Mada Shiranai.,8
323502,Zero21x,27655,Aldnoah.Zero Part 2,9
316556,Nuut,15359,Kyousou Giga (2012),9
324464,Badigadi,11741,Fate/Zero 2nd Season,9
70207,Kurama7,16518,Arata Kangatari,7
386775,BBB20,74,Gakuen Alice,7
24461,Leon-Gun,2904,Code Geass: Hangyaku no Lelouch R2,6
36008,xdeimosx,405,Blood: The Last Vampire,7
6187,aggromochi,901,"Dragon Ball Z Movie 08: Moetsukiro!! Nessen, Ressen, Chougekisen",6
401222,alva,31798,Kiznaiver,7
3455,Spoon,9332,.hack//Quantum,8
2324,kirAth-shiAue,740,Bishoujo Senshi Sailor Moon R,5
14822,Seishi,30347,Nanatsu no Taizai OVA,7
47584,Razgriz,2136,Front Innocent: Mou Hitotsu no Lady Innocent,9
119806,eden_,1041,Zetsuai 1989,9
73999,CreamyVelvet,14829,Fate/kaleid liner Prisma☆Illya,8
26800,Cristo,355,Shakugan no Shana,7
300502,xew_,4879,Mouryou no Hako,5
839857,Havok78120,8516,Baka to Test to Shoukanjuu Ni!,8
487361,-Beard-,15323,One Piece: Episode of Nami - Koukaishi no Namida to Nakama no Kizuna,6
42213,Baka_Ranger,590,Kage kara Mamoru!,7
375483,CNS487,121,Fullmetal Alchemist,8
308975,Holon,998,Blue Seed,7
95893,gupta,2129,True Tears,7
359262,Shinigaku6,2950,Doubutsu no Mori,9
56171,HadenaZubon,9289,Hanasaku Iroha,8
641799,Raisukai,6675,Redline,8
422938,Drksun,10737,A-Channel: +A-Channel,7
438320,oyobosu,11843,Danshi Koukousei no Nichijou,8
398359,srv1025,1361,Final Fantasy: The Spirits Within,7
536535,stonechitlin,182,Tenkuu no Escaflowne,7
687701,roozleen,1365,Detective Conan Movie 06: The Phantom of Baker Street,8
506010,laceknight,25835,Shirobako,10
19157,Kawaru86,1363,Detective Conan Movie 04: Captured in Her Eyes,9
101611,PhenixFeather,1505,Detective Conan Movie 09: Strategy Above the Depths,7
64205,CookieDoughLover,120,Fruits Basket,6
3990,thewire,5060,Hetalia Axis Powers,8
58315,magically,199,Sen to Chihiro no Kamikakushi,9
18825,Zaran,15689,Nekomonogatari: Kuro,6
111549,sonel123,813,Dragon Ball Z,6
1114643,Quetz21,1535,Death Note,7
360613,KyBaJIgA,21167,Escha & Logy no Atelier: Tasogare no Sora no Renkinjutsushi,8
1230719,NikoBellic91,22319,Tokyo Ghoul,9
387809,Oomyung,6954,Kara no Kyoukai Movie 8: Shuushou,5
987905,ValiG679,40658,** Kouhai,4
308493,trygun182,849,Suzumiya Haruhi no Yuuutsu,10
22255,N-Mare,2890,Gake no Ue no Ponyo,8
1122395,Billmillers,28891,Haikyuu!! Second Season,9
41013,MrAufziehvogel,486,Kino no Tabi: The Beautiful World,7
477722,n3o_krat0z,2847,Pokemon Movie 10: Dialga vs. Palkia vs. Darkrai,8
377175,nedstark1990,1474,City Hunter: Ai to Shukumei no Magnum,6
806725,Zakumi_Keizudo,199,Sen to Chihiro no Kamikakushi,8
429870,supersollase,6862,K-On!: Live House!,8
475505,bedfordstrangler,21881,Sword Art Online II,6
79664,Loxaris,28999,Charlotte,7
726865,Qiler,66,Azumanga Daiou The Animation,9
549947,Blu_Usagi,10330,Bakugan Battle Brawlers: Mechtanium Surge,4
1280,Flash-hack,2418,Stranger: Mukou Hadan,9
110609,libra88,356,Fate/stay night,8
501353,elizaabola,400,Seihou Bukyou Outlaw Star,8
104184,Chaos_Inc,6,Trigun,10
66508,ClaYYara,48,.hack//Sign,8
43132,Jeeppu,6007,Ookami to Koushinryou II: Ookami to Kohakuiro no Yuuutsu,7
54114,perambulous,109,Bakuretsu Tenshi,6
100925,Emily_Cross,46569,Jigokuraku,8
1067197,tatabox,1735,Naruto: Shippuuden,8
513522,Puffy123,11061,Hunter x Hunter (2011),8
84598,WojterEX,431,Howl no Ugoku Shiro,10
29413,Milotrix,10793,Guilty Crown,9
3174,Sarukah,28735,Shouwa Genroku Rakugo Shinjuu,7
301517,lilytenjouXP,6547,Angel Beats!,10
344362,Nikkori_Kage,21575,Koukaku Kidoutai Arise: Ghost in the Shell - Logicoma Specials,10
9988,archemoros,210,Ranma ½,9
503159,danielle013,2890,Gake no Ue no Ponyo,7
1054569,Smior,8630,Hidan no Aria,9
1133393,braveryedo,226,Elfen Lied,10
456502,mihasuboch,35507,Youkoso Jitsuryoku Shijou Shugi no Kyoushitsu e,7
327728,Eng1ne,6747,Dance in the Vampire Bund,8
499940,NicEror,4081,Natsume Yuujinchou,9
40825,Oyamada_Ryosei,1041,Zetsuai 1989,7
400994,Teiyori,6702,Fairy Tail,8
1093931,FireTsubasa,10793,Guilty Crown,8
387421,UnltdBldWrx,1519,Black Lagoon: The Second Barrage,9
564283,Noalle,5178,First Squad: The Moment of Truth,8
548581,nana87,177,Tsubasa Chronicle,8
104633,koksik,10863,Steins;Gate: Oukoubakko no Poriomania,7
447473,prdg,10030,Bakuman. 2nd Season,9
297266,Jesstastic,36882,Arifureta Shokugyou de Sekai Saikyou,7
1128779,anichka0,877,Nana,9
1115491,CrazierAnabelle,14397,Chihayafuru 2,10
312910,tenshiayane,467,Koukaku Kidoutai: Stand Alone Complex,8
9958,chuds12,3785,Evangelion: 3.0 You Can (Not) Redo,8
2234,vocab,901,"Dragon Ball Z Movie 08: Moetsukiro!! Nessen, Ressen, Chougekisen",6
366178,ScarlettRain,1710,Rockman.EXE,7
920779,meshal-701,7661,Giant Killing,8
479781,Shirli,20971,Kiniro no Corda: Blue♪Sky,6
57724,Draga,121,Fullmetal Alchemist,10
400320,Shintai,431,Howl no Ugoku Shiro,8
412831,acanthafrost101,13391,Rakuen Tsuihou,7
109950,Fumino,1698,Nodame Cantabile,9
390773,jmballe,5734,Tayutama: Kiss on My Deity,9
1138891,susisa_tagumpay,4192,Hayate no Gotoku!!,7
29601,Fuhrer,102,Aishiteruze Baby★★,7
708767,Asystolie,21995,Ao Haru Ride,6
472827,laumiau,10495,Yuru Yuri,7
22617,isa78,849,Suzumiya Haruhi no Yuuutsu,10
408827,Jaythree,13535,Binbougami ga!,8
2425,Alwin,578,Hotaru no Haka,8
9485,Washi,1813,Genshiken OVA,7
1219001,Duran666,30749,Saijaku Muhai no Bahamut,7
1096067,graeywolf,3457,Vampire Knight,7
378163,imperfectangel,10079,Hoshizora e Kakaru Hashi,9
925,lizzard,740,Bishoujo Senshi Sailor Moon R,6
596771,Rennanec,249,InuYasha,9
327573,kelena93,532,Bishoujo Senshi Sailor Moon S,10
405541,Ararararagi,28999,Charlotte,9
418905,niks1991911,8792,Madobe Nanami no Windows 7 de PC Jisaku Ouen Commercial!!,2
410496,myngwen,431,Howl no Ugoku Shiro,8
482117,Akuma_kun,11013,Inu x Boku SS,10
115756,BibiChan,889,Black Lagoon,9
65609,RenaPsychoKiller,111,Corrector Yui,4
540081,Kureigu07,31043,Boku dake ga Inai Machi,9
321428,Aquinas5,6682,11eyes,7
481901,Pinocolada,37349,Goblin Slayer,7
434362,Azuen,21703,Pokemon XY: New Year Special,9
601177,skybird88929,3588,Soul Eater,5
350307,Chatime,15439,"Kono Danshi, Ningyo Hiroimashita.",7
506585,anime_manga01,225,Dragon Ball GT,9
470145,JOK,132,GetBackers,8
316105,DJSteak,15809,Hataraku Maou-sama!,10
66995,holy_moses,32,Neon Genesis Evangelion: The End of Evangelion,8
372317,AislinCeivun,142,Kamikaze Kaitou Jeanne,7
464491,rodriguim,12367,Shining Hearts: Shiawase no Pan,7
1124205,Frayl,7647,Arakawa Under the Bridge,8
1262667,Joxemy,1172,Slayers Try,8
304280,13legioner13,6408,"""Bungaku Shoujo"" Movie",8
21362,WAHa_06x36,10012,Carnival Phantasm,7
16606,Neendre,722,Baby☆Love,10
819461,Dobato,232,Cardcaptor Sakura,9
38486,MewMatic197,1564,Pokemon Advanced Generation,5
387981,rozpad-eternitu,37779,Yakusoku no Neverland,7
646019,Rykudo,71,Full Metal Panic!,8
378469,Peinuzumaki95,22433,Break Blade,6
703731,LHD,36525,Dorei-ku The Animation,6
479467,Gao_Gao,2890,Gake no Ue no Ponyo,9
79336,grinirvana,1142,Hachimitsu to Clover II,9
346628,foxgloves,10163,C: The Money of Soul and Possibility Control,5
11330,minimiau,9547,Alps no Shoujo Heidi (1979),7
349403,yukinao6,4280,Kara no Kyoukai Movie 4: Garan no Dou,9
358908,JaneHavoc,1535,Death Note,9
101393,karyjac,25907,Glass no Hana to Kowasu Sekai,7
350054,Tefox,17895,Golden Time,7
82125,phedran,38000,Kimetsu no Yaiba,9
452061,_vanderhoosy_,6956,Working!!,5
8365,KaitouKaiba,40852,Dr. Stone: Stone Wars,8
95469,enilanzer,936,Naruto Movie 2: Dai Gekitotsu! Maboroshi no Chiteiiseki Dattebayo!,7
52542,michaelerwin,2581,Kidou Senshi Gundam 00,7
25155,Natrina,263,Hajime no Ippo,9
69220,Namikaze-Ryu,1583,009-1,8
58423,Magnvs-,3358,Kure-nai,7
518291,bvrjke,3674,Sayonara Zetsubou Sensei Jo: Zetsubou Shoujo Senshuu,10
488102,XYOX,3759,School Days: Valentine Days,6
445930,Pallero,488,Ichigo Mashimaro,8
18576,Cfyz,52,Kidou Tenshi Angelic Layer,9
1167747,illmatik,35760,Shingeki no Kyojin Season 3,8
326857,4evaDC,16592,Danganronpa: Kibou no Gakuen to Zetsubou no Koukousei The Animation,6
338317,Violet_Raven,6,Trigun,9
440037,ABakedPotato,30296,Rakudai Kishi no Cavalry,7
63886,Sanom4,11703,Code:Breaker,5
82026,SSstylish,857,Air Gear,8
1193631,sk1tty,10165,Nichijou,8
463482,NomBomb,3841,Chi's Sweet Home,8
94793,Wiseguy105,51096,Youkoso Jitsuryoku Shijou Shugi no Kyoushitsu e 2nd Season,7
114650,astrangerhere,98,Mai-HiME,9
1235691,Nina-tan,834,Bleach: The Sealed Sword Frenzy,9
364802,DelMar,8841,Kore wa Zombie desu ka?,7
1169339,Tennababy,1117,Pokemon Movie 02: Maboroshi no Pokemon Lugia Bakutan,9
110220,May_seth14,521,Mermaid Melody Pichi Pichi Pitch,9
1121633,xxShizoxxx,269,Bleach,10
112289,gondpr,2449,Koukaku Kidoutai: Stand Alone Complex - The Laughing Man,8
379906,cjcool10,6166,Asobi ni Iku yo!,10
316629,Best_Kouhai,15059,Initial D Fifth Stage,9
515693,Mononok3,17677,Buki yo Saraba,9
46918,guest000,60,Chrno Crusade,7
11188,Lycan,820,Ginga Eiyuu Densetsu,9
57431,m0mo,11757,Sword Art Online,10
729933,Getaku1995,1691,Kaze no Stigma,7
323034,Sir-Youssef,5460,Detective Conan Movie 13: The Raven Chaser,9
31648,Yomi-no-Kuni,1889,Higurashi no Naku Koro ni Kai,9
14392,darkside156,1519,Black Lagoon: The Second Barrage,8
357994,blueguisee,6746,Durarara!!,8
350039,Tugetti,11633,Blood Lad,7
1265213,TouchMeNot,21603,Mekakucity Actors,5
383961,Espheria,36028,Golden Kamuy,8
390245,Todi,384,Gantz,7
320475,mundzis,2759,Evangelion: 1.0 You Are (Not) Alone,6
374916,insuspension,1259,Saint Seiya: Tenkai-hen Josou - Overture,6
401219,junefrix,12549,"Dakara Boku wa, H ga Dekinai.",8
493300,AeonXIII,1237,One Piece: Oounabara ni Hirake! Dekkai Dekkai Chichi no Yume!,8
431080,Athkara,28851,Koe no Katachi,8
536571,Kari-Haruka,38476,Heya Camp△,7
83349,Krautertee,138,Hunter x Hunter: Greed Island,10
89091,dikidera,30831,Kono Subarashii Sekai ni Shukufuku wo!,10
1089071,Gweshy,9776,A-Channel,10
299036,Serizawa24,433,"Kumo no Mukou, Yakusoku no Basho",9
316324,Kherra,72,Full Metal Panic? Fumoffu,10
310284,Traisy,431,Howl no Ugoku Shiro,10
32246,mikuruhi,6201,Princess Lover!,7
1246171,litvar,11741,Fate/Zero 2nd Season,9
1998,luinthoron,14967,Boku wa Tomodachi ga Sukunai Next,7
70183,kato3k,2404,Zombie-Loan,7
343169,Shin_Aska109,1555,Tokimeki Memorial: Only Love,5
1128755,wearecops,263,Hajime no Ippo,10
393755,Detrik,14131,Girls & Panzer,9
26385,Oakis,48561,Jujutsu Kaisen 0 Movie,9
565245,-redux,9479,Coppelion,6
512461,__akira__,853,Ouran Koukou Host Club,7
399519,mutsuriniii,9617,K-On! Movie,8
1119155,Ennalight,47164,Dungeon ni Deai wo Motomeru no wa Machigatteiru Darou ka IV: Shin Shou - Meikyuu-hen,6
963335,Jak323,20899,JoJo no Kimyou na Bouken Part 3: Stardust Crusaders,9
32807,heeroyuy117,40591,Kaguya-sama wa Kokurasetai? Tensai-tachi no Renai Zunousen,8
1271529,froggerman330,1698,Nodame Cantabile,8
381055,nanocrocodile,10681,Blood-C: The Last Dark,7
23823,kaerin,3702,Detroit Metal City,9
1090959,CharleSketch,10495,Yuru Yuri,8
70836,Hazzard,2899,Higurashi no Naku Koro ni Special: Nekogoroshi-hen,7
338801,KrySpeQ,134,Gunslinger Girl,9
116708,fresa,3701,Kaiba,10
435329,AnarchyAi,934,Higurashi no Naku Koro ni,7
325569,sailrmoon89,889,Black Lagoon,8
501247,oksudis66,38186,Bokutachi wa Benkyou ga Dekinai,6
27124,z11248,393,Escaflowne,9
82668,kfu,861,xxxHOLiC,7
1205835,muriluz,19647,Hajime no Ippo: Rising,10
1245533,zakraPL,7769,Ookami-san to Shichinin no Nakama-tachi,7
66039,SeNsEI_SoYsAuCe,12467,Nazo no Kanojo X,7
60217,Reverant,223,Dragon Ball,8
13019,Dooters,6351,"Clannad: After Story - Mou Hitotsu no Sekai, Kyou-hen",4
492356,Gamdzor,3588,Soul Eater,9
1228387,Bitcloud25,14833,Maoyuu Maou Yuusha,7
112858,dlrowdimfoyo,17895,Golden Time,6
350968,scover,1604,Katekyo Hitman Reborn!,6
359262,Shinigaku6,288,Bakuten Shoot Beyblade,2
111869,Logard,237,Koukyoushihen Eureka Seven,5
556999,Quiesce,2025,Darker than Black: Kuro no Keiyakusha,8
25139,Ksu-chan,512,Majo no Takkyuubin,9
487452,fillif,15417,Gintama': Enchousen,10
95756,Darkkaiba,35073,Overlord II,9
414332,iEatyu,6347,Baka to Test to Shoukanjuu,7
358319,cleffa,28851,Koe no Katachi,9
325734,Naya_Nay,5080,Quiz Magic Academy: The Original Animation,7
108067,amit_s1230,20583,Haikyuu!!,9
1204805,Purin_R,32729,Orange,9
464785,R-chi,3782,Kara no Kyoukai Movie 2: Satsujin Kousatsu (Zen),6
433852,YasMan,3927,Kidou Senshi Gundam 00 Second Season,9
61065,Ephialtes,459,One Piece Movie 01,4
1257183,krad246,1563,Magic Knight Rayearth II,9
16825,amylls88,2144,Naruto Movie 3: Dai Koufun! Mikazuki Jima no Animaru Panikku Dattebayo!,8
321769,LeroyK,40902,Shokugeki no Souma: Gou no Sara,8
39981,kurapica,251,Kyou kara Maou!,10
1113115,Iro,4884,Tales of the Abyss,3
37793,BACCANO,205,Samurai Champloo,9
432053,deji,10165,Nichijou,7
419107,Eishirou,150,Blood+,10
450364,Silika033,47,Akira,9
329580,gustofwind,9181,Motto To LOVE-Ru,8
27084,xefiris,565,Steamboy,6
3514,Damoizgod,1300,Omishi Mahou Gekijou: Risky★Safety,8
348025,Kaomi,31588,All Out!!,7
307146,meu04181,3407,Blassreiter,7
466307,sla_sia,20,Naruto,9
380427,war2rayman,5680,K-On!,9
302472,souleater94,7311,Suzumiya Haruhi no Shoushitsu,9
317012,RyanSaotome,6572,Shakugan no Shana S,6
471900,Mikari_sora,9513,Beelzebub,7
388105,Djisas,22057,"Inari, Konkon, Koi Iroha. Inari, Konkon, Semishigure.",8
499028,monochromechoes,1101,Tenchi Muyou! Manatsu no Eve,8
1074993,asakuraShinji,2674,Doraemon Movie 16: Nobita no Sousei Nikki,8
321325,versx,6875,Iron Man,4
61096,NakaChan,2937,Bishoujo Senshi Sailor Moon R: Make Up! Sailor Senshi,9
400040,YandereS2,93,Kidou Senshi Gundam SEED,7
1206907,IPTN,30123,Akagami no Shirayuki-hime,9
392755,I-W-A-C-A,11285,Black★Rock Shooter (TV),8
1130347,Poxer,4896,Umineko no Naku Koro ni,5
530463,ainky,181,Vandread: The Second Stage,7
311655,theshakermaker,457,Mushishi,10
45111,azurekatsu,12679,Joshiraku,6
469949,DougCL,14349,Little Witch Academia,10
58911,BeautifulViolet,35073,Overlord II,8
337996,KaliFlower,1575,Code Geass: Hangyaku no Lelouch,7
408126,Garchopex,10719,Boku wa Tomodachi ga Sukunai,9
69377,HawkThanatos,1157,Final Fantasy: Unlimited,6
30157,cheeky,6675,Redline,9
559283,aytrax,24893,Sidonia no Kishi: Daikyuu Wakusei Seneki,8
59541,fateilya,1015,Full Metal Panic! The Second Raid: Wari to Hima na Sentaichou no Ichinichi,10
46064,Chasex,37521,Vinland Saga,9
1227231,otakun9,38731,Diamond no Ace: Act II,9
1090091,egattyYea,7593,Kiss x Sis (TV),8
62597,treviro,16680,Pokemon Movie 16: Shinsoku no Genosect - Mewtwo Kakusei,8
519511,shiki-kn,3167,Eve no Jikan,7
411214,Isaac0,3958,Kannagi,8
101374,HaineChan,1887,Lucky☆Star,8
310054,Neme-chan,15379,Kotoura-san,8
1637,AlbedoPiazzolla,863,Joshikousei: Girl's High,7
605685,Quarxink,48,.hack//Sign,7
407123,Fellcleave,627,Major S1,9
375968,MizureFox,270,Hellsing,10
405533,heyahamma,1535,Death Note,10
486044,BlackWings101,232,Cardcaptor Sakura,8
486237,Zloslav,936,Naruto Movie 2: Dai Gekitotsu! Maboroshi no Chiteiiseki Dattebayo!,6
388484,kogalover0809,205,Samurai Champloo,10
16111,Loveless_Soul,40841,Honzuki no Gekokujou: Shisho ni Naru Tame ni wa Shudan wo Erandeiraremasen OVA,6
334166,Timon1k,219,Kidou Senkan Nadesico: The Prince of Darkness,8
89789,jujubeeza,59,Chobits,9
330744,akazukin-lily,934,Higurashi no Naku Koro ni,8
65853,Gigg44,12883,Tsuritama,6
439240,BraveNoob,1726,Devil May Cry,5
114471,lapampam,8514,Break Blade Movie 2: Ketsubetsu no Michi,8
324502,Starkick,14751,Bishoujo Senshi Sailor Moon Crystal,8
1051365,asbell19,18497,Yozakura Quartet: Hana no Uta,8
1216373,MC-Cid,3058,Darling,7
361738,sechan,9617,K-On! Movie,10
406109,jim098,6880,Deadman Wonderland,6
494536,Kali7713,16009,Kamisama no Inai Nichiyoubi,7
3191,jiaxian,1514,UFO Princess Valkyrie 3: Seiresetsu no Hanayome,6
453947,XxWillxX39,9513,Beelzebub,9
11556,pajtshiabvaj,618,Juubee Ninpuuchou: Ryuuhougyoku-hen,7
490993,Alarisia,18851,Fate/kaleid liner Prisma☆Illya: Undoukai de Dance!,7
88892,TheWanderingEye,228,Jigoku Shoujo,6
431939,TheVintchester,10620,Mirai Nikki (TV),8
1078379,Majaraja,13663,To LOVE-Ru Darkness,8
1211083,Vraelius,10713,Towa no Quon 2: Konton no Ranbu,7
68365,Pi-face,4028,Slayers Revolution,9
22332,Hexx,2020,One Piece: Nenmatsu Tokubetsu Kikaku! Mugiwara no Luffy Oyabun Torimonochou,8
117951,Foreverava,264,Hajime no Ippo: Champion Road,9
29849,daowei,2889,Bleach Movie 2: The DiamondDust Rebellion - Mou Hitotsu no Hyourinmaru,9
1441,Fae,392,Yuu☆Yuu☆Hakusho,9
59785,innerri,1735,Naruto: Shippuuden,8
442715,EternalStarlight,42847,Ai no Utagoe wo Kikasete,7
379100,Kuniki-chan,449,InuYasha Movie 4: Guren no Houraijima,7
344035,Sanayo,8302,Ladies versus Butlers! Specials,2
474370,Mariifxa,25777,Shingeki no Kyojin Season 2,8
36920,Crump,1519,Black Lagoon: The Second Barrage,7
470663,kleinehexe,10418,Deadman Wonderland: Akai Knife Tsukai,6
321019,Kittie-cat,4205,KimiKiss Pure Rouge: Love Fighter,7
118758,Dimmie,317,Final Fantasy VII: Advent Children,9
404926,DaniDeliriant,8795,Panty & Stocking with Garterbelt,9
622271,sasem,2164,Dennou Coil,8
454827,iShad,26123,Seitokai Yakuindomo* OVA,7
477322,berg_femke,1142,Hachimitsu to Clover II,10
296384,IniTW8X,35788,Shokugeki no Souma: San no Sara,8
367647,awsum_rose,5751,Tennis no Ouji-sama: Another Story - Kako to Mirai no Message,10
305586,Trilogy00,10589,Naruto: Shippuuden Movie 5 - Blood Prison,6
1188679,Shadowkida,14237,Busou Shinki,6
312267,shanayates,3655,Nabari no Ou,7
300882,Xapy,36702,Shingeki no Kyojin Season 2 Movie: Kakusei no Houkou,7
22191,Lady_Payne,18115,Magi: The Kingdom of Magic,9
101040,celiseninsan,6166,Asobi ni Iku yo!,6
357662,Metalisk,2025,Darker than Black: Kuro no Keiyakusha,7
14092,Temezi,226,Elfen Lied,9
470633,MonokuroKinema,9205,Kaichuu!,8
353648,L3goMy3ggo,1462,Memories,7
14915,aya-miaka,621,Night Walker: Mayonaka no Tantei,8
89956,Ginraku,30347,Nanatsu no Taizai OVA,6
295643,ToTy17,66,Azumanga Daiou The Animation,8
40754,yanoto,1974,Glass no Kamen (2005),7
324260,HeartSasuSaku,19,Monster,10
502359,Chounouryokusha,2129,True Tears,6
531081,Halazar,37141,Hataraku Saibou,7
60382,Shinigamic,11005,Holy Knight,7
305508,Starb3rryTan,189,Love Hina,3
347445,Doomlord,6862,K-On!: Live House!,10
345068,gigan7,1469,Monster Farm: Enbanseki no Himitsu,9
115504,AbsolvoTe,60,Chrno Crusade,8
300076,patr10,53,Ai Yori Aoshi,8
318172,kimim,1482,D.Gray-man,10
362183,Ha_Enpitsu,34962,Digimon Adventure tri. 5: Kyousei,8
498846,clioamader,41694,Hataraku Saibou Black,6
520269,BlaqkChizuru,853,Ouran Koukou Host Club,9
108033,RaikaSTi,529,Saishuu Heiki Kanojo,6
13639,pilfermonkey,20,Naruto,9
90335,MehChan,1818,Claymore,7
796911,barrizachoppa,68,Black Cat (TV),6
68356,MangaAnimeLover,4752,Vampire Knight Guilty,7
46621,chrizkerr2,6,Trigun,9
1129819,claw0494,17909,Uchouten Kazoku,8
30918,mokomokofu,226,Elfen Lied,1
35845,willika,513,Tenkuu no Shiro Laputa,8
28366,Ninesisters,31339,Drifters,8
119303,Journeyman,578,Hotaru no Haka,10
519655,haddock97,889,Black Lagoon,5
73975,DFalcon,3086,Strait Jacket,7
414871,dafnugen,18679,Kill la Kill,10
889589,bakagaijin1488,270,Hellsing,8
98841,NiteFalcon,30206,Amagi Brilliant Park: Nonbirishiteiru Hima ga Nai!,7
292558,jasmineskho,7724,Shiki,9
68735,Shining_Tears,3467,Nogizaka Haruka no Himitsu,4
409613,ghaleonvash,2476,School Days,10
352074,zeraciel,13535,Binbougami ga!,8
731315,Enia,9981,Phi Brain: Kami no Puzzle,4
53585,aridima,431,Howl no Ugoku Shiro,10
432770,giant157,11061,Hunter x Hunter (2011),7
395075,Yugase,226,Elfen Lied,6
478096,Netty,3420,Shigofumi,7
523559,CapnVince,16,Hachimitsu to Clover,7
4256,Shadow-Chan,14513,Magi: The Labyrinth of Magic,8
339360,weeabruhh,20031,D-Frag!,4
114314,mass_carrier,35079,Kino no Tabi: The Beautiful World - The Animated Series,7
1192133,Bobbyking82,14833,Maoyuu Maou Yuusha,7
1199599,bunnygurl184,19,Monster,9
493689,MaJo0oDe,9074,Arakawa Under the Bridge x Bridge,10
450000,juunta,39792,Eizouken ni wa Te wo Dasu na!,8
34976,ghost_rider_3000,20,Naruto,8
6748,Lefty,18679,Kill la Kill,9
947845,CasualKitten,10490,Blood-C,7
490718,Yovanne,12967,Arcana Famiglia,6
449016,T4KEV,1686,Bleach Movie 1: Memories of Nobody,5
509509,Chihiri,5060,Hetalia Axis Powers,8
37396,Prideless,5507,Senjou no Valkyria,8
465770,BossTheKid,10109,Softenni,8
290581,-Psykhe-,719,Ai no Kusabi,2
397406,mashKIPa,40911,Yuukoku no Moriarty,10
101612,conan-lover,759,Tokyo Godfathers,8
332009,MI0MI0,3887,Ookiku Furikabutte: Kihon no Kihon,8
58125,Jazma,1830,Utawarerumono Specials,7
60485,ToasterGirl,101,Air,7
64249,soetbizze,1723,Clannad Movie,10
1075847,KurosawaS,26349,Danna ga Nani wo Itteiru ka Wakaranai Ken,2
449489,skorpigeist,6287,Akikan!: Kan Ippatsu!? Onsen Panic,5
27401,kiriya,26023,Haiyore! Nyaruko-san F,5
294018,athoszxc,6380,Tetsuwan Birdy Decode: The Cipher,7
378152,Webbylol,2961,Digimon Adventure Movie,8
448544,Noble93,10863,Steins;Gate: Oukoubakko no Poriomania,9
459757,celydia,33506,Ao no Exorcist: Kyoto Fujouou-hen,9
363066,niks,3731,Itazura na Kiss,10
397448,Lonewolf13,10029,Coquelicot-zaka kara,6
1279599,Kikari,8479,Hetalia World Series,10
470233,n8marezero,5019,Lupin III: Sweet Lost Night - Mahou no Lamp wa Akumu no Yokan,8
300617,KittieDoom,198,Speed Grapher,8
40665,kwen,38753,Araburu Kisetsu no Otome-domo yo.,8
97759,Jagra,58,Blue Gender,8
409973,emilyslash,31387,Aru Hi Inu no Kuni kara Tegami ga Kite,9
11868,Nerveux,137,Hunter x Hunter: Original Video Animation,9
1086467,rychu_s,8425,Gosick,9
392854,Danzivar,1340,Yami no Shihosha Judge,5
482692,luluetcompagnie,339,Serial Experiments Lain,8
1117285,Lu_chan,11321,Nee Summer!,10
1121951,kizuna_yui,2685,Tsubasa: Tokyo Revelations,8
1199201,lovelydeath,31163,Dimension W,8
315902,animedork95,15439,"Kono Danshi, Ningyo Hiroimashita.",8
322751,Renlong,8841,Kore wa Zombie desu ka?,7
1075541,S3GLAD,801,Koukaku Kidoutai: Stand Alone Complex 2nd GIG,9
1120441,mndlika,6462,Amefuri Kozou,8
347522,clever_level,6964,Yuu☆Yuu☆Hakusho Picture Drama,7
291206,narushika,30205,Aoharu x Kikanjuu,9
40281,Ashaman,5341,Ookami to Koushinryou II,8
754093,jobbinjon,759,Tokyo Godfathers,10
425329,GHAK,25731,Cross Ange: Tenshi to Ryuu no Rondo,8
64516,JayF,12729,High School DxD OVA,8
346932,CoonCatLion,777,Hellsing Ultimate,9
313804,LuckyVic,664,Fullmetal Alchemist: Reflections,7
9135,brass2themax,1686,Bleach Movie 1: Memories of Nobody,7
774977,aarx3,6351,"Clannad: After Story - Mou Hitotsu no Sekai, Kyou-hen",7
314423,Andziei,32542,Sakamoto desu ga?,8
87623,mariska,1778,Dae Jang Geum: Jang Geum's Dream,9
533903,BrownOsment,21995,Ao Haru Ride,7
979257,anamaterasu,10357,Jinrui wa Suitai Shimashita,9
68123,Naoji,120,Fruits Basket,8
290875,Fearx437,16894,Kuroko no Basket 2nd Season,7
104640,Akira15219,1079,Armitage III,7
529299,crnisokol,889,Black Lagoon,7
97577,jugoku_shojo_99,257,Ikkitousen,6
84350,DRHELL,1170,Slayers Specials,9
81240,Mmarylyn,656,Air in Summer,8
6066,callen8yam2,2424,"Suteki desu wa, Sakura-chan! Tomoyo no Cardcaptor Sakura Katsuyaku Video Nikki!",8
99196,azurewraith,24439,Kekkai Sensen,7
1046,Krelian,38671,Enen no Shouboutai,8
118806,SickeninglySweet,93,Kidou Senshi Gundam SEED,8
980661,Kiesman,3655,Nabari no Ou,7
426678,Mellotron,30123,Akagami no Shirayuki-hime,7
37946,Struppi,9253,Steins;Gate,10
1083157,Goku26484,6547,Angel Beats!,8
39804,TomoyoSakagami89,14741,Chuunibyou demo Koi ga Shitai!,8
547877,Lytrise,1222,Bokura ga Ita,6
98420,AHKX,5258,Hajime no Ippo: New Challenger,9
346447,Psychowolf00,27525,Fate/kaleid liner Prisma☆Illya 2wei Herz!,7
62321,Shino-Bakura,190,Love Hina Again,6
302299,DIETSODA,5,Cowboy Bebop: Tengoku no Tobira,8
1221123,Wa-Ta-Shi,14669,Aura: Maryuuin Kouga Saigo no Tatakai,6
6140,trafagibr,1544,Super Robot Taisen OG The Animation,7
9123,Hemplord,1765,Vampire Sensou,7
369638,Sasukeavenger,4106,Trigun: Badlands Rumble,8
1117223,lilaznejikid,37982,Domestic na Kanojo,8
29784,Kairun,168,s.CRY.ed,9
363421,Karolis777,9982,Fairy Tail OVA,8
409397,kaitoupitchie,431,Howl no Ugoku Shiro,10
3482,thotimo,30276,One Punch Man,7
346828,equanox,6324,Omamori Himari,6
8557,Elturi,1995,Lingerie Senshi Papillon Rose,9
439832,efa,237,Koukyoushihen Eureka Seven,8
1117041,Duo001,88,Kidou Senshi Gundam F91,9
109080,freeone3000,433,"Kumo no Mukou, Yakusoku no Basho",7
499630,DriftedPillow,12967,Arcana Famiglia,7
104296,Dijann94,64,Rozen Maiden,9
90810,Cyabvear,1535,Death Note,8
480759,madarakishimoto,1,Cowboy Bebop,9
1179837,RanRan1223,6573,Darker than Black: Ryuusei no Gemini,7
375172,MayoSamurai,834,Bleach: The Sealed Sword Frenzy,5
473948,InvaderMonkey,4262,Koihime†Musou,6
402283,SaapeXD,36896,Boku no Hero Academia the Movie 1: Futari no Hero,9
461358,gameboyja,13057,Peace Hame!,10
65679,pd-iregi-kisame,42897,Horimiya,8
570991,akonij,10521,Working'!!,9
291167,rjimenez,23945,Majimoji Rurumo,6
336625,Andy9029,1735,Naruto: Shippuuden,9
53574,SasoGryphon,889,Black Lagoon,8
1233649,mmm96,1195,Zero no Tsukaima,9
437514,shuffler,3352,Tengen Toppa Gurren Lagann: Mitee Mono wa Miteen da!!,9
60388,Kannot,19703,Kyousou Giga (TV),6
303825,Eazy-e15,195,Onegai☆Teacher,10
730747,Salivia,20507,Noragami,8
1266977,Rakoras,106,Hana yori Dango,5
1120161,KommanderKibble,19291,Pokemon XY,6
450190,DooM07,529,Saishuu Heiki Kanojo,6
1241025,nerolelouch1101,572,Kaze no Tani no Nausicaä,8
57070,Nova_de_Genesis,3958,Kannagi,7
1169133,cinifica,4053,Tennis no Oujisama: Zenkoku Taikai-hen - Final,8
105605,heroizumi,39699,King of Prism: Shiny Seven Stars,8
313178,LegendaryBroli,3485,Koukaku Kidoutai: Stand Alone Complex 2nd GIG - Tachikoma na Hibi,9
425235,Feliksa,10793,Guilty Crown,4
18653,ravenshope7,10805,Kami nomi zo Shiru Sekai: 4-nin to Idol,7
481002,kuxota,26243,Owari no Seraph,7
1202109,LegendaryLong,8074,Highschool of the Dead,10
761655,keiwai,9253,Steins;Gate,8
66037,MapleRose,39710,Yesterday wo Utatte,5
99824,uygarr,272,Noir,9
97271,XeMz,21507,Soul Eater NOT!,9
926727,JJR1971,20543,Bayonetta: Bloody Fate,8
508033,captcube,1889,Higurashi no Naku Koro ni Kai,10
22314,dzAio,17187,Koukaku Kidoutai Arise: Ghost in the Shell - Border:1 Ghost Pain,8
1218203,AyatoKamina87,11433,Ano Natsu de Matteru,9
467358,cbvpt,6114,Rainbow: Nisha Rokubou no Shichinin,8
1079231,eturtle,12291,Acchi Kocchi,8
502374,seishun-oizu,830,Sexfriend,7
512936,Myke143,17074,Monogatari Series: Second Season,10
375962,WhiteRiceness,21855,Hanamonogatari,8
27005,waz-9975,272,Noir,8
29711,-Savvy-,32281,Kimi no Na wa.,10
533803,Dezertirov,9353,D.C. I&II P.S.P. Re-Animated,10
1269445,Mercuriade,16916,Kuroko no Basket: Tip Off,8
477902,TFOG,4186,Chrome Shelled Regios,8
421597,MrRaindrop,2155,Kono Aozora ni Yakusoku wo: Youkoso Tsugumi Ryou e,4
94149,frugo,72,Full Metal Panic? Fumoffu,10
489668,Whis,9756,Mahou Shoujo Madoka★Magica,7
304240,Shanghai,28025,Tsukimonogatari,6
1131603,Dark-anna,10156,Sacred Seven,8
1129997,Phaedra,1691,Kaze no Stigma,8
54884,Jovox,1568,Sumomomo Momomo: Chijou Saikyou no Yome,8
14331,indellible,6880,Deadman Wonderland,7
1091703,Kuraddo,270,Hellsing,6
1289651,Hir0me-chann,16009,Kamisama no Inai Nichiyoubi,8
106259,tomtw,1195,Zero no Tsukaima,8
75339,estrela,4752,Vampire Knight Guilty,10
336210,friedforfun,1210,NHK ni Youkoso!,9
102622,almosvagyok,857,Air Gear,8
399824,Kameral,2001,Tengen Toppa Gurren Lagann,6
371816,Zabijak47,39991,Promare: Galo-hen,7
544117,yikanxu,15037,Corpse Party: Tortured Souls - Bougyakusareta Tamashii no Jukyou,6
450504,ARIOO7,2963,Minami-ke,8
1112247,jsw99123,6746,Durarara!!,8
466045,nerfy,6746,Durarara!!,6
1128245,Gamindustri,32902,Mahoutsukai no Yome: Hoshi Matsu Hito,10
5157,Nemphtis,23327,Space☆Dandy 2nd Season,8
425717,jinbang,17549,Non Non Biyori,10
1185759,JoseSepulvedaC,6547,Angel Beats!,10
1219307,Mateushu,15451,High School DxD New,8
314554,medicunderfire,40456,Kimetsu no Yaiba Movie: Mugen Ressha-hen,8
1197597,Gildar,31637,"Gate: Jieitai Kanochi nite, Kaku Tatakaeri Part 2",8
97801,char14,849,Suzumiya Haruhi no Yuuutsu,8
313982,Durklopp,8230,True Tears Epilogue,9
1215957,Gosui,9513,Beelzebub,9
727841,shuffy,11499,Sankarea,8
448324,spacemonkey1337,7338,Darker than Black: Kuro no Keiyakusha Gaiden,8
725425,tempesta-theos,2142,Blue Dragon,6
456871,Judicar,5114,Fullmetal Alchemist: Brotherhood,10
364327,Auchi,4975,ChäoS;HEAd,2
1143233,inverse12,6746,Durarara!!,8
406022,ailexc,6231,Detective Conan Magic File 3: Shinichi and Ran - Memories of Mahjong Tiles and Tanabata,8
516489,jaxdash12,40454,Dungeon ni Deai wo Motomeru no wa Machigatteiru Darou ka III,8
512295,mabufufu,35320,Cardcaptor Sakura: Clear Card-hen Prologue - Sakura to Futatsu no Kuma,7
473666,Zonvolt,5355,Sengoku Basara,8
1192315,JITensa,1735,Naruto: Shippuuden,9
1168915,WhiteHorizon,5342,Asura Cryin',6
504345,LuckyAlix,15411,Arcana Famiglia: Capriccio - stile Arcana Famiglia,6
87492,manymoose,565,Steamboy,6
432700,alexie,9213,Kowarekake no Orgel,8
113939,Aichman,237,Koukyoushihen Eureka Seven,9
458890,Flamboyant,659,Azumanga Daiou: Gekijou Tanpen,8
44886,Ekowc,10209,Kore wa Zombie desu ka? OVA,6
80910,malum,21511,Kantai Collection: KanColle,6
958517,Arcan0,11757,Sword Art Online,9
57447,Miraiangel,121,Fullmetal Alchemist,10
19616,skmDoll,1486,Kodomo no Omocha (TV),10
25945,ironpirate,1535,Death Note,10
451453,Mikeru,1996,Full Moon wo Sagashite: Kawaii Kawaii Daibouken,8
341201,meitantei24,390,Suzuka,10
510342,muusicluvr,507,Gravitation: Lyrics of Love,9
425244,mirroro,6880,Deadman Wonderland,8
57854,Makahi,11239,Hidamari Sketch x Honeycomb,9
483859,Rin_Akairo,1243,Night Head Genesis,6
379063,ge_standards,30652,Long Riders!,7
6674,hozhui,2123,Digimon X-Evolution,9
390011,Vilmos_95,7054,Kaichou wa Maid-sama!,10
367628,wanderer_black,121,Fullmetal Alchemist,8
487571,L-Kratos,35252,Hatena☆Illusion,4
35222,SGX,896,Dragon Ball Z Movie 03: Chikyuu Marugoto Choukessen,8
447264,SuzuS777,6467,Detective Conan Movie 14: The Lost Ship in the Sky,10
358190,LunaTears,23289,Gekkan Shoujo Nozaki-kun,10
898603,Morleh,9930,Snow Halation,10
60938,KA0S,226,Elfen Lied,6
40143,Oodi,2517,Eikoku Koi Monogatari Emma: Intermission,9
1203923,tano-c,9776,A-Channel,6
457225,Rosett,1567,Kaitou Saint Tail,7
323570,niktorak,987,Dragon Ball GT: Gokuu Gaiden! Yuuki no Akashi wa Suushinchuu,6
400434,batriti,2923,Shugo Chara!,7
106381,suicidalbanrney,6772,Break Blade Movie 1: Kakusei no Toki,9
111623,bigou,392,Yuu☆Yuu☆Hakusho,10
35252,Whoomp,2983,Digital Devil Story: Megami Tensei,4
383641,e102gamma2002,3712,Zero no Tsukaima: Princesses no Rondo,7
23351,NemesisNex,10552,Akebi no Hana: Maho,6
1236855,RyuuzakiPL,1535,Death Note,10
559,Gyad,1060,Oruchuban Ebichu,2
1222597,Trappy,2006,Yu☆Gi☆Oh! (Movie),8
474617,sn0w,38101,5-toubun no Hanayome,7
318059,steveEmorel,43439,Shadows House,8
81814,Krad-sama,25241,AkaKill! Gekijou,8
353909,Sally940,11741,Fate/Zero 2nd Season,9
480460,kibago35,14353,Death Billiards,8
51702,lucynyu,71,Full Metal Panic!,9
1066395,ForteCross,11759,Accel World,7
95607,Titan_Wing,392,Yuu☆Yuu☆Hakusho,7
47562,Rangdrix,1575,Code Geass: Hangyaku no Lelouch,10
50576,IchiroEX,898,Dragon Ball Z Movie 05: Tobikkiri no Saikyou tai Saikyou,8
319355,Susaruna,918,Gintama,9
115869,Storgo,8425,Gosick,7
382273,Darkrukia,60,Chrno Crusade,8
339907,Blackrose271,15,Eyeshield 21,9
353039,kirillre4,10012,Carnival Phantasm,8
515453,MrPigMan,20,Naruto,7
107928,Neoscream,35849,Darling in the FranXX,8
542993,Lott0,5680,K-On!,8
397494,NewWorldOrder,1313,Digimon Adventure 02,8
358321,WhiteLancer64,189,Love Hina,7
13503,Kusanagi,33,Kenpuu Denki Berserk,9
487659,ladyfaile,260,Happy☆Lesson (TV),7
545275,DeathBySunlight,2904,Code Geass: Hangyaku no Lelouch R2,2
1100595,hioga,270,Hellsing,8
524613,LoliconAnonimo,4059,"Clannad: Mou Hitotsu no Sekai, Tomoyo-hen",8
409616,lanie_couleur,32189,Danganronpa 3: The End of Kibougamine Gakuen - Mirai-hen,7
481227,ronluna,124,Fushigi Yuugi: Eikouden,9
87223,fishball,932,Ichigeki Sacchuu!! Hoihoi-san,10
60620,Clowtheshadow,614,Okusama wa Mahou Shoujo,7
118259,BlueSkies,6984,Hidamari Sketch x 365 Specials,7
51492,ensetsu,4789,ef: A Tale of Melodies.,8
1214791,DatHentai,16914,Chu Shite Agechau: Oshikake Oneesan no Seikou Chiryou,6
465373,Byakkoxtouhou,11665,Natsume Yuujinchou Shi,7
491511,--LuLu--,139,Hunter x Hunter: Greed Island Final,10
90223,WooHoo,877,Nana,8
527847,Redivan,1505,Detective Conan Movie 09: Strategy Above the Depths,8
313476,PsiX,5342,Asura Cryin',9
1245,shinjikasuka,11433,Ano Natsu de Matteru,10
1279355,zmiksa,11499,Sankarea,8
97956,Mizo,8476,Otome Youkai Zakuro,7
1243999,Anoname_,225,Dragon Ball GT,7
75596,earthtrap,10110,Mayo Chiki!,8
298107,ErzaRina,957,Saiunkoku Monogatari,7
7606,animejnkie,8247,Bleach Movie 4: Jigoku-hen,7
10042,cloudtheclow,5081,Bakemonogatari,8
40337,Zerakus,36906,Jashin-chan Dropkick,6
521597,Jon-Alsup,551,Grappler Baki: Saidai Tournament-hen,9
482957,Sonya-nyan,1815,Shakugan no Shana Movie,10
107445,salohcin404,21,One Piece,7
1086589,KanraaChan,5030,Maria†Holic,3
23157,Code_Monkey,165,RahXephon,7
298580,UsagiAddict,8460,Mirai Nikki,6
392623,savikov,7,Witch Hunter Robin,9
508809,MarkBlackbird,4898,Kuroshitsuji,8
1083011,ZeroDaizy,10397,Mashiro-iro Symphony: The Color of Lovers,7
83937,grabthesky,392,Yuu☆Yuu☆Hakusho,9
503184,_digitaLily,37651,Fate/Extra: Last Encore - Illustrias Tendousetsu,7
379753,nikosaru,2236,Toki wo Kakeru Shoujo,10
492097,Osyrez,136,Hunter x Hunter,9
16131,Sakura_Tomoe,15689,Nekomonogatari: Kuro,9
76315,illiteratewhino,23225,Yuru Yuri Nachuyachumi!,8
44294,yamijubaku,598,Jinzou Ningen Kikaider The Animation,8
317903,Nymanga,576,Magikano,6
80139,tia_deltora,10408,Hotarubi no Mori e,9
795899,kZero,886,Amaenaide yo!! Katsu!!,7
553817,R_A_I,7148,Ladies versus Butlers!,5
1166613,dotachin56,31043,Boku dake ga Inai Machi,9
340792,Max-Senpai,5682,Phantom: Requiem for the Phantom,10
75261,FlandreScarlet-,5940,Seiken no Blacksmith,7
563753,PhantomGirl,34240,Shelter (Music),5
1125623,Baptross,1689,Byousoku 5 Centimeter,9
20761,seem,320,A Kite,6
377832,Roogya,2167,Clannad,8
313866,Ivelitos,37779,Yakusoku no Neverland,7
391292,Benjamin0119,512,Majo no Takkyuubin,10
21554,Kurisu86,235,Detective Conan,7
455387,xanthuss1991,10119,Seitokai Yakuindomo OVA,6
1214419,snoopy2k,3588,Soul Eater,6
1174345,crunchyjoe,8917,Mouretsu Pirates,7
491264,reyzza,2166,Doujin Work,8
479973,jennybelly143,12413,Jormungand,10
90025,rasenkai,4705,Tengen Toppa Gurren Lagann: Parallel Works,7
87787,Field_Sage,6213,Toaru Kagaku no Railgun,3
461554,sern19,889,Black Lagoon,8
387215,Pufik,2154,Tekkon Kinkreet,7
1209447,calegp,2899,Higurashi no Naku Koro ni Special: Nekogoroshi-hen,6
443853,MedicineSeller,3167,Eve no Jikan,8
386721,Mezzaro,23281,Psycho-Pass 2,7
341709,OzOWizard,3712,Zero no Tsukaima: Princesses no Rondo,5
506312,Axel_Godspell,393,Escaflowne,9
77624,phammo,125,Futakoi,9
556719,ozuosoroshii,11597,Nisemonogatari,7
485668,Igetsu,1604,Katekyo Hitman Reborn!,8
47078,cmokz,1115,Handsome Girl,5
519565,GreySilence,11843,Danshi Koukousei no Nichijou,8
487111,Shiorins,40456,Kimetsu no Yaiba Movie: Mugen Ressha-hen,10
520397,Gotor,8861,"Yosuga no Sora: In Solitude, Where We Are Least Alone.",8
1097301,9Tales,31174,Osomatsu-san,8
62597,treviro,28069,Shigatsu wa Kimi no Uso: Moments,8
85213,Primox,35860,Karakai Jouzu no Takagi-san,8
1205385,onigirinekochan,379,Heppoko Jikken Animation Excel♥Saga,9
49076,Minos,182,Tenkuu no Escaflowne,7
833509,SkyFlaex95,9656,Kimi ni Todoke 2nd Season,10
295175,jwu,64,Rozen Maiden,10
80930,Megamii,7724,Shiki,9
72834,drajin,156,X,9
25594,FioriZonta,27833,Durarara!!x2 Ketsu,7
448208,Draculina_x,6746,Durarara!!,9
458570,judg,51495,Shin Shinka no Mi: Shiranai Uchi ni Kachigumi Jinsei,5
355083,jacobi290,34281,High School DxD Hero,7
117901,Chthonia,6774,Kuuchuu Buranko,6
1216591,imxnekoxlover,150,Blood+,9
348197,Thingything,3588,Soul Eater,5
1096325,ecimir,28927,Owari no Seraph: Nagoya Kessen-hen,6
47740,Zarxce,1210,NHK ni Youkoso!,9
637289,Prophet95,21845,Ushinawareta Mirai wo Motomete,8
399202,maxamed,225,Dragon Ball GT,7
5208,sleek,24,School Rumble,6
332867,Shizuo_89,8481,"""Bungaku Shoujo"" Memoire",7
363300,Konnata,5957,Nyoro-n Churuya-san,7
296777,Vendettlia,853,Ouran Koukou Host Club,7
65192,FrozenAngel,11111,Another,9
63126,Haillsyeahh,12531,Sakamichi no Apollon,10
3914,DreaMHunteR,7103,Miracle☆Train: Oedo-sen e Youkoso,5
414714,xblackveilhearts,13333,Tari Tari,8
428165,Lukee91,2685,Tsubasa: Tokyo Revelations,9
20991,Vurtox,8577,Aki-Sora: Yume no Naka,5
321885,soulTEARxDsRAIN,6682,11eyes,5
297628,animefrodo,30,Neon Genesis Evangelion,10
388772,Parse,37349,Goblin Slayer,7
20016,Onichi,874,Digimon Tamers,6
321312,larsa7,35760,Shingeki no Kyojin Season 3,8
1242379,KenMatsu_,893,Dragon Ball Movie 4: Saikyou e no Michi,5
99480,RahmDMC,853,Ouran Koukou Host Club,8
474278,ChrisKremo,35823,Demi-chan wa Kataritai: Demi-chan no Natsuyasumi,7
446306,unaluna,7088,Ichiban Ushiro no Daimaou,5
985583,paskaahousussa,10087,Fate/Zero,9
49322,P-Senpai,34443,Baki,8
351452,chaelmii,40748,Jujutsu Kaisen,10
376670,Hitsura,2923,Shugo Chara!,5
406378,Lacra,31757,Kizumonogatari II: Nekketsu-hen,9
24582,Dhyhalut,121,Fullmetal Alchemist,8
485979,Twistedes,8654,I☆Can,8
1094799,SaXXoR,27899,Tokyo Ghoul √A,7
475504,Tormented,33253,Ajin Part 2,8
43685,lollerskates,6299,Maria-sama ga Miteru 4th Specials,10
457429,warwolf666,27525,Fate/kaleid liner Prisma☆Illya 2wei Herz!,8
63671,foxia,4081,Natsume Yuujinchou,10
73121,krisla,120,Fruits Basket,8
292641,kisteaz,11769,Gokujo.: Gokurakuin Joshikou Ryou Monogatari,8
4941,andgitfullice,845,Kiba,7
743269,iOrigamiCyclone,8074,Highschool of the Dead,7
402245,jal90,13369,Cornelis,7
36743,Emphy,223,Dragon Ball,10
27008,Kamitori,7817,B-gata H-kei,7
495297,hemogglobina,355,Shakugan no Shana,10
68183,Blackdragon,419,Samurai Deeper Kyou,8
79586,Alekta,908,Fullmetal Alchemist: Premium Collection,9
8596,retardation,9989,Ano Hi Mita Hana no Namae wo Bokutachi wa Mada Shiranai.,8
296507,Jakuhai,47917,Bocchi the Rock!,9
1153677,martinaschl,9756,Mahou Shoujo Madoka★Magica,10
460732,D4RKSP4RT4N,40839,"Kanojo, Okarishimasu",10
1128733,Rediar52,2889,Bleach Movie 2: The DiamondDust Rebellion - Mou Hitotsu no Hyourinmaru,5
56595,sadface,290,Seikai no Monshou,8
53741,Arazial,3911,Shuukaku no Yoru,6
397533,mew156,9513,Beelzebub,10
510131,Kanjo,39417,Granbelm,7
57041,kikeek,37585,Yarichin☆Bitch-bu,9
5749,LunarEmerald,150,Blood+,7
466947,Finjas,10163,C: The Money of Soul and Possibility Control,6
332443,miha4406,9756,Mahou Shoujo Madoka★Magica,10
3608,Wargasm,2104,Seto no Hanayome,10
1071447,meatstakk,1723,Clannad Movie,8
1084709,MiyatouSeishirou,5678,Kobato.,7
324339,thequantumcat,17357,Dokidoki! Precure Movie: Mana Kekkon!!? Mirai ni Tsunagu Kibou no Dress,6
86118,kazuyakl,195,Onegai☆Teacher,1
741999,Bonfi94,199,Sen to Chihiro no Kamikakushi,10
710429,Reynov,10030,Bakuman. 2nd Season,10
105713,jimmyliu1,4078,Kyou no 5 no 2 Kagai Jugyou: Mizukake,8
418002,mkw1991,1047,On Your Mark,10
612077,dextor,9379,Denpa Onna to Seishun Otoko,6
328088,Michiyou,2923,Shugo Chara!,5
510832,lia_holla,1698,Nodame Cantabile,8
339542,Schniggor,761,Naruto: Akaki Yotsuba no Clover wo Sagase,4
413122,thejosh18,15451,High School DxD New,8
10051,AnOldMeINeverSee,1408,Kao no nai Tsuki,7
460705,HobbaInaste,31580,Ajin,9
84350,DRHELL,1568,Sumomomo Momomo: Chijou Saikyou no Yome,9
485799,mrlogicgirl,635,Juubee-chan: Lovely Gantai no Himitsu,6
332806,Nekoroll,48453,Super Crooks,6
1088173,AMEDOKKAN,21,One Piece,9
1224271,destinydeoxys,12883,Tsuritama,9
64044,SideCharacter,5,Cowboy Bebop: Tengoku no Tobira,8
558957,ChaoticStorm,3853,Crayon Shin-chan Manatsu no Yoru ni Ora Sanjou! Arashi wo Yobu Den-O vs. Shin-O 60-bu Special!!,6
354935,OrderMage,3588,Soul Eater,9
1244235,Slipy,6594,Katanagatari,9
1167813,Tamae28,585,Mimi wo Sumaseba,4
475337,ktoska,226,Elfen Lied,6
32762,cutepopularmaido,3782,Kara no Kyoukai Movie 2: Satsujin Kousatsu (Zen),7
87101,Tijami,1563,Magic Knight Rayearth II,8
328660,alabamaml,269,Bleach,8
508826,Idzuu,14967,Boku wa Tomodachi ga Sukunai Next,8
1235419,virtuz,5973,Fight Ippatsu! Juuden-chan!!,7
38394,Eternally88,11491,Recorder to Randoseru Do♪,8
313828,Daveid,72,Full Metal Panic? Fumoffu,10
645411,Marcokotaro,6746,Durarara!!,10
395684,Tyrayl,51711,Hyouken no Majutsushi ga Sekai wo Suberu,6
432458,Shyne95,20907,Ookii 1 Nensei to Chiisana 2 Nensei,8
37659,ozmodiar,25537,Fate/stay night Movie: Heaven's Feel - I. Presage Flower,7
341506,Gothic_Laces_Xx,3588,Soul Eater,8
491520,_Rin,517,School Rumble: Ichi Gakki Hoshuu,7
919605,VictorDCR,6512,Nyan Koi!,5
490933,AnarchyBells,249,InuYasha,8
322833,Kaio_Tasuja,7711,Karigurashi no Arrietty,7
321391,Staggeringstrife,3229,Kimi ga Aruji de Shitsuji ga Ore de,7
528567,XDeathscytheX,17641,Date A Live: Date to Date,7
362857,joka25,900,Dragon Ball Z Movie 07: Kyokugen Battle!! Sandai Super Saiyajin,8
296806,Justa0120,9065,Hakuouki: Hekketsuroku,10
468359,panther0606,61,D.N.Angel,6
4080,kYuBi_FoX,1292,Afro Samurai,6
311381,sebastainishot,3731,Itazura na Kiss,9
474818,sick_man,6030,Needless,7
1065559,Majin3,10719,Boku wa Tomodachi ga Sukunai,8
2898,Ni-sha,40815,Honzuki no Gekokujou: Shisho ni Naru Tame ni wa Shudan wo Erandeiraremasen 2nd Season,8
106788,Yanato,873,.hack//Roots,9
31428,Spawwvy,6148,Yurumates,8
26321,PP618,325,Peach Girl,10
334930,DrStein418,1840,Zero no Tsukaima: Futatsuki no Kishi,7
13817,zombiexhead,4177,Bounen no Xamdou,2
982877,JuilkaOrange,36862,Made in Abyss Movie 3: Fukaki Tamashii no Reimei,9
1088821,101213,10191,Katte ni Kaizou,9
470302,Zelroy,569,Musekinin Kanchou Tylor,8
77207,alice2k,5163,Code Geass: Hangyaku no Lelouch R2 Picture Drama,7
2569,InNeR_dEmOn258,1240,Bishoujo Senshi Sailor Moon SuperS: Sailor 9 Senshi Shuuketsu! Black Dream Hole no Kiseki,7
463865,BlazeBlue,249,InuYasha,9
354594,Peppah,38157,Circlet Princess,7
382459,simplechild,2890,Gake no Ue no Ponyo,6
59215,kazearashi,3616,Kamen no Maid Guy,8
437894,gofobroke,10620,Mirai Nikki (TV),8
474568,Newmn84,14837,Dragon Ball Z Movie 14: Kami to Kami,7
423967,Arid_Sands,48895,Overlord IV,8
1165753,Silo-hime,31798,Kiznaiver,6
571207,Sara444,1575,Code Geass: Hangyaku no Lelouch,10
104883,brittz,1142,Hachimitsu to Clover II,9
296879,Marbius,16592,Danganronpa: Kibou no Gakuen to Zetsubou no Koukousei The Animation,6
14069,El_Oso,156,X,8
322613,asbajini,4918,xxxHOLiC Shunmuki,8
89855,Joeyo,6772,Break Blade Movie 1: Kakusei no Toki,8
22279,zoldicks,8915,Dantalian no Shoka,5
107787,jeff744,7674,Bakuman.,9
1233023,Grieverz,14829,Fate/kaleid liner Prisma☆Illya,7
513710,MeltyMatt,4155,One Piece Film: Strong World,10
1108937,Secach,1412,Lupin III,7
498929,Ao-hoshi,5060,Hetalia Axis Powers,9
