aid,gid
1,1
5,1
6,1
7,1
18,1
20,1
21,1
23,1
25,1
26,1
27,1
29,1
30,1
33,1
43,1
44,1
45,1
47,1
51,1
54,1
55,1
60,1
61,1
64,1
65,1
67,1
68,1
69,1
71,1
72,1
73,1
75,1
76,1
77,1
80,1
90,1
91,1
93,1
94,1
95,1
97,1
98,1
110,1
112,1
113,1
121,1
127,1
128,1
129,1
130,1
131,1
132,1
134,1
136,1
137,1
138,1
139,1
142,1
149,1
150,1
151,1
152,1
153,1
154,1
155,1
156,1
161,1
164,1
165,1
168,1
169,1
174,1
175,1
177,1
180,1
181,1
184,1
185,1
186,1
187,1
194,1
198,1
202,1
204,1
205,1
206,1
207,1
208,1
209,1
210,1
212,1
218,1
219,1
221,1
222,1
223,1
225,1
226,1
227,1
230,1
231,1
238,1
249,1
266,1
267,1
269,1
270,1
271,1
272,1
274,1
278,1
282,1
284,1
285,1
288,1
290,1
296,1
297,1
300,1
301,1
305,1
315,1
317,1
320,1
321,1
340,1
347,1
355,1
356,1
359,1
366,1
370,1
374,1
375,1
377,1
378,1
384,1
389,1
392,1
395,1
396,1
397,1
398,1
399,1
400,1
404,1
408,1
411,1
416,1
417,1
426,1
432,1
434,1
438,1
442,1
446,1
447,1
449,1
450,1
451,1
452,1
459,1
460,1
461,1
462,1
463,1
464,1
465,1
466,1
467,1
473,1
478,1
479,1
481,1
482,1
483,1
486,1
492,1
493,1
498,1
502,1
504,1
515,1
527,1
528,1
537,1
539,1
540,1
541,1
543,1
544,1
548,1
550,1
552,1
554,1
560,1
561,1
565,1
566,1
567,1
571,1
573,1
582,1
589,1
594,1
598,1
599,1
602,1
603,1
619,1
621,1
624,1
635,1
636,1
650,1
690,1
693,1
709,1
712,1
732,1
738,1
751,1
758,1
760,1
762,1
763,1
767,1
769,1
777,1
791,1
801,1
807,1
808,1
813,1
821,1
822,1
833,1
834,1
839,1
842,1
854,1
856,1
857,1
860,1
876,1
878,1
882,1
883,1
884,1
887,1
888,1
889,1
890,1
891,1
892,1
893,1
894,1
895,1
896,1
897,1
898,1
899,1
900,1
901,1
902,1
903,1
904,1
905,1
906,1
913,1
916,1
917,1
918,1
924,1
925,1
926,1
929,1
935,1
936,1
937,1
938,1
944,1
949,1
953,1
956,1
958,1
961,1
967,1
968,1
969,1
970,1
971,1
974,1
977,1
978,1
979,1
987,1
988,1
991,1
992,1
998,1
999,1
1000,1
1002,1
1006,1
1009,1
1010,1
1011,1
1017,1
1019,1
1020,1
1022,1
1024,1
1027,1
1033,1
1034,1
1037,1
1043,1
1051,1
1052,1
1055,1
1057,1
1059,1
1062,1
1067,1
1069,1
1072,1
1074,1
1076,1
1079,1
1080,1
1081,1
1086,1
1088,1
1089,1
1090,1
1091,1
1092,1
1094,1
1101,1
1102,1
1107,1
1111,1
1112,1
1118,1
1122,1
1130,1
1132,1
1133,1
1135,1
1136,1
1145,1
1147,1
1149,1
1150,1
1153,1
1156,1
1157,1
1160,1
1165,1
1167,1
1176,1
1178,1
1179,1
1180,1
1181,1
1182,1
1189,1
1191,1
1194,1
1195,1
1202,1
1211,1
1212,1
1221,1
1224,1
1225,1
1226,1
1228,1
1231,1
1232,1
1233,1
1236,1
1237,1
1238,1
1244,1
1245,1
1246,1
1248,1
1249,1
1252,1
1253,1
1254,1
1257,1
1259,1
1261,1
1262,1
1268,1
1269,1
1270,1
1276,1
1285,1
1286,1
1287,1
1292,1
1293,1
1295,1
1296,1
1297,1
1298,1
1303,1
1313,1
1314,1
1331,1
1336,1
1338,1
1341,1
1342,1
1343,1
1344,1
1345,1
1346,1
1348,1
1349,1
1350,1
1351,1
1352,1
1355,1
1356,1
1357,1
1362,1
1372,1
1378,1
1381,1
1383,1
1384,1
1397,1
1398,1
1399,1
1400,1
1410,1
1412,1
1413,1
1414,1
1415,1
1416,1
1417,1
1418,1
1419,1
1420,1
1421,1
1422,1
1423,1
1424,1
1425,1
1426,1
1427,1
1428,1
1429,1
1430,1
1431,1
1432,1
1433,1
1434,1
1435,1
1436,1
1437,1
1438,1
1439,1
1442,1
1443,1
1451,1
1454,1
1455,1
1456,1
1457,1
1458,1
1459,1
1460,1
1465,1
1468,1
1469,1
1470,1
1471,1
1472,1
1473,1
1474,1
1475,1
1476,1
1477,1
1481,1
1482,1
1484,1
1488,1
1490,1
1492,1
1493,1
1498,1
1517,1
1519,1
1525,1
1526,1
1529,1
1534,1
1536,1
1537,1
1538,1
1541,1
1542,1
1544,1
1553,1
1557,1
1559,1
1560,1
1564,1
1565,1
1568,1
1573,1
1575,1
1576,1
1577,1
1582,1
1583,1
1590,1
1596,1
1599,1
1603,1
1604,1
1606,1
1609,1
1618,1
1620,1
1621,1
1622,1
1623,1
1626,1
1628,1
1629,1
1641,1
1643,1
1645,1
1647,1
1650,1
1651,1
1652,1
1657,1
1658,1
1660,1
1661,1
1664,1
1665,1
1667,1
1668,1
1669,1
1670,1
1671,1
1675,1
1676,1
1678,1
1681,1
1682,1
1685,1
1686,1
1691,1
1693,1
1694,1
1696,1
1703,1
1704,1
1706,1
1707,1
1708,1
1709,1
1710,1
1713,1
1719,1
1726,1
1731,1
1733,1
1735,1
1736,1
1737,1
1738,1
1740,1
1743,1
1745,1
1746,1
1747,1
1751,1
1759,1
1760,1
1761,1
1762,1
1763,1
1766,1
1768,1
1769,1
1771,1
1773,1
1774,1
1775,1
1777,1
1789,1
1790,1
1792,1
1793,1
1794,1
1795,1
1796,1
1799,1
1800,1
1802,1
1803,1
1805,1
1806,1
1807,1
1811,1
1815,1
1816,1
1818,1
1820,1
1822,1
1823,1
1827,1
1828,1
1830,1
1831,1
1832,1
1833,1
1835,1
1837,1
1840,1
1844,1
1845,1
1848,1
1849,1
1850,1
1853,1
1854,1
1860,1
1862,1
1865,1
1866,1
1873,1
1879,1
1880,1
1898,1
1899,1
1900,1
1901,1
1903,1
1911,1
1913,1
1915,1
1920,1
1921,1
1922,1
1923,1
1924,1
1925,1
1927,1
1928,1
1929,1
1932,1
1933,1
1935,1
1938,1
1944,1
1947,1
1952,1
1954,1
1956,1
1959,1
1962,1
1964,1
1972,1
1977,1
1978,1
1980,1
1992,1
2001,1
2002,1
2003,1
2009,1
2010,1
2011,1
2013,1
2014,1
2019,1
2022,1
2023,1
2025,1
2026,1
2031,1
2032,1
2042,1
2043,1
2048,1
2049,1
2050,1
2051,1
2056,1
2057,1
2058,1
2060,1
2061,1
2062,1
2063,1
2064,1
2065,1
2066,1
2067,1
2068,1
2070,1
2080,1
2083,1
2084,1
2087,1
2089,1
2090,1
2094,1
2097,1
2107,1
2108,1
2109,1
2110,1
2111,1
2113,1
2114,1
2123,1
2124,1
2125,1
2126,1
2127,1
2128,1
2130,1
2138,1
2143,1
2144,1
2154,1
2156,1
2158,1
2161,1
2163,1
2169,1
2170,1
2174,1
2176,1
2178,1
2185,1
2196,1
2200,1
2201,1
2202,1
2203,1
2205,1
2209,1
2212,1
2214,1
2216,1
2234,1
2243,1
2248,1
2249,1
2251,1
2252,1
2253,1
2254,1
2255,1
2256,1
2257,1
2258,1
2262,1
2269,1
2273,1
2283,1
2285,1
2291,1
2292,1
2293,1
2294,1
2298,1
2299,1
2300,1
2301,1
2302,1
2307,1
2312,1
2315,1
2318,1
2319,1
2321,1
2324,1
2331,1
2332,1
2335,1
2341,1
2346,1
2359,1
2361,1
2362,1
2364,1
2382,1
2383,1
2389,1
2390,1
2404,1
2408,1
2418,1
2422,1
2423,1
2448,1
2449,1
2451,1
2452,1
2453,1
2461,1
2462,1
2463,1
2470,1
2472,1
2473,1
2474,1
2475,1
2479,1
2480,1
2482,1
2483,1
2484,1
2510,1
2511,1
2516,1
2521,1
2524,1
2527,1
2560,1
2561,1
2581,1
2582,1
2583,1
2584,1
2589,1
2592,1
2593,1
2598,1
2599,1
2600,1
2601,1
2603,1
2606,1
2607,1
2608,1
2619,1
2620,1
2622,1
2682,1
2683,1
2684,1
2685,1
2688,1
2689,1
2690,1
2692,1
2694,1
2695,1
2696,1
2697,1
2698,1
2699,1
2700,1
2704,1
2709,1
2713,1
2717,1
2719,1
2722,1
2723,1
2724,1
2726,1
2727,1
2731,1
2734,1
2735,1
2737,1
2740,1
2741,1
2745,1
2746,1
2747,1
2754,1
2757,1
2759,1
2762,1
2765,1
2768,1
2769,1
2770,1
2772,1
2775,1
2776,1
2777,1
2778,1
2780,1
2782,1
2785,1
2786,1
2787,1
2791,1
2792,1
2795,1
2797,1
2803,1
2808,1
2818,1
2819,1
2820,1
2837,1
2839,1
2847,1
2851,1
2881,1
2884,1
2889,1
2901,1
2903,1
2904,1
2906,1
2920,1
2933,1
2941,1
2946,1
2951,1
2952,1
2961,1
2969,1
2978,1
2980,1
2987,1
2988,1
3000,1
3008,1
3014,1
3015,1
3016,1
3019,1
3021,1
3022,1
3024,1
3025,1
3027,1
3028,1
3035,1
3036,1
3044,1
3059,1
3060,1
3064,1
3065,1
3067,1
3069,1
3070,1
3071,1
3072,1
3080,1
3086,1
3087,1
3098,1
3099,1
3100,1
3101,1
3104,1
3114,1
3115,1
3116,1
3127,1
3135,1
3147,1
3152,1
3153,1
3154,1
3155,1
3157,1
3166,1
3175,1
3178,1
3183,1
3192,1
3193,1
3213,1
3214,1
3222,1
3223,1
3227,1
3231,1
3232,1
3234,1
3235,1
3248,1
3251,1
3254,1
3269,1
3270,1
3273,1
3274,1
3275,1
3276,1
3277,1
3278,1
3279,1
3280,1
3281,1
3288,1
3300,1
3308,1
3315,1
3323,1
3325,1
3327,1
3342,1
3349,1
3352,1
3354,1
3359,1
3361,1
3363,1
3366,1
3371,1
3389,1
3398,1
3399,1
3402,1
3407,1
3418,1
3429,1
3430,1
3432,1
3444,1
3446,1
3448,1
3464,1
3479,1
3480,1
3481,1
3486,1
3498,1
3505,1
3508,1
3509,1
3511,1
3515,1
3522,1
3525,1
3533,1
3534,1
3547,1
3549,1
3553,1
3561,1
3572,1
3574,1
3579,1
3588,1
3593,1
3594,1
3595,1
3596,1
3599,1
3600,1
3602,1
3603,1
3605,1
3609,1
3613,1
3616,1
3625,1
3626,1
3637,1
3640,1
3653,1
3655,1
3656,1
3661,1
3665,1
3667,1
3670,1
3671,1
3673,1
3675,1
3676,1
3692,1
3712,1
3726,1
3735,1
3745,1
3762,1
3763,1
3764,1
3768,1
3769,1
3782,1
3783,1
3784,1
3785,1
3786,1
3816,1
3825,1
3827,1
3832,1
3840,1
3843,1
3844,1
3846,1
3848,1
3853,1
3861,1
3864,1
3884,1
3900,1
3901,1
3910,1
3913,1
3923,1
3927,1
3931,1
3932,1
3935,1
3948,1
3960,1
3963,1
3964,1
3969,1
3972,1
3974,1
3989,1
4003,1
4012,1
4013,1
4014,1
4026,1
4031,1
4038,1
4039,1
4042,1
4051,1
4052,1
4058,1
4063,1
4067,1
4068,1
4073,1
4075,1
4082,1
4083,1
4087,1
4088,1
4094,1
4106,1
4107,1
4119,1
4121,1
4127,1
4131,1
4134,1
4151,1
4154,1
4155,1
4162,1
4176,1
4177,1
4183,1
4186,1
4192,1
4196,1
4198,1
4208,1
4209,1
4211,1
4240,1
4242,1
4244,1
4252,1
4262,1
4264,1
4280,1
4282,1
4312,1
4318,1
4320,1
4332,1
4334,1
4357,1
4369,1
4371,1
4385,1
4386,1
4406,1
4411,1
4416,1
4420,1
4427,1
4437,1
4439,1
4440,1
4443,1
4454,1
4462,1
4470,1
4486,1
4503,1
4504,1
4509,1
4522,1
4524,1
4531,1
4532,1
4534,1
4540,1
4548,1
4549,1
4565,1
4566,1
4567,1
4574,1
4575,1
4578,1
4581,1
4596,1
4597,1
4618,1
4646,1
4650,1
4654,1
4657,1
4663,1
4664,1
4672,1
4690,1
4693,1
4712,1
4719,1
4725,1
4765,1
4773,1
4808,1
4810,1
4835,1
4851,1
4854,1
4855,1
4856,1
4876,1
4886,1
4898,1
4901,1
4923,1
4927,1
4929,1
4933,1
4934,1
4938,1
4940,1
4961,1
4967,1
4970,1
4981,1
4985,1
5002,1
5019,1
5020,1
5022,1
5023,1
5025,1
5029,1
5031,1
5032,1
5034,1
5039,1
5045,1
5051,1
5052,1
5053,1
5070,1
5071,1
5072,1
5074,1
5075,1
5079,1
5080,1
5090,1
5107,1
5114,1
5136,1
5143,1
5151,1
5152,1
5153,1
5157,1
5164,1
5165,1
5178,1
5189,1
5200,1
5204,1
5205,1
5217,1
5220,1
5225,1
5226,1
5228,1
5232,1
5237,1
5250,1
5251,1
5252,1
5266,1
5270,1
5277,1
5278,1
5287,1
5288,1
5289,1
5292,1
5293,1
5296,1
5306,1
5308,1
5310,1
5311,1
5322,1
5332,1
5342,1
5343,1
5351,1
5355,1
5356,1
5369,1
5386,1
5395,1
5421,1
5440,1
5460,1
5469,1
5475,1
5485,1
5493,1
5496,1
5501,1
5505,1
5507,1
5521,1
5525,1
5539,1
5549,1
5581,1
5583,1
5584,1
5585,1
5593,1
5620,1
5624,1
5636,1
5658,1
5682,1
5684,1
5691,1
5702,1
5715,1
5725,1
5742,1
5753,1
5755,1
5760,1
5763,1
5781,1
5811,1
5812,1
5813,1
5814,1
5828,1
5829,1
5832,1
5833,1
5838,1
5845,1
5849,1
5854,1
5859,1
5869,1
5870,1
5871,1
5872,1
5873,1
5874,1
5877,1
5883,1
5889,1
5891,1
5940,1
5967,1
5968,1
5990,1
5997,1
6000,1
6016,1
6025,1
6030,1
6033,1
6046,1
6050,1
6056,1
6062,1
6067,1
6087,1
6090,1
6091,1
6096,1
6115,1
6151,1
6152,1
6162,1
6163,1
6169,1
6171,1
6178,1
6205,1
6213,1
6215,1
6226,1
6229,1
6230,1
6280,1
6288,1
6291,1
6293,1
6297,1
6312,1
6324,1
6325,1
6331,1
6336,1
6344,1
6374,1
6375,1
6380,1
6381,1
6383,1
6413,1
6428,1
6443,1
6448,1
6452,1
6460,1
6467,1
6484,1
6489,1
6500,1
6511,1
6527,1
6567,1
6572,1
6573,1
6577,1
6579,1
6581,1
6587,1
6594,1
6610,1
6624,1
6633,1
6634,1
6636,1
6672,1
6675,1
6676,1
6682,1
6702,1
6704,1
6707,1
6714,1
6718,1
6721,1
6741,1
6746,1
6747,1
6758,1
6768,1
6772,1
6773,1
6787,1
6792,1
6794,1
6800,1
6811,1
6829,1
6830,1
6833,1
6836,1
6839,1
6848,1
6850,1
6867,1
6872,1
6875,1
6880,1
6889,1
6895,1
6904,1
6918,1
6919,1
6920,1
6922,1
6941,1
6945,1
6964,1
6973,1
6989,1
7052,1
7059,1
7079,1
7081,1
7088,1
7090,1
7106,1
7109,1
7124,1
7144,1
7156,1
7160,1
7192,1
7222,1
7247,1
7254,1
7270,1
7279,1
7290,1
7334,1
7336,1
7338,1
7363,1
7364,1
7367,1
7419,1
7427,1
7430,1
7436,1
7472,1
7522,1
7527,1
7540,1
7549,1
7551,1
7559,1
7580,1
7592,1
7645,1
7695,1
7697,1
7698,1
7728,1
7740,1
7745,1
7752,1
7786,1
7793,1
7867,1
7900,1
7960,1
8011,1
8017,1
8026,1
8064,1
8065,1
8074,1
8078,1
8086,1
8097,1
8098,1
8100,1
8132,1
8133,1
8145,1
8146,1
8171,1
8211,1
8214,1
8215,1
8246,1
8247,1
8249,1
8250,1
8277,1
8278,1
8285,1
8287,1
8297,1
8337,1
8358,1
8362,1
8363,1
8364,1
8375,1
8394,1
8408,1
8449,1
8456,1
8457,1
8460,1
8487,1
8490,1
8491,1
8514,1
8553,1
8624,1
8630,1
8664,1
8666,1
8678,1
8745,1
8795,1
8799,1
8800,1
8837,1
8840,1
8841,1
8853,1
8879,1
8883,1
8888,1
8897,1
8898,1
8899,1
8915,1
8921,1
8934,1
8937,1
8953,1
8955,1
8956,1
8960,1
8986,1
8995,1
8999,1
9040,1
9041,1
9043,1
9047,1
9053,1
9065,1
9078,1
9087,1
9088,1
9098,1
9106,1
9107,1
9120,1
9121,1
9127,1
9130,1
9135,1
9159,1
9202,1
9204,1
9221,1
9228,1
9239,1
9241,1
9252,1
9260,1
9330,1
9331,1
9332,1
9338,1
9342,1
9343,1
9349,1
9356,1
9365,1
9367,1
9376,1
9385,1
9387,1
9390,1
9391,1
9393,1
9403,1
9421,1
9438,1
9465,1
9479,1
9488,1
9491,1
9493,1
9494,1
9498,1
9500,1
9513,1
9520,1
9521,1
9522,1
9526,1
9528,1
9539,1
9544,1
9566,1
9568,1
9613,1
9629,1
9646,1
9690,1
9691,1
9706,1
9708,1
9716,1
9723,1
9724,1
9731,1
9735,1
9737,1
9745,1
9751,1
9759,1
9761,1
9781,1
9793,1
9797,1
9799,1
9806,1
9837,1
9851,1
9861,1
9881,1
9893,1
9911,1
9919,1
9936,1
9941,1
9969,1
9972,1
9978,1
9979,1
9981,1
9993,1
9999,1
10005,1
10015,1
10033,1
10048,1
10049,1
10073,1
10074,1
10075,1
10076,1
10087,1
10092,1
10105,1
10113,1
10153,1
10155,1
10156,1
10161,1
10163,1
10172,1
10189,1
10194,1
10199,1
10200,1
10201,1
10202,1
10203,1
10209,1
10218,1
10224,1
10260,1
10263,1
10294,1
10302,1
10304,1
10308,1
10319,1
10330,1
10334,1
10336,1
10342,1
10350,1
10360,1
10372,1
10396,1
10418,1
10444,1
10447,1
10456,1
10463,1
10465,1
10466,1
10470,1
10479,1
10483,1
10490,1
10524,1
10526,1
10527,1
10528,1
10545,1
10549,1
10554,1
10562,1
10563,1
10564,1
10578,1
10581,1
10588,1
10589,1
10592,1
10604,1
10620,1
10622,1
10624,1
10628,1
10639,1
10643,1
10648,1
10659,1
10681,1
10686,1
10689,1
10693,1
10701,1
10702,1
10713,1
10714,1
10715,1
10716,1
10717,1
10739,1
10751,1
10763,1
10780,1
10790,1
10793,1
10794,1
10802,1
10808,1
10810,1
10812,1
10815,1
10845,1
10852,1
10882,1
10893,1
10924,1
10937,1
10964,1
11001,1
11021,1
11043,1
11061,1
11077,1
11083,1
11087,1
11099,1
11103,1
11141,1
11209,1
11227,1
11241,1
11255,1
11269,1
11281,1
11285,1
11299,1
11355,1
11359,1
11375,1
11385,1
11405,1
11441,1
11471,1
11543,1
11547,1
11633,1
11635,1
11659,1
11661,1
11663,1
11695,1
11703,1
11705,1
11737,1
11741,1
11743,1
11751,1
11755,1
11757,1
11759,1
11761,1
11767,1
11777,1
11783,1
11787,1
11813,1
11827,1
11835,1
11837,1
11841,1
11859,1
11883,1
11897,1
11933,1
11995,1
12001,1
12015,1
12017,1
12029,1
12031,1
12049,1
12053,1
12061,1
12065,1
12067,1
12079,1
12113,1
12115,1
12139,1
12157,1
12191,1
12223,1
12231,1
12279,1
12281,1
12317,1
12337,1
12343,1
12347,1
12361,1
12367,1
12399,1
12401,1
12413,1
12419,1
12429,1
12439,1
12441,1
12471,1
12487,1
12505,1
12529,1
12561,1
12565,1
12651,1
12671,1
12677,1
12715,1
12725,1
12745,1
12753,1
12765,1
12799,1
12851,1
12857,1
12859,1
12879,1
12885,1
12887,1
12929,1
12951,1
12967,1
12979,1
13041,1
13115,1
13117,1
13119,1
13143,1
13145,1
13161,1
13183,1
13185,1
13201,1
13203,1
13239,1
13271,1
13307,1
13331,1
13335,1
13391,1
13411,1
13601,1
13667,1
13669,1
13693,1
13709,1
13769,1
13835,1
13843,1
13863,1
13927,1
13939,1
13993,1
14007,1
14039,1
14067,1
14075,1
14093,1
14095,1
14117,1
14123,1
14131,1
14237,1
14267,1
14283,1
14345,1
14347,1
14407,1
14467,1
14513,1
14527,1
14529,1
14543,1
14617,1
14623,1
14629,1
14663,1
14675,1
14719,1
14765,1
14781,1
14821,1
14829,1
14837,1
14875,1
14989,1
15059,1
15119,1
15133,1
15177,1
15197,1
15199,1
15201,1
15219,1
15315,1
15323,1
15335,1
15359,1
15377,1
15399,1
15417,1
15437,1
15451,1
15489,1
15565,1
15611,1
15613,1
15633,1
15651,1
15735,1
15751,1
15783,1
15785,1
15793,1
15795,1
15847,1
15863,1
15879,1
15905,1
15933,1
15937,1
15959,1
15961,1
16005,1
16011,1
16021,1
16035,1
16049,1
16131,1
16143,1
16157,1
16159,1
16239,1
16251,1
16259,1
16261,1
16331,1
16335,1
16345,1
16355,1
16363,1
16385,1
16399,1
16419,1
16442,1
16468,1
16498,1
16512,1
16524,1
16558,1
16560,1
16562,1
16564,1
16566,1
16568,1
16574,1
16576,1
16590,1
16614,1
16620,1
16648,1
16656,1
16668,1
16680,1
16728,1
16746,1
16748,1
16754,1
16756,1
16774,1
16780,1
16784,1
16786,1
16788,1
16790,1
16794,1
16796,1
16798,1
16800,1
16802,1
16804,1
16806,1
16808,1
16810,1
16812,1
16814,1
16818,1
16820,1
16822,1
16828,1
16830,1
16832,1
16834,1
16870,1
16904,1
17002,1
17048,1
17068,1
17080,1
17115,1
17131,1
17141,1
17165,1
17167,1
17247,1
17265,1
17269,1
17277,1
17291,1
17293,1
17339,1
17379,1
17389,1
17391,1
17395,1
17419,1
17467,1
17505,1
17563,1
17621,1
17649,1
17655,1
17659,1
17677,1
17679,1
17699,1
17717,1
17843,1
17873,1
17887,1
17917,1
17919,1
17947,1
17965,1
18001,1
18041,1
18055,1
18115,1
18153,1
18227,1
18229,1
18247,1
18269,1
18271,1
18273,1
18275,1
18277,1
18283,1
18295,1
18301,1
18303,1
18305,1
18307,1
18309,1
18311,1
18313,1
18315,1
18319,1
18321,1
18325,1
18329,1
18331,1
18393,1
18397,1
18429,1
18441,1
18447,1
18497,1
18499,1
18521,1
18523,1
18557,1
18583,1
18617,1
18637,1
18679,1
18683,1
18723,1
18767,1
18771,1
18799,1
18815,1
18835,1
18893,1
18919,1
18989,1
19123,1
19163,1
19169,1
19171,1
19211,1
19213,1
19279,1
19285,1
19291,1
19319,1
19365,1
19367,1
19429,1
19437,1
19479,1
19547,1
19555,1
19613,1
19653,1
19687,1
19703,1
19717,1
19729,1
19745,1
19749,1
19753,1
19759,1
19769,1
19775,1
19783,1
19855,1
19871,1
19921,1
19951,1
19977,1
19983,1
19989,1
19997,1
20007,1
20021,1
20035,1
20045,1
20053,1
20141,1
20159,1
20261,1
20329,1
20479,1
20507,1
20509,1
20543,1
20689,1
20709,1
20723,1
20743,1
20785,1
20787,1
20853,1
20899,1
20945,1
20961,1
20973,1
21009,1
21013,1
21039,1
21077,1
21085,1
21107,1
21177,1
21195,1
21215,1
21235,1
21339,1
21353,1
21373,1
21407,1
21415,1
21419,1
21437,1
21473,1
21491,1
21497,1
21507,1
21511,1
21523,1
21545,1
21547,1
21573,1
21595,1
21639,1
21641,1
21653,1
21659,1
21663,1
21677,1
21695,1
21703,1
21729,1
21743,1
21809,1
21821,1
21843,1
21881,1
21899,1
21997,1
21999,1
22031,1
22043,1
22049,1
22065,1
22093,1
22097,1
22117,1
22137,1
22145,1
22199,1
22297,1
22313,1
22319,1
22377,1
22417,1
22433,1
22435,1
22535,1
22547,1
22561,1
22663,1
22669,1
22677,1
22687,1
22689,1
22695,1
22699,1
22729,1
22777,1
22877,1
22943,1
22973,1
22997,1
23011,1
23037,1
23067,1
23133,1
23199,1
23201,1
23233,1
23249,1
23259,1
23281,1
23293,1
23299,1
23301,1
23309,1
23311,1
23317,1
23319,1
23321,1
23325,1
23333,1
23353,1
23359,1
23385,1
23387,1
23409,1
23421,1
23459,1
23511,1
23523,1
23605,1
23697,1
23699,1
23723,1
23725,1
23755,1
23775,1
23777,1
23819,1
23825,1
23837,1
23855,1
23857,1
23931,1
23933,1
23935,1
23991,1
24029,1
24045,1
24053,1
24089,1
24133,1
24171,1
24231,1
24261,1
24269,1
24405,1
24439,1
24441,1
24469,1
24489,1
24527,1
24543,1
24619,1
24625,1
24655,1
24703,1
24705,1
24719,1
24751,1
24781,1
24833,1
24893,1
24919,1
24921,1
25013,1
25015,1
25049,1
25157,1
25183,1
25283,1
25285,1
25313,1
25389,1
25393,1
25397,1
25429,1
25431,1
25457,1
25537,1
25543,1
25591,1
25647,1
25687,1
25731,1
25777,1
25781,1
25815,1
25867,1
25873,1
25939,1
25981,1
26053,1
26055,1
26183,1
26209,1
26243,1
26443,1
26449,1
27387,1
27411,1
27503,1
27509,1
27525,1
27631,1
27653,1
27655,1
27677,1
27783,1
27785,1
27811,1
27815,1
27821,1
27825,1
27829,1
27831,1
27833,1
27891,1
27899,1
27939,1
27943,1
27947,1
27967,1
27991,1
28013,1
28019,1
28045,1
28057,1
28067,1
28121,1
28145,1
28149,1
28151,1
28155,1
28201,1
28215,1
28221,1
28237,1
28241,1
28249,1
28283,1
28285,1
28351,1
28405,1
28419,1
28431,1
28447,1
28479,1
28495,1
28497,1
28511,1
28537,1
28539,1
28623,1
28631,1
28669,1
28675,1
28683,1
28685,1
28701,1
28715,1
28755,1
28791,1
28817,1
28833,1
28883,1
28907,1
28927,1
28977,1
29027,1
29089,1
29223,1
29255,1
29291,1
29413,1
29419,1
29437,1
29605,1
29609,1
29687,1
29758,1
29803,1
29850,1
29854,1
29876,1
29910,1
29935,1
29936,1
29937,1
29961,1
29975,1
30016,1
30042,1
30058,1
30060,1
30061,1
30066,1
30070,1
30080,1
30091,1
30094,1
30095,1
30097,1
30134,1
30137,1
30143,1
30155,1
30159,1
30173,1
30178,1
30191,1
30228,1
30250,1
30251,1
30268,1
30276,1
30278,1
30296,1
30321,1
30347,1
30363,1
30365,1
30370,1
30382,1
30385,1
30410,1
30412,1
30455,1
30458,1
30503,1
30533,1
30537,1
30544,1
30549,1
30571,1
30573,1
30654,1
30663,1
30679,1
30694,1
30711,1
30736,1
30749,1
30757,1
30767,1
30778,1
30806,1
30818,1
30868,1
30869,1
30870,1
30873,1
30901,1
30911,1
30915,1
30916,1
30925,1
30965,1
31014,1
31035,1
31049,1
31050,1
31064,1
31065,1
31070,1
31098,1
31105,1
31113,1
31116,1
31128,1
31133,1
31137,1
31138,1
31147,1
31149,1
31156,1
31163,1
31168,1
31170,1
31196,1
31211,1
31223,1
31229,1
31233,1
31251,1
31289,1
31297,1
31318,1
31338,1
31339,1
31378,1
31389,1
31402,1
31418,1
31427,1
31430,1
31442,1
31454,1
31467,1
31478,1
31490,1
31493,1
31500,1
31505,1
31552,1
31561,1
31575,1
31580,1
31592,1
31593,1
31598,1
31637,1
31645,1
31676,1
31678,1
31700,1
31704,1
31706,1
31710,1
31716,1
31722,1
31736,1
31737,1
31741,1
31750,1
31756,1
31757,1
31758,1
31763,1
31764,1
31765,1
31772,1
31785,1
31812,1
31821,1
31838,1
31845,1
31853,1
31859,1
31861,1
31866,1
31884,1
31904,1
31912,1
31927,1
31931,1
31933,1
31948,1
31964,1
31966,1
31973,1
32005,1
32014,1
32015,1
32023,1
32034,1
32051,1
32059,1
32071,1
32083,1
32086,1
32105,1
32108,1
32122,1
32136,1
32150,1
32160,1
32182,1
32189,1
32214,1
32215,1
32218,1
32219,1
32245,1
32247,1
32248,1
32269,1
32270,1
32271,1
32289,1
32295,1
32296,1
32298,1
32311,1
32313,1
32321,1
32359,1
32360,1
32365,1
32370,1
32377,1
32379,1
32385,1
32415,1
32437,1
32467,1
32543,1
32548,1
32551,1
32564,1
32566,1
32574,1
32582,1
32590,1
32613,1
32615,1
32668,1
32681,1
32736,1
32739,1
32786,1
32792,1
32802,1
32827,1
32836,1
32843,1
32863,1
32866,1
32867,1
32878,1
32881,1
32885,1
32887,1
32889,1
32890,1
32898,1
32900,1
32915,1
32927,1
32951,1
32961,1
32981,1
32998,1
33003,1
33010,1
33018,1
33021,1
33023,1
33024,1
33025,1
33027,1
33028,1
33032,1
33041,1
33047,1
33048,1
33049,1
33050,1
33051,1
33064,1
33071,1
33074,1
33075,1
33080,1
33082,1
33155,1
33183,1
33184,1
33185,1
33191,1
33195,1
33205,1
33221,1
33232,1
33248,1
33253,1
33258,1
33271,1
33278,1
33286,1
33309,1
33314,1
33338,1
33348,1
33350,1
33357,1
33366,1
33371,1
33372,1
33383,1
33391,1
33421,1
33433,1
33438,1
33465,1
33475,1
33478,1
33484,1
33486,1
33493,1
33506,1
33513,1
33519,1
33520,1
33546,1
33558,1
33562,1
33564,1
33581,1
33589,1
33600,1
33601,1
33605,1
33606,1
33669,1
33670,1
33671,1
33685,1
33686,1
33687,1
33697,1
33703,1
33704,1
33708,1
33709,1
33713,1
33724,1
33726,1
33728,1
33729,1
33730,1
33737,1
33756,1
33758,1
33759,1
33764,1
33771,1
33775,1
33783,1
33889,1
33926,1
33929,1
33934,1
33950,1
33957,1
33964,1
33972,1
33983,1
33985,1
34019,1
34021,1
34034,1
34051,1
34055,1
34077,1
34085,1
34086,1
34088,1
34096,1
34100,1
34103,1
34104,1
34125,1
34126,1
34129,1
34134,1
34151,1
34152,1
34161,1
34176,1
34248,1
34279,1
34281,1
34289,1
34290,1
34299,1
34300,1
34302,1
34307,1
34314,1
34321,1
34324,1
34325,1
34391,1
34414,1
34427,1
34428,1
34430,1
34437,1
34438,1
34439,1
34440,1
34449,1
34451,1
34465,1
34472,1
34475,1
34486,1
34501,1
34502,1
34510,1
34511,1
34514,1
34532,1
34533,1
34539,1
34540,1
34542,1
34544,1
34561,1
34565,1
34566,1
34572,1
34577,1
34604,1
34622,1
34642,1
34644,1
34649,1
34661,1
34662,1
34670,1
34673,1
34675,1
34678,1
34701,1
34721,1
34766,1
34776,1
34777,1
34779,1
34812,1
34820,1
34834,1
34835,1
34862,1
34863,1
34866,1
34901,1
34903,1
34904,1
34905,1
34929,1
34941,1
34944,1
34962,1
34964,1
34975,1
35009,1
35063,1
35072,1
35073,1
35076,1
35079,1
35086,1
35120,1
35122,1
35137,1
35138,1
35156,1
35202,1
35204,1
35206,1
35224,1
35240,1
35262,1
35265,1
35301,1
35314,1
35326,1
35333,1
35379,1
35399,1
35424,1
35425,1
35459,1
35504,1
35505,1
35520,1
35521,1
35557,1
35567,1
35589,1
35594,1
35626,1
35635,1
35654,1
35676,1
35684,1
35691,1
35737,1
35759,1
35760,1
35776,1
35790,1
35798,1
35799,1
35834,1
35835,1
35842,1
35843,1
35847,1
35848,1
35849,1
35853,1
35854,1
35855,1
35857,1
35868,1
35889,1
35910,1
35921,1
35928,1
35946,1
35949,1
35952,1
35964,1
35972,1
35982,1
35984,1
35999,1
36015,1
36022,1
36023,1
36028,1
36036,1
36037,1
36039,1
36040,1
36064,1
36077,1
36106,1
36144,1
36160,1
36164,1
36184,1
36194,1
36197,1
36215,1
36226,1
36246,1
36288,1
36290,1
36316,1
36318,1
36342,1
36343,1
36344,1
36345,1
36407,1
36419,1
36423,1
36424,1
36425,1
36427,1
36429,1
36432,1
36436,1
36440,1
36444,1
36456,1
36458,1
36466,1
36474,1
36475,1
36480,1
36485,1
36491,1
36497,1
36510,1
36511,1
36515,1
36516,1
36517,1
36522,1
36524,1
36531,1
36544,1
36556,1
36561,1
36571,1
36592,1
36593,1
36616,1
36619,1
36625,1
36633,1
36636,1
36644,1
36649,1
36655,1
36661,1
36688,1
36702,1
36722,1
36729,1
36732,1
36740,1
36762,1
36771,1
36783,1
36803,1
36816,1
36825,1
36828,1
36838,1
36858,1
36861,1
36871,1
36882,1
36894,1
36896,1
36903,1
36910,1
36915,1
36923,1
36927,1
36937,1
36946,1
36951,1
36967,1
36976,1
36991,1
36995,1
36996,1
37013,1
37055,1
37058,1
37078,1
37087,1
37090,1
37148,1
37150,1
37151,1
37152,1
37154,1
37164,1
37169,1
37176,1
37184,1
37185,1
37186,1
37187,1
37202,1
37208,1
37221,1
37232,1
37242,1
37245,1
37247,1
37254,1
37262,1
37277,1
37283,1
37291,1
37293,1
37303,1
37304,1
37305,1
37306,1
37307,1
37311,1
37318,1
37345,1
37346,1
37347,1
37348,1
37349,1
37364,1
37374,1
37385,1
37388,1
37395,1
37426,1
37430,1
37436,1
37437,1
37438,1
37440,1
37441,1
37442,1
37447,1
37448,1
37449,1
37475,1
37476,1
37483,1
37484,1
37491,1
37496,1
37498,1
37501,1
37505,1
37506,1
37509,1
37510,1
37516,1
37520,1
37521,1
37547,1
37551,1
37555,1
37561,1
37569,1
37571,1
37576,1
37578,1
37584,1
37590,1
37598,1
37599,1
37600,1
37601,1
37623,1
37642,1
37643,1
37651,1
37655,1
37657,1
37659,1
37672,1
37675,1
37704,1
37719,1
37735,1
37737,1
37744,1
37760,1
37764,1
37765,1
37769,1
37781,1
37799,1
37806,1
37807,1
37822,1
37823,1
37828,1
37831,1
37857,1
37865,1
37884,1
37885,1
37887,1
37888,1
37897,1
37902,1
37928,1
37932,1
37936,1
37937,1
37952,1
37966,1
37979,1
37984,1
37986,1
37989,1
37991,1
37994,1
37997,1
37998,1
38000,1
38003,1
38005,1
38012,1
38015,1
38017,1
38020,1
38021,1
38022,1
38024,1
38046,1
38073,1
38083,1
38084,1
38085,1
38086,1
38088,1
38093,1
38114,1
38125,1
38149,1
38153,1
38180,1
38198,1
38206,1
38220,1
38234,1
38268,1
38273,1
38292,1
38297,1
38301,1
38312,1
38325,1
38328,1
38360,1
38365,1
38373,1
38393,1
38408,1
38409,1
38410,1
38413,1
38416,1
38419,1
38425,1
38431,1
38435,1
38436,1
38440,1
38450,1
38467,1
38469,1
38480,1
38481,1
38489,1
38490,1
38491,1
38524,1
38528,1
38536,1
38544,1
38557,1
38578,1
38600,1
38601,1
38628,1
38653,1
38656,1
38659,1
38663,1
38664,1
38667,1
38668,1
38671,1
38672,1
38673,1
38681,1
38688,1
38689,1
38690,1
38693,1
38699,1
38710,1
38714,1
38715,1
38716,1
38717,1
38719,1
38720,1
38739,1
38740,1
38741,1
38742,1
38744,1
38770,1
38790,1
38793,1
38799,1
38807,1
38810,1
38818,1
38819,1
38830,1
38837,1
38843,1
38850,1
38853,1
38860,1
38895,1
38897,1
38909,1
38910,1
38918,1
38920,1
38937,1
38940,1
38972,1
38981,1
38982,1
39023,1
39024,1
39039,1
39040,1
39057,1
39063,1
39080,1
39178,1
39188,1
39189,1
39199,1
39221,1
39223,1
39231,1
39235,1
39239,1
39244,1
39249,1
39271,1
39282,1
39298,1
39310,1
39333,1
39355,1
39410,1
39417,1
39419,1
39463,1
39469,1
39470,1
39473,1
39475,1
39482,1
39486,1
39487,1
39489,1
39491,1
39506,1
39518,1
39519,1
39539,1
39551,1
39565,1
39567,1
39576,1
39589,1
39592,1
39597,1
39618,1
39622,1
39634,1
39638,1
39651,1
39652,1
39675,1
39679,1
39701,1
39705,1
39707,1
39714,1
39720,1
39736,1
39763,1
39764,1
39778,1
39806,1
39811,1
39823,1
39833,1
39893,1
39906,1
39912,1
39917,1
39935,1
39967,1
39991,1
40005,1
40015,1
40020,1
40028,1
40052,1
40054,1
40056,1
40059,1
40060,1
40062,1
40064,1
40073,1
40074,1
40080,1
40082,1
40083,1
40097,1
40103,1
40104,1
40109,1
40111,1
40143,1
40145,1
40154,1
40166,1
40167,1
40179,1
40182,1
40192,1
40194,1
40206,1
40221,1
40233,1
40239,1
40250,1
40251,1
40256,1
40269,1
40282,1
40283,1
40302,1
40313,1
40320,1
40323,1
40340,1
40345,1
40351,1
40356,1
40357,1
40367,1
40379,1
40389,1
40394,1
40395,1
40403,1
40405,1
40410,1
40416,1
40434,1
40454,1
40456,1
40484,1
40485,1
40486,1
40489,1
40496,1
40497,1
40507,1
40529,1
40540,1
40550,1
40554,1
40567,1
40578,1
40587,1
40590,1
40595,1
40597,1
40608,1
40610,1
40613,1
40623,1
40636,1
40638,1
40682,1
40712,1
40730,1
40732,1
40733,1
40734,1
40735,1
40748,1
40761,1
40762,1
40780,1
40783,1
40784,1
40803,1
40823,1
40849,1
40858,1
40861,1
40870,1
40876,1
40881,1
40885,1
40890,1
40901,1
40906,1
40907,1
40908,1
40909,1
40940,1
40942,1
40948,1
40956,1
40961,1
40964,1
40966,1
40979,1
40982,1
40991,1
41030,1
41053,1
41062,1
41063,1
41074,1
41080,1
41093,1
41109,1
41139,1
41140,1
41141,1
41194,1
41199,1
41205,1
41215,1
41219,1
41220,1
41222,1
41265,1
41283,1
41296,1
41306,1
41335,1
41341,1
41345,1
41353,1
41372,1
41380,1
41405,1
41409,1
41415,1
41417,1
41433,1
41439,1
41456,1
41457,1
41461,1
41467,1
41468,1
41475,1
41480,1
41487,1
41491,1
41494,1
41496,1
41497,1
41514,1
41515,1
41519,1
41528,1
41529,1
41531,1
41546,1
41549,1
41573,1
41587,1
41595,1
41612,1
41617,1
41632,1
41667,1
41694,1
41710,1
41714,1
41734,1
41750,1
41785,1
41802,1
41814,1
41834,1
41873,1
41884,1
41899,1
41911,1
41912,1
41915,1
41917,1
41918,1
41920,1
41923,1
42030,1
42033,1
42070,1
42084,1
42091,1
42106,1
42129,1
42132,1
42135,1
42136,1
42137,1
42138,1
42139,1
42144,1
42146,1
42147,1
42148,1
42149,1
42151,1
42153,1
42156,1
42158,1
42163,1
42174,1
42183,1
42187,1
42192,1
42209,1
42215,1
42220,1
42249,1
42266,1
42267,1
42268,1
42284,1
42285,1
42290,1
42291,1
42292,1
42293,1
42307,1
42310,1
42320,1
42321,1
42329,1
42339,1
42343,1
42359,1
42387,1
42392,1
42422,1
42423,1
42456,1
42460,1
42464,1
42465,1
42466,1
42468,1
42509,1
42522,1
42544,1
42603,1
42625,1
42641,1
42645,1
42658,1
42685,1
42723,1
42729,1
42740,1
42760,1
42761,1
42765,1
42766,1
42791,1
42794,1
42803,1
42805,1
42808,1
42809,1
42825,1
42835,1
42885,1
42890,1
42892,1
42893,1
42898,1
42914,1
42916,1
42922,1
42944,1
42947,1
42950,1
42955,1
42966,1
42976,1
42979,1
42985,1
43019,1
43204,1
43205,1
43206,1
43229,1
43291,1
43309,1
43434,1
43506,1
43523,1
43565,1
43626,1
43684,1
43690,1
43697,1
43702,1
43703,1
43727,1
43729,1
43741,1
43763,1
43868,1
44031,1
44032,1
44033,1
44047,1
44050,1
44053,1
44060,1
44061,1
44062,1
44064,1
44065,1
44068,1
44071,1
44075,1
44076,1
44078,1
44079,1
44087,1
44090,1
44096,1
44191,1
44196,1
44200,1
44202,1
44203,1
44213,1
44218,1
44221,1
44233,1
44236,1
44276,1
44292,1
44293,1
44294,1
44295,1
44296,1
44297,1
44298,1
44300,1
44301,1
44302,1
44303,1
44304,1
44388,1
44389,1
44393,1
44394,1
44395,1
44396,1
44397,1
44399,1
44406,1
44410,1
44412,1
44511,1
44513,1
44516,1
44517,1
44524,1
44543,1
44544,1
44545,1
44560,1
44570,1
44571,1
44576,1
44577,1
44615,1
44634,1
44699,1
44741,1
44752,1
44765,1
44870,1
44899,1
44900,1
44940,1
44942,1
45028,1
45040,1
45042,1
45053,1
45058,1
45102,1
45103,1
45120,1
45143,1
45144,1
45145,1
45146,1
45169,1
45195,1
45206,1
45260,1
45444,1
45445,1
45447,1
45448,1
45556,1
45557,1
45558,1
45560,1
45574,1
45584,1
45599,1
45626,1
45654,1
45665,1
45753,1
45781,1
45783,1
45815,1
45820,1
46095,1
46252,1
46298,1
46381,1
46420,1
46447,1
46569,1
46604,1
46639,1
46652,1
46657,1
46658,1
46821,1
46846,1
46853,1
46907,1
46925,1
47044,1
47063,1
47160,1
47161,1
47162,1
47163,1
47164,1
47211,1
47217,1
47218,1
47219,1
47226,1
47227,1
47228,1
47234,1
47235,1
47249,1
47250,1
47275,1
47391,1
47405,1
47409,1
47410,1
47413,1
47438,1
47450,1
47451,1
47634,1
47654,1
47777,1
47778,1
47790,1
47795,1
47838,1
47841,1
47983,1
48023,1
48123,1
48161,1
48183,1
48195,1
48200,1
48203,1
48210,1
48214,1
48217,1
48219,1
48235,1
48262,1
48263,1
48290,1
48316,1
48318,1
48322,1
48325,1
48326,1
48331,1
48333,1
48369,1
48375,1
48414,1
48415,1
48417,1
48418,1
48441,1
48453,1
48455,1
48466,1
48470,1
48492,1
48505,1
48510,1
48543,1
48555,1
48556,1
48561,1
48569,1
48575,1
48580,1
48582,1
48583,1
48585,1
48612,1
48617,1
48643,1
48644,1
48649,1
48661,1
48673,1
48680,1
48749,1
48750,1
48751,1
48754,1
48759,1
48760,1
48761,1
48842,1
48862,1
48867,1
48868,1
48873,1
48874,1
48890,1
48895,1
48896,1
48903,1
48910,1
48914,1
48941,1
48954,1
48956,1
48965,1
48981,1
49040,1
49070,1
49079,1
49098,1
49114,1
49154,1
49165,1
49170,1
49199,1
49204,1
49211,1
49228,1
49233,1
49235,1
49236,1
49241,1
49297,1
49305,1
49316,1
49318,1
49321,1
49338,1
49342,1
49357,1
49368,1
49369,1
49386,1
49387,1
49398,1
49402,1
49426,1
49433,1
49448,1
49454,1
49498,1
49515,1
49523,1
49558,1
49559,1
49567,1
49569,1
49570,1
49571,1
49572,1
49574,1
49612,1
49613,1
49618,1
49681,1
49701,1
49703,1
49742,1
49750,1
49766,1
49785,1
49817,1
49818,1
49819,1
49820,1
49827,1
49828,1
49831,1
49877,1
49889,1
49891,1
49894,1
49915,1
49918,1
49926,1
49930,1
49981,1
49984,1
49985,1
50002,1
50019,1
50021,1
50094,1
50114,1
50160,1
50172,1
50175,1
50184,1
50194,1
50205,1
50207,1
50230,1
50233,1
50240,1
50265,1
50274,1
50275,1
50280,1
50281,1
50299,1
50300,1
50306,1
50315,1
50330,1
50343,1
50378,1
50384,1
50385,1
50392,1
50398,1
50399,1
50400,1
50405,1
50406,1
50407,1
50410,1
50418,1
50430,1
50431,1
50432,1
50433,1
50440,1
50441,1
50443,1
50444,1
50446,1
50452,1
50462,1
50474,1
50475,1
50481,1
50501,1
50503,1
50510,1
50526,1
50528,1
50532,1
50538,1
50539,1
50544,1
50549,1
50559,1
50565,1
50581,1
50582,1
50587,1
50588,1
50602,1
50606,1
50607,1
50608,1
50613,1
50629,1
50633,1
50636,1
50638,1
50644,1
50647,1
50657,1
50664,1
50667,1
50673,1
50675,1
50678,1
50709,1
50713,1
50768,1
50770,1
50849,1
50855,1
50871,1
50891,1
50898,1
50916,1
50920,1
50925,1
50932,1
50953,1
50963,1
51009,1
51019,1
51020,1
51037,1
51038,1
51039,1
51043,1
51064,1
51098,1
51105,1
51119,1
51128,1
51131,1
51145,1
51155,1
51162,1
51191,1
51195,1
51196,1
51197,1
51198,1
51207,1
51210,1
51216,1
51239,1
51240,1
51241,1
51252,1
51263,1
51267,1
51278,1
51287,1
51289,1
51291,1
51297,1
51304,1
51305,1
51321,1
51324,1
51334,1
51335,1
51347,1
51366,1
51367,1
51368,1
51369,1
51371,1
51377,1
51378,1
51381,1
51383,1
51387,1
51389,1
51390,1
51392,1
51417,1
51457,1
51473,1
51482,1
51490,1
51517,1
51520,1
51532,1
51534,1
51535,1
51554,1
51558,1
51562,1
51563,1
51569,1
51584,1
51585,1
51601,1
51608,1
51623,1
51648,1
51653,1
51677,1
51681,1
51682,1
51693,1
51706,1
51711,1
51726,1
51735,1
51746,1
51769,1
51773,1
51780,1
51791,1
51794,1
51801,1
51818,1
51821,1
51834,1
51836,1
51860,1
51861,1
51863,1
51864,1
51897,1
51898,1
51903,1
51912,1
51920,1
51923,1
51941,1
51954,1
51964,1
51993,1
51996,1
52019,1
52046,1
52079,1
52093,1
52101,1
52105,1
52132,1
52134,1
52178,1
52180,1
52182,1
52193,1
52194,1
52196,1
52199,1
52211,1
52221,1
52228,1
52251,1
52257,1
52273,1
52274,1
52282,1
52291,1
52293,1
52295,1
52299,1
52347,1
52357,1
52368,1
52383,1
52389,1
52397,1
52399,1
52401,1
52460,1
52475,1
52518,1
52519,1
52522,1
52546,1
52547,1
52552,1
52554,1
52588,1
52593,1
52608,1
52620,1
52623,1
52635,1
52642,1
52644,1
52646,1
52648,1
52680,1
52684,1
52687,1
52688,1
52735,1
52741,1
52747,1
52754,1
52755,1
52762,1
52765,1
52807,1
52808,1
52811,1
52812,1
52830,1
52845,1
52867,1
52869,1
52878,1
52880,1
52887,1
52921,1
52948,1
52949,1
52976,1
52995,1
53013,1
53022,1
53025,1
53033,1
53094,1
53109,1
53111,1
53127,1
53131,1
53149,1
53150,1
53162,1
53173,1
53179,1
53192,1
53196,1
53199,1
53205,1
53206,1
53213,1
53223,1
53231,1
53235,1
53236,1
53237,1
53249,1
53251,1
53254,1
53273,1
53315,1
53329,1
53341,1
53365,1
53367,1
53411,1
53414,1
53418,1
53434,1
53439,1
53447,1
53473,1
53476,1
53477,1
53494,1
53498,1
53502,1
53529,1
53580,1
53587,1
53598,1
53599,1
53604,1
53613,1
53618,1
53625,1
53626,1
53633,1
53646,1
53716,1
53730,1
53748,1
53767,1
53770,1
53774,1
53781,1
53783,1
53794,1
53848,1
53850,1
53851,1
53865,1
53873,1
53874,1
53876,1
53881,1
53882,1
53883,1
53887,1
53888,1
53889,1
53890,1
53903,1
53911,1
53913,1
53973,1
53998,1
54000,1
54013,1
54017,1
54021,1
54029,1
54033,1
54081,1
54112,1
54123,1
54124,1
54141,1
54142,1
54143,1
54144,1
54145,1
54163,1
54164,1
54165,1
54169,1
54171,1
54177,1
54196,1
54214,1
54261,1
54265,1
54280,1
54285,1
54287,1
54309,1
54313,1
54325,1
54339,1
54344,1
54346,1
54362,1
54388,1
54398,1
54406,1
54411,1
54415,1
54416,1
54418,1
54419,1
54420,1
54421,1
54424,1
54425,1
54426,1
54427,1
54431,1
54437,1
54440,1
54444,1
54448,1
54449,1
54463,1
54475,1
54495,1
54533,1
54560,1
54565,1
54591,1
54595,1
54631,1
54637,1
54646,1
54647,1
54648,1
54650,1
54655,1
54656,1
54687,1
54688,1
54697,1
54709,1
54715,1
54716,1
54717,1
54722,1
54736,1
54737,1
54738,1
54743,1
54746,1
54750,1
54762,1
54769,1
54772,1
54775,1
54789,1
54793,1
54794,1
54851,1
54852,1
54853,1
54858,1
54860,1
54863,1
54869,1
54875,1
54881,1
54883,1
54895,1
54898,1
54900,1
54902,1
54913,1
54917,1
54918,1
54922,1
54931,1
54944,1
54947,1
54993,1
54996,1
54997,1
55014,1
55015,1
55034,1
55080,1
55082,1
55130,1
55141,1
55143,1
55151,1
55185,1
55186,1
55188,1
55191,1
55192,1
55193,1
55196,1
55219,1
55226,1
55231,1
55283,1
55289,1
55303,1
55305,1
55309,1
55316,1
55317,1
55324,1
55327,1
55339,1
55351,1
55352,1
55355,1
55364,1
55371,1
55372,1
55453,1
55454,1
55528,1
55534,1
55539,1
55541,1
55542,1
55546,1
55562,1
55563,1
55571,1
55576,1
55578,1
55580,1
55592,1
55599,1
55604,1
55608,1
55615,1
55624,1
55625,1
55640,1
55643,1
55646,1
55647,1
55655,1
55656,1
55657,1
55684,1
55693,1
55694,1
55701,1
55702,1
55717,1
55727,1
55732,1
55733,1
1,4
30,4
43,4
52,4
91,4
93,4
95,4
121,4
164,4
165,4
199,4
219,4
239,4
255,4
256,4
306,4
329,4
333,4
339,4
371,4
372,4
405,4
415,4
416,4
430,4
431,4
433,4
440,4
467,4
468,4
489,4
512,4
513,4
523,4
528,4
570,4
572,4
574,4
593,4
597,4
601,4
633,4
759,4
849,4
875,4
949,4
1002,4
1030,4
1033,4
1034,4
1049,4
1051,4
1080,4
1096,4
1116,4
1204,4
1370,4
1430,4
1441,4
1457,4
1462,4
1497,4
1521,4
1566,4
1575,4
1650,4
1824,4
1943,4
1967,4
2000,4
2001,4
2154,4
2164,4
2236,4
2456,4
2649,4
2664,4
2694,4
2759,4
2791,4
2848,4
2890,4
2895,4
2904,4
3089,4
3215,4
3326,4
3472,4
3518,4
3519,4
3572,4
3701,4
3743,4
3744,4
3785,4
3786,4
3799,4
3905,4
4095,4
4096,4
4097,4
4218,4
4220,4
4459,4
4475,4
5084,4
5365,4
5469,4
5630,4
5681,4
5916,4
5936,4
6211,4
6680,4
7021,4
7024,4
7169,4
7171,4
7222,4
7257,4
7311,4
7510,4
7683,4
7711,4
7718,4
7785,4
7791,4
8142,4
8187,4
8332,4
8333,4
8345,4
8475,4
8487,4
8567,4
8917,4
9617,4
9756,4
9976,4
10029,4
10389,4
10408,4
10495,4
10688,4
11981,4
12355,4
12477,4
12789,4
13083,4
13089,4
13203,4
13215,4
13639,4
13971,4
15227,4
16498,4
16662,4
16664,4
16782,4
17909,4
18617,4
19111,4
19115,4
21395,4
21647,4
21861,4
21869,4
22135,4
23249,4
23987,4
24591,4
24997,4
25835,4
27411,4
27969,4
28641,4
28685,4
28851,4
29383,4
29587,4
30585,4
30865,4
32281,4
32948,4
32995,4
33089,4
33320,4
33777,4
34162,4
34792,4
35677,4
35798,4
35847,4
36884,4
37146,4
37623,4
37682,4
37976,4
37981,4
37987,4
38000,4
38826,4
39198,4
39585,4
39792,4
39938,4
40331,4
40748,4
41168,4
43229,4
43755,4
45620,4
45649,4
46102,4
48849,4
48992,4
49422,4
49956,4
49976,4
49977,4
50206,4
50265,4
50410,4
50427,4
51071,4
51750,4
51751,4
51828,4
51992,4
51993,4
52493,4
52743,4
53209,4
53230,4
54252,4
54281,4
54533,4
55327,4
55373,4
55396,4
55462,4
1,17
5,17
6,17
25,17
26,17
29,17
30,17
31,17
32,17
43,17
47,17
52,17
54,17
55,17
56,17
58,17
59,17
63,17
68,17
69,17
71,17
75,17
80,17
81,17
82,17
83,17
84,17
85,17
86,17
87,17
88,17
89,17
90,17
91,17
92,17
93,17
94,17
95,17
96,17
97,17
107,17
109,17
111,17
112,17
113,17
127,17
128,17
134,17
141,17
146,17
151,17
152,17
155,17
159,17
160,17
165,17
166,17
167,17
168,17
175,17
180,17
181,17
184,17
194,17
195,17
196,17
197,17
202,17
208,17
209,17
212,17
218,17
219,17
221,17
222,17
227,17
233,17
236,17
237,17
239,17
256,17
266,17
267,17
271,17
274,17
276,17
277,17
278,17
285,17
286,17
290,17
293,17
294,17
295,17
296,17
302,17
308,17
318,17
321,17
324,17
329,17
333,17
339,17
342,17
344,17
347,17
354,17
358,17
366,17
370,17
373,17
374,17
375,17
377,17
378,17
379,17
383,17
384,17
385,17
389,17
393,17
395,17
396,17
397,17
398,17
399,17
400,17
406,17
408,17
411,17
413,17
420,17
421,17
422,17
423,17
424,17
432,17
433,17
443,17
455,17
458,17
467,17
468,17
474,17
475,17
477,17
478,17
483,17
492,17
493,17
498,17
513,17
516,17
522,17
526,17
529,17
537,17
538,17
539,17
540,17
541,17
543,17
544,17
545,17
548,17
555,17
556,17
557,17
559,17
560,17
561,17
562,17
563,17
564,17
565,17
566,17
567,17
568,17
569,17
571,17
573,17
574,17
579,17
584,17
593,17
598,17
608,17
609,17
611,17
619,17
622,17
629,17
630,17
631,17
632,17
648,17
652,17
653,17
654,17
655,17
681,17
685,17
686,17
687,17
693,17
696,17
705,17
708,17
709,17
711,17
719,17
731,17
732,17
744,17
751,17
758,17
763,17
764,17
765,17
766,17
767,17
769,17
770,17
773,17
785,17
790,17
800,17
801,17
810,17
812,17
816,17
817,17
820,17
832,17
833,17
840,17
848,17
849,17
854,17
856,17
858,17
864,17
865,17
878,17
887,17
888,17
890,17
891,17
892,17
893,17
894,17
895,17
896,17
897,17
898,17
899,17
900,17
901,17
902,17
905,17
906,17
909,17
918,17
919,17
924,17
925,17
926,17
927,17
928,17
929,17
930,17
932,17
935,17
937,17
938,17
944,17
949,17
953,17
956,17
958,17
962,17
967,17
971,17
973,17
974,17
975,17
976,17
977,17
978,17
980,17
984,17
986,17
992,17
993,17
998,17
999,17
1000,17
1002,17
1005,17
1006,17
1016,17
1022,17
1023,17
1025,17
1027,17
1034,17
1047,17
1050,17
1051,17
1055,17
1059,17
1064,17
1068,17
1069,17
1079,17
1080,17
1081,17
1082,17
1086,17
1088,17
1089,17
1090,17
1091,17
1092,17
1096,17
1100,17
1101,17
1102,17
1103,17
1104,17
1111,17
1112,17
1122,17
1124,17
1126,17
1127,17
1128,17
1129,17
1130,17
1133,17
1136,17
1137,17
1138,17
1140,17
1143,17
1144,17
1146,17
1147,17
1149,17
1151,17
1152,17
1154,17
1155,17
1156,17
1157,17
1159,17
1160,17
1165,17
1166,17
1168,17
1169,17
1175,17
1177,17
1178,17
1179,17
1180,17
1184,17
1185,17
1186,17
1187,17
1189,17
1191,17
1194,17
1202,17
1211,17
1212,17
1215,17
1220,17
1221,17
1224,17
1226,17
1227,17
1230,17
1231,17
1232,17
1234,17
1236,17
1241,17
1243,17
1244,17
1245,17
1247,17
1248,17
1249,17
1251,17
1252,17
1253,17
1254,17
1255,17
1256,17
1257,17
1258,17
1259,17
1260,17
1261,17
1262,17
1264,17
1270,17
1279,17
1285,17
1286,17
1287,17
1288,17
1289,17
1290,17
1293,17
1295,17
1296,17
1297,17
1298,17
1301,17
1302,17
1303,17
1311,17
1312,17
1314,17
1335,17
1336,17
1338,17
1344,17
1346,17
1347,17
1348,17
1349,17
1350,17
1351,17
1352,17
1355,17
1357,17
1358,17
1361,17
1371,17
1374,17
1377,17
1380,17
1381,17
1382,17
1391,17
1392,17
1393,17
1394,17
1395,17
1396,17
1397,17
1398,17
1399,17
1400,17
1409,17
1410,17
1411,17
1442,17
1443,17
1444,17
1448,17
1450,17
1457,17
1458,17
1459,17
1460,17
1462,17
1465,17
1466,17
1468,17
1480,17
1481,17
1487,17
1490,17
1491,17
1494,17
1495,17
1504,17
1508,17
1514,17
1515,17
1517,17
1528,17
1537,17
1542,17
1543,17
1544,17
1548,17
1549,17
1553,17
1560,17
1566,17
1574,17
1575,17
1578,17
1582,17
1583,17
1584,17
1598,17
1599,17
1600,17
1602,17
1603,17
1611,17
1618,17
1620,17
1623,17
1625,17
1626,17
1627,17
1631,17
1640,17
1643,17
1645,17
1647,17
1648,17
1650,17
1651,17
1652,17
1660,17
1661,17
1662,17
1664,17
1665,17
1666,17
1667,17
1668,17
1669,17
1670,17
1671,17
1672,17
1673,17
1675,17
1676,17
1677,17
1678,17
1682,17
1683,17
1690,17
1693,17
1694,17
1701,17
1704,17
1705,17
1706,17
1707,17
1710,17
1711,17
1712,17
1713,17
1733,17
1737,17
1743,17
1746,17
1747,17
1748,17
1759,17
1767,17
1768,17
1769,17
1772,17
1774,17
1780,17
1789,17
1790,17
1792,17
1793,17
1794,17
1795,17
1796,17
1802,17
1803,17
1811,17
1812,17
1816,17
1817,17
1819,17
1820,17
1823,17
1831,17
1832,17
1833,17
1835,17
1837,17
1845,17
1853,17
1854,17
1857,17
1862,17
1865,17
1867,17
1873,17
1879,17
1880,17
1890,17
1891,17
1892,17
1897,17
1899,17
1900,17
1901,17
1903,17
1916,17
1917,17
1919,17
1920,17
1921,17
1922,17
1923,17
1924,17
1925,17
1935,17
1936,17
1938,17
1940,17
1941,17
1942,17
1943,17
1944,17
1951,17
1955,17
1962,17
1964,17
1967,17
1968,17
1969,17
1975,17
1978,17
1980,17
1981,17
1985,17
1986,17
1993,17
1994,17
1995,17
1998,17
1999,17
2000,17
2001,17
2002,17
2003,17
2019,17
2025,17
2028,17
2033,17
2036,17
2042,17
2044,17
2048,17
2051,17
2053,17
2056,17
2058,17
2060,17
2061,17
2062,17
2063,17
2064,17
2065,17
2066,17
2067,17
2068,17
2070,17
2078,17
2080,17
2088,17
2089,17
2090,17
2094,17
2095,17
2096,17
2097,17
2099,17
2100,17
2106,17
2108,17
2109,17
2110,17
2123,17
2127,17
2128,17
2147,17
2152,17
2157,17
2158,17
2164,17
2168,17
2169,17
2170,17
2176,17
2178,17
2182,17
2196,17
2200,17
2202,17
2203,17
2205,17
2206,17
2212,17
2215,17
2217,17
2222,17
2234,17
2235,17
2236,17
2245,17
2250,17
2253,17
2254,17
2255,17
2257,17
2258,17
2260,17
2261,17
2262,17
2263,17
2269,17
2273,17
2281,17
2283,17
2284,17
2285,17
2288,17
2289,17
2291,17
2292,17
2293,17
2294,17
2298,17
2299,17
2300,17
2301,17
2302,17
2303,17
2304,17
2305,17
2309,17
2310,17
2312,17
2315,17
2319,17
2321,17
2322,17
2325,17
2331,17
2332,17
2337,17
2342,17
2343,17
2344,17
2354,17
2355,17
2360,17
2361,17
2362,17
2364,17
2382,17
2383,17
2389,17
2397,17
2398,17
2407,17
2408,17
2410,17
2414,17
2419,17
2420,17
2422,17
2423,17
2448,17
2449,17
2450,17
2451,17
2452,17
2453,17
2455,17
2461,17
2470,17
2471,17
2473,17
2474,17
2475,17
2482,17
2484,17
2487,17
2497,17
2510,17
2511,17
2516,17
2521,17
2522,17
2527,17
2534,17
2535,17
2536,17
2537,17
2551,17
2560,17
2561,17
2563,17
2564,17
2581,17
2582,17
2583,17
2584,17
2585,17
2586,17
2589,17
2592,17
2598,17
2599,17
2600,17
2601,17
2603,17
2604,17
2607,17
2613,17
2614,17
2622,17
2625,17
2629,17
2630,17
2631,17
2632,17
2633,17
2634,17
2645,17
2649,17
2650,17
2652,17
2656,17
2658,17
2664,17
2674,17
2676,17
2677,17
2679,17
2681,17
2684,17
2686,17
2688,17
2689,17
2695,17
2696,17
2697,17
2699,17
2700,17
2713,17
2717,17
2722,17
2723,17
2724,17
2725,17
2735,17
2736,17
2742,17
2746,17
2747,17
2754,17
2755,17
2756,17
2758,17
2759,17
2760,17
2761,17
2769,17
2770,17
2775,17
2785,17
2788,17
2792,17
2793,17
2795,17
2803,17
2808,17
2811,17
2816,17
2818,17
2832,17
2833,17
2837,17
2839,17
2882,17
2904,17
2906,17
2907,17
2929,17
2933,17
2941,17
2951,17
2961,17
2962,17
2964,17
2965,17
2969,17
2973,17
2974,17
2978,17
2987,17
2998,17
3014,17
3015,17
3016,17
3022,17
3026,17
3028,17
3032,17
3033,17
3035,17
3044,17
3059,17
3060,17
3061,17
3067,17
3069,17
3070,17
3071,17
3072,17
3075,17
3079,17
3085,17
3086,17
3087,17
3098,17
3101,17
3104,17
3114,17
3115,17
3127,17
3135,17
3146,17
3151,17
3152,17
3153,17
3154,17
3166,17
3167,17
3175,17
3176,17
3183,17
3190,17
3192,17
3193,17
3219,17
3222,17
3223,17
3231,17
3232,17
3234,17
3235,17
3239,17
3252,17
3254,17
3256,17
3258,17
3268,17
3270,17
3271,17
3287,17
3294,17
3297,17
3305,17
3312,17
3315,17
3317,17
3323,17
3325,17
3327,17
3342,17
3349,17
3352,17
3361,17
3363,17
3366,17
3371,17
3381,17
3390,17
3398,17
3399,17
3406,17
3407,17
3410,17
3429,17
3430,17
3433,17
3436,17
3444,17
3446,17
3447,17
3451,17
3455,17
3463,17
3464,17
3480,17
3481,17
3485,17
3486,17
3490,17
3499,17
3506,17
3508,17
3515,17
3522,17
3525,17
3561,17
3572,17
3577,17
3579,17
3596,17
3602,17
3609,17
3626,17
3630,17
3635,17
3637,17
3653,17
3661,17
3665,17
3667,17
3672,17
3675,17
3676,17
3684,17
3689,17
3701,17
3735,17
3762,17
3763,17
3764,17
3772,17
3784,17
3785,17
3786,17
3787,17
3817,17
3818,17
3820,17
3821,17
3834,17
3837,17
3840,17
3846,17
3854,17
3859,17
3880,17
3882,17
3883,17
3890,17
3898,17
3900,17
3907,17
3927,17
3932,17
3936,17
3937,17
3952,17
3960,17
3963,17
3964,17
3969,17
3974,17
4014,17
4037,17
4051,17
4052,17
4058,17
4066,17
4067,17
4068,17
4083,17
4088,17
4106,17
4119,17
4150,17
4177,17
4182,17
4186,17
4198,17
4200,17
4209,17
4232,17
4240,17
4246,17
4250,17
4264,17
4266,17
4318,17
4334,17
4350,17
4357,17
4360,17
4362,17
4371,17
4382,17
4385,17
4386,17
4387,17
4411,17
4416,17
4454,17
4469,17
4470,17
4486,17
4493,17
4503,17
4504,17
4509,17
4521,17
4532,17
4533,17
4534,17
4536,17
4540,17
4547,17
4565,17
4567,17
4574,17
4575,17
4578,17
4617,17
4618,17
4639,17
4640,17
4646,17
4650,17
4654,17
4672,17
4681,17
4690,17
4712,17
4733,17
4765,17
4773,17
4808,17
4810,17
4907,17
4917,17
4929,17
4933,17
4934,17
4946,17
4961,17
4967,17
4975,17
4981,17
4985,17
4997,17
5014,17
5022,17
5031,17
5032,17
5037,17
5039,17
5052,17
5053,17
5070,17
5072,17
5074,17
5075,17
5090,17
5129,17
5131,17
5133,17
5143,17
5153,17
5164,17
5165,17
5196,17
5220,17
5237,17
5244,17
5266,17
5270,17
5278,17
5288,17
5289,17
5290,17
5293,17
5298,17
5307,17
5310,17
5311,17
5322,17
5330,17
5351,17
5356,17
5372,17
5395,17
5421,17
5440,17
5462,17
5475,17
5477,17
5492,17
5505,17
5515,17
5539,17
5628,17
5629,17
5630,17
5652,17
5656,17
5658,17
5667,17
5675,17
5681,17
5691,17
5723,17
5725,17
5742,17
5755,17
5763,17
5784,17
5829,17
5833,17
5859,17
5862,17
5878,17
5883,17
5907,17
5927,17
5928,17
5943,17
5945,17
5958,17
5967,17
5968,17
5973,17
5990,17
6016,17
6025,17
6028,17
6030,17
6038,17
6073,17
6074,17
6078,17
6087,17
6152,17
6153,17
6154,17
6162,17
6166,17
6189,17
6213,17
6215,17
6217,17
6245,17
6281,17
6288,17
6331,17
6336,17
6372,17
6374,17
6375,17
6380,17
6381,17
6383,17
6390,17
6428,17
6437,17
6447,17
6448,17
6452,17
6463,17
6511,17
6566,17
6567,17
6573,17
6583,17
6610,17
6636,17
6637,17
6653,17
6671,17
6672,17
6675,17
6718,17
6727,17
6733,17
6734,17
6735,17
6792,17
6795,17
6796,17
6800,17
6802,17
6861,17
6867,17
6872,17
6880,17
6889,17
6899,17
6927,17
6939,17
6942,17
6945,17
6947,17
6970,17
6974,17
6978,17
6989,17
6992,17
7060,17
7066,17
7090,17
7106,17
7113,17
7122,17
7124,17
7139,17
7156,17
7157,17
7158,17
7192,17
7222,17
7230,17
7270,17
7279,17
7285,17
7290,17
7308,17
7311,17
7336,17
7338,17
7366,17
7419,17
7427,17
7465,17
7472,17
7474,17
7536,17
7551,17
7596,17
7598,17
7666,17
7667,17
7681,17
7744,17
7750,17
7781,17
7816,17
7858,17
7864,17
7900,17
7953,17
7956,17
8011,17
8017,17
8079,17
8098,17
8100,17
8130,17
8181,17
8191,17
8192,17
8197,17
8215,17
8248,17
8249,17
8250,17
8285,17
8297,17
8368,17
8369,17
8375,17
8394,17
8407,17
8449,17
8526,17
8546,17
8547,17
8548,17
8550,17
8551,17
8553,17
8561,17
8563,17
8687,17
8706,17
8707,17
8710,17
8716,17
8743,17
8767,17
8799,17
8853,17
8879,17
8888,17
8897,17
8899,17
8917,17
8934,17
8935,17
8937,17
8939,17
8955,17
9001,17
9040,17
9041,17
9047,17
9053,17
9121,17
9170,17
9181,17
9213,17
9221,17
9239,17
9241,17
9253,17
9314,17
9333,17
9342,17
9346,17
9367,17
9376,17
9379,17
9385,17
9387,17
9389,17
9390,17
9391,17
9403,17
9409,17
9438,17
9479,17
9488,17
9494,17
9500,17
9520,17
9522,17
9526,17
9528,17
9544,17
9566,17
9595,17
9598,17
9613,17
9618,17
9629,17
9691,17
9708,17
9735,17
9737,17
9751,17
9759,17
9781,17
9782,17
9790,17
9834,17
9881,17
9911,17
9969,17
9972,17
9978,17
10005,17
10017,17
10036,17
10044,17
10090,17
10104,17
10105,17
10118,17
10122,17
10139,17
10153,17
10156,17
10161,17
10191,17
10224,17
10263,17
10280,17
10294,17
10308,17
10313,17
10319,17
10336,17
10342,17
10348,17
10351,17
10373,17
10405,17
10418,17
10447,17
10456,17
10463,17
10470,17
10477,17
10581,17
10588,17
10592,17
10622,17
10624,17
10638,17
10648,17
10653,17
10666,17
10687,17
10689,17
10693,17
10701,17
10702,17
10713,17
10714,17
10715,17
10716,17
10717,17
10718,17
10735,17
10751,17
10780,17
10793,17
10794,17
10798,17
10801,17
10808,17
10815,17
10820,17
10863,17
10870,17
10918,17
10937,17
10947,17
10948,17
10949,17
10950,17
10954,17
10965,17
10999,17
11017,17
11021,17
11043,17
11087,17
11103,17
11135,17
11213,17
11227,17
11269,17
11299,17
11307,17
11357,17
11359,17
11375,17
11405,17
11411,17
11433,17
11445,17
11505,17
11577,17
11635,17
11661,17
11735,17
11743,17
11751,17
11755,17
11759,17
11767,17
11785,17
11837,17
11995,17
12029,17
12053,17
12133,17
12135,17
12137,17
12149,17
12163,17
12223,17
12225,17
12231,17
12281,17
12337,17
12343,17
12347,17
12399,17
12419,17
12429,17
12431,17
12439,17
12441,17
12471,17
12477,17
12487,17
12501,17
12643,17
12677,17
12689,17
12767,17
12783,17
12799,17
12851,17
12857,17
12877,17
12881,17
12883,17
12885,17
12887,17
12897,17
12901,17
12929,17
12951,17
12991,17
13125,17
13239,17
13287,17
13365,17
13391,17
13411,17
13429,17
13479,17
13587,17
13599,17
13601,17
13663,17
13669,17
13693,17
13727,17
13731,17
13851,17
13859,17
13863,17
13927,17
13939,17
13955,17
14007,17
14039,17
14237,17
14283,17
14293,17
14317,17
14345,17
14373,17
14529,17
14623,17
14629,17
14675,17
14685,17
14781,17
14817,17
14875,17
14941,17
15177,17
15219,17
15335,17
15391,17
15417,17
15583,17
15699,17
15793,17
15795,17
15863,17
15883,17
15971,17
16033,17
16035,17
16041,17
16049,17
16131,17
16157,17
16159,17
16251,17
16259,17
16303,17
16331,17
16335,17
16389,17
16399,17
16524,17
16528,17
16554,17
16558,17
16560,17
16562,17
16564,17
16566,17
16568,17
16590,17
16614,17
16668,17
16696,17
16702,17
16748,17
16784,17
16786,17
16790,17
16794,17
16796,17
16810,17
16818,17
16822,17
16830,17
17002,17
17048,17
17080,17
17131,17
17165,17
17167,17
17187,17
17269,17
17293,17
17325,17
17563,17
17573,17
17599,17
17621,17
17624,17
17641,17
17655,17
17659,17
17677,17
17787,17
17791,17
17887,17
17919,17
17947,17
17959,17
17961,17
17963,17
17965,17
18001,17
18229,17
18247,17
18269,17
18271,17
18283,17
18295,17
18301,17
18303,17
18305,17
18307,17
18315,17
18319,17
18413,17
18449,17
18463,17
18481,17
18483,17
18627,17
18637,17
18703,17
18713,17
18755,17
18795,17
18815,17
18841,17
18893,17
18967,17
18989,17
19059,17
19163,17
19171,17
19191,17
19193,17
19195,17
19211,17
19279,17
19319,17
19367,17
19481,17
19517,17
19573,17
19581,17
19653,17
19775,17
19855,17
19873,17
19899,17
19977,17
19989,17
19995,17
19997,17
20035,17
20045,17
20057,17
20083,17
20111,17
20233,17
20261,17
20471,17
20479,17
20533,17
20547,17
20785,17
20787,17
20945,17
20975,17
21021,17
21037,17
21039,17
21077,17
21177,17
21335,17
21339,17
21353,17
21395,17
21431,17
21433,17
21437,17
21469,17
21471,17
21511,17
21551,17
21573,17
21575,17
21587,17
21599,17
21603,17
21653,17
21663,17
21671,17
21677,17
21845,17
21899,17
22037,17
22049,17
22427,17
22435,17
22503,17
22535,17
22583,17
22657,17
22677,17
22687,17
22689,17
22729,17
22997,17
23023,17
23067,17
23099,17
23133,17
23249,17
23259,17
23279,17
23281,17
23319,17
23327,17
23333,17
23387,17
23447,17
23595,17
23703,17
23725,17
23753,17
23801,17
23829,17
23835,17
23855,17
23909,17
23911,17
23931,17
24075,17
24123,17
24269,17
24355,17
24405,17
24469,17
24625,17
24637,17
24655,17
24695,17
24699,17
24847,17
24893,17
24919,17
24921,17
25313,17
25393,17
25457,17
25567,17
25635,17
25731,17
25889,17
25891,17
25907,17
25977,17
25985,17
26023,17
26079,17
26117,17
26447,17
27379,17
27387,17
27411,17
27455,17
27503,17
27509,17
27631,17
27651,17
27655,17
27677,17
27775,17
27829,17
27957,17
27993,17
28013,17
28021,17
28145,17
28149,17
28201,17
28211,17
28215,17
28235,17
28305,17
28339,17
28367,17
28369,17
28371,17
28391,17
28433,17
28495,17
28531,17
28595,17
28617,17
28621,17
28625,17
28673,17
28715,17
28733,17
28791,17
28811,17
28815,17
28977,17
28979,17
29099,17
29223,17
29233,17
29267,17
29269,17
29283,17
29325,17
29371,17
29381,17
29383,17
29475,17
29497,17
29515,17
29517,17
29716,17
29741,17
29751,17
29871,17
29876,17
29893,17
29898,17
29975,17
29999,17
30029,17
30122,17
30143,17
30228,17
30246,17
30362,17
30381,17
30382,17
30383,17
30420,17
30449,17
30450,17
30453,17
30455,17
30481,17
30483,17
30484,17
30485,17
30533,17
30544,17
30549,17
30571,17
30585,17
30634,17
30721,17
30767,17
30806,17
30850,17
30873,17
30875,17
30913,17
30920,17
30925,17
30960,17
31049,17
31050,17
31064,17
31065,17
31105,17
31113,17
31147,17
31163,17
31223,17
31238,17
31251,17
31302,17
31338,17
31380,17
31402,17
31418,17
31430,17
31433,17
31452,17
31454,17
31530,17
31581,17
31710,17
31711,17
31737,17
31763,17
31790,17
31798,17
31845,17
31853,17
31861,17
31866,17
31973,17
32023,17
32032,17
32034,17
32059,17
32071,17
32086,17
32092,17
32151,17
32188,17
32214,17
32218,17
32245,17
32256,17
32289,17
32301,17
32311,17
32313,17
32360,17
32407,17
32410,17
32455,17
32568,17
32618,17
32629,17
32729,17
32792,17
32836,17
32843,17
32866,17
32878,17
32879,17
32885,17
32900,17
32961,17
32962,17
32979,17
33010,17
33012,17
33024,17
33025,17
33027,17
33041,17
33048,17
33051,17
33064,17
33069,17
33091,17
33099,17
33113,17
33176,17
33184,17
33190,17
33204,17
33205,17
33219,17
33221,17
33266,17
33271,17
33279,17
33314,17
33341,17
33371,17
33377,17
33391,17
33422,17
33434,17
33478,17
33493,17
33502,17
33512,17
33525,17
33531,17
33564,17
33630,17
33661,17
33662,17
33685,17
33686,17
33687,17
33697,17
33704,17
33706,17
33713,17
33737,17
33741,17
33757,17
33783,17
33797,17
33806,17
33871,17
33889,17
33937,17
34006,17
34085,17
34096,17
34136,17
34167,17
34179,17
34208,17
34237,17
34240,17
34244,17
34258,17
34289,17
34391,17
34427,17
34437,17
34438,17
34439,17
34440,17
34464,17
34476,17
34488,17
34498,17
34502,17
34532,17
34542,17
34561,17
34599,17
34604,17
34620,17
34644,17
34649,17
34664,17
34673,17
34683,17
34712,17
34741,17
34753,17
34776,17
34799,17
34820,17
34866,17
34877,17
34878,17
34901,17
34928,17
34964,17
35000,17
35041,17
35042,17
35134,17
35135,17
35136,17
35138,17
35150,17
35167,17
35205,17
35224,17
35250,17
35255,17
35286,17
35295,17
35315,17
35369,17
35401,17
35454,17
35520,17
35521,17
35567,17
35586,17
35603,17
35691,17
35730,17
35737,17
35759,17
35800,17
35835,17
35838,17
35840,17
35842,17
35843,17
35847,17
35848,17
35849,17
35853,17
35854,17
35855,17
35910,17
35949,17
35982,17
35996,17
36000,17
36039,17
36040,17
36077,17
36161,17
36164,17
36166,17
36194,17
36197,17
36267,17
36278,17
36308,17
36313,17
36314,17
36342,17
36343,17
36344,17
36345,17
36369,17
36370,17
36371,17
36397,17
36429,17
36432,17
36436,17
36494,17
36516,17
36528,17
36531,17
36542,17
36552,17
36563,17
36571,17
36633,17
36666,17
36692,17
36715,17
36730,17
36740,17
36765,17
36766,17
36774,17
36782,17
36816,17
36828,17
36838,17
36856,17
36857,17
36862,17
36866,17
36871,17
36894,17
36976,17
37026,17
37082,17
37100,17
37112,17
37149,17
37242,17
37244,17
37245,17
37247,17
37265,17
37268,17
37277,17
37283,17
37302,17
37311,17
37334,17
37374,17
37395,17
37407,17
37435,17
37436,17
37438,17
37440,17
37441,17
37442,17
37448,17
37491,17
37496,17
37507,17
37514,17
37515,17
37541,17
37548,17
37561,17
37578,17
37600,17
37607,17
37630,17
37643,17
37663,17
37703,17
37731,17
37760,17
37764,17
37765,17
37779,17
37866,17
37875,17
37897,17
37905,17
37914,17
37915,17
37922,17
37970,17
37988,17
37998,17
38004,17
38005,17
38006,17
38012,17
38020,17
38046,17
38078,17
38093,17
38097,17
38114,17
38117,17
38118,17
38119,17
38120,17
38121,17
38122,17
38123,17
38124,17
38125,17
38126,17
38127,17
38128,17
38129,17
38131,17
38132,17
38133,17
38134,17
38135,17
38136,17
38137,17
38138,17
38140,17
38142,17
38157,17
38174,17
38191,17
38192,17
38226,17
38250,17
38273,17
38292,17
38312,17
38328,17
38365,17
38373,17
38385,17
38433,17
38440,17
38444,17
38473,17
38480,17
38481,17
38530,17
38544,17
38545,17
38600,17
38628,17
38656,17
38663,17
38678,17
38691,17
38705,17
38707,17
38714,17
38716,17
38717,17
38719,17
38735,17
38749,17
38752,17
38799,17
38816,17
38837,17
38853,17
38895,17
38903,17
38916,17
38940,17
38982,17
39012,17
39028,17
39034,17
39035,17
39056,17
39101,17
39102,17
39115,17
39152,17
39162,17
39198,17
39222,17
39231,17
39282,17
39308,17
39309,17
39333,17
39358,17
39359,17
39361,17
39362,17
39363,17
39368,17
39369,17
39410,17
39416,17
39428,17
39454,17
39486,17
39489,17
39491,17
39506,17
39514,17
39528,17
39539,17
39545,17
39574,17
39584,17
39592,17
39617,17
39638,17
39674,17
39675,17
39711,17
39728,17
39769,17
39778,17
39798,17
39805,17
39833,17
39841,17
39846,17
39893,17
39935,17
39967,17
39987,17
39991,17
39999,17
40020,17
40036,17
40044,17
40046,17
40054,17
40055,17
40056,17
40073,17
40075,17
40097,17
40109,17
40142,17
40151,17
40154,17
40157,17
40165,17
40166,17
40178,17
40182,17
40192,17
40250,17
40251,17
40256,17
40295,17
40313,17
40341,17
40367,17
40377,17
40389,17
40403,17
40405,17
40416,17
40480,17
40497,17
40515,17
40517,17
40529,17
40554,17
40567,17
40602,17
40608,17
40613,17
40623,17
40657,17
40712,17
40729,17
40768,17
40778,17
40792,17
40803,17
40823,17
40852,17
40853,17
40858,17
40870,17
40876,17
40885,17
40890,17
40907,17
40930,17
40932,17
40942,17
40948,17
40971,17
40979,17
40994,17
41030,17
41062,17
41063,17
41068,17
41080,17
41084,17
41137,17
41139,17
41203,17
41415,17
41416,17
41417,17
41433,17
41439,17
41456,17
41457,17
41461,17
41515,17
41522,17
41547,17
41589,17
41632,17
41635,17
41674,17
41714,17
41725,17
41750,17
41814,17
41822,17
41902,17
41926,17
41942,17
41946,17
42132,17
42148,17
42149,17
42151,17
42153,17
42178,17
42191,17
42192,17
42215,17
42263,17
42264,17
42290,17
42293,17
42310,17
42321,17
42339,17
42343,17
42390,17
42423,17
42460,17
42461,17
42550,17
42645,17
42667,17
42685,17
42723,17
42803,17
42847,17
42870,17
42885,17
42886,17
42893,17
42910,17
42922,17
42949,17
42976,17
42985,17
43019,17
43204,17
43205,17
43206,17
43229,17
43322,17
43349,17
43350,17
43550,17
43555,17
43621,17
43627,17
43741,17
43767,17
43830,17
43871,17
43875,17
43892,17
43948,17
43977,17
44025,17
44031,17
44032,17
44035,17
44050,17
44061,17
44062,17
44090,17
44103,17
44104,17
44105,17
44108,17
44109,17
44110,17
44111,17
44112,17
44114,17
44115,17
44116,17
44117,17
44118,17
44119,17
44121,17
44122,17
44123,17
44218,17
44233,17
44287,17
44292,17
44293,17
44294,17
44295,17
44296,17
44297,17
44298,17
44300,17
44301,17
44304,17
44393,17
44394,17
44395,17
44396,17
44397,17
44410,17
44429,17
44440,17
44441,17
44444,17
44445,17
44446,17
44447,17
44448,17
44449,17
44464,17
44465,17
44466,17
44494,17
44495,17
44496,17
44570,17
44571,17
44585,17
44683,17
44688,17
44740,17
44741,17
44797,17
44890,17
44899,17
44900,17
44901,17
44910,17
44940,17
45028,17
45058,17
45068,17
45073,17
45102,17
45103,17
45104,17
45105,17
45113,17
45203,17
45206,17
45209,17
45246,17
45302,17
45350,17
45380,17
45428,17
45444,17
45445,17
45447,17
45482,17
45518,17
45522,17
45524,17
45571,17
45572,17
45584,17
45627,17
45686,17
45815,17
45959,17
45960,17
46095,17
46185,17
46253,17
46298,17
46381,17
46388,17
46604,17
46907,17
46925,17
47068,17
47110,17
47211,17
47215,17
47217,17
47218,17
47219,17
47226,17
47227,17
47228,17
47234,17
47243,17
47307,17
47409,17
47438,17
47448,17
47462,17
47464,17
47469,17
47486,17
47492,17
47576,17
47616,17
47640,17
47642,17
47643,17
47776,17
47795,17
47837,17
47843,17
47845,17
47856,17
47863,17
47977,17
47997,17
48030,17
48035,17
48100,17
48121,17
48126,17
48163,17
48195,17
48203,17
48208,17
48210,17
48214,17
48217,17
48218,17
48219,17
48220,17
48260,17
48262,17
48263,17
48325,17
48326,17
48331,17
48332,17
48333,17
48375,17
48411,17
48414,17
48466,17
48471,17
48492,17
48539,17
48549,17
48556,17
48569,17
48577,17
48644,17
48673,17
48749,17
48750,17
48751,17
48754,17
48810,17
48890,17
48951,17
49057,17
49059,17
49069,17
49070,17
49073,17
49118,17
49163,17
49199,17
49204,17
49205,17
49235,17
49241,17
49292,17
49311,17
49355,17
49357,17
49402,17
49454,17
49478,17
49571,17
49661,17
49681,17
49793,17
49798,17
49828,17
49834,17
49835,17
49936,17
49969,17
49983,17
49984,17
50002,17
50021,17
50084,17
50137,17
50204,17
50218,17
50284,17
50320,17
50422,17
50431,17
50439,17
50441,17
50445,17
50458,17
50475,17
50526,17
50549,17
50559,17
50572,17
50587,17
50593,17
50604,17
50612,17
50638,17
50644,17
50675,17
50678,17
50689,17
50710,17
50713,17
50855,17
50862,17
50863,17
50871,17
50917,17
50972,17
50973,17
51061,17
51092,17
51105,17
51196,17
51198,17
51289,17
51296,17
51304,17
51305,17
51307,17
51324,17
51358,17
51389,17
51390,17
51392,17
51403,17
51414,17
51415,17
51431,17
51432,17
51445,17
51466,17
51509,17
51531,17
51554,17
51569,17
51572,17
51617,17
51621,17
51653,17
51677,17
51746,17
51765,17
51773,17
51805,17
51903,17
51937,17
51940,17
51954,17
52005,17
52023,17
52093,17
52162,17
52168,17
52194,17
52196,17
52228,17
52265,17
52273,17
52318,17
52328,17
52368,17
52383,17
52384,17
52389,17
52399,17
52477,17
52518,17
52549,17
52588,17
52708,17
52737,17
52738,17
52740,17
52747,17
52748,17
52809,17
52812,17
52863,17
52864,17
52869,17
52928,17
53013,17
53022,17
53026,17
53033,17
53037,17
53097,17
53121,17
53154,17
53163,17
53199,17
53231,17
53365,17
53393,17
53402,17
53509,17
53587,17
53599,17
53603,17
53604,17
53606,17
53625,17
53627,17
53633,17
53646,17
53720,17
53748,17
53754,17
53767,17
53770,17
53787,17
53850,17
53851,17
53857,17
53903,17
53921,17
53938,17
53939,17
53940,17
53941,17
53942,17
53943,17
53944,17
53945,17
53948,17
53951,17
53953,17
53956,17
53957,17
53959,17
53961,17
53962,17
53963,17
53964,17
53966,17
53967,17
53968,17
53969,17
53970,17
53971,17
53973,17
53975,17
53976,17
53977,17
53979,17
53980,17
53981,17
53982,17
53983,17
53984,17
53985,17
53986,17
53987,17
53988,17
53989,17
53990,17
54013,17
54040,17
54062,17
54063,17
54081,17
54082,17
54085,17
54086,17
54089,17
54090,17
54091,17
54092,17
54093,17
54094,17
54096,17
54097,17
54163,17
54250,17
54279,17
54287,17
54298,17
54309,17
54313,17
54355,17
54357,17
54398,17
54475,17
54495,17
54498,17
54660,17
54739,17
54740,17
54769,17
54793,17
54794,17
54829,17
54832,17
54833,17
54851,17
54853,17
54858,17
54860,17
54863,17
54895,17
54902,17
54917,17
54922,17
55038,17
55042,17
55043,17
55046,17
55061,17
55069,17
55076,17
55080,17
55111,17
55128,17
55141,17
55152,17
55188,17
55231,17
55247,17
55255,17
55271,17
55275,17
55283,17
55300,17
55301,17
55303,17
55316,17
55327,17
55527,17
55542,17
55545,17
55571,17
55589,17
55592,17
55607,17
55624,17
55625,17
55640,17
55644,17
55709,17
55733,17
6,2
8,2
20,2
21,2
25,2
33,2
45,2
47,2
48,2
55,2
56,2
58,2
68,2
81,2
84,2
92,2
95,2
96,2
97,2
103,2
104,2
107,2
108,2
109,2
111,2
112,2
115,2
116,2
117,2
118,2
121,2
123,2
124,2
129,2
130,2
131,2
136,2
137,2
138,2
139,2
153,2
154,2
159,2
160,2
163,2
164,2
167,2
168,2
171,2
175,2
176,2
177,2
182,2
192,2
194,2
199,2
202,2
203,2
205,2
206,2
207,2
208,2
209,2
212,2
222,2
223,2
225,2
232,2
234,2
235,2
236,2
237,2
238,2
246,2
249,2
250,2
251,2
268,2
269,2
271,2
280,2
285,2
286,2
288,2
294,2
295,2
296,2
297,2
298,2
301,2
302,2
331,2
332,2
347,2
360,2
366,2
370,2
373,2
375,2
377,2
378,2
380,2
381,2
391,2
393,2
400,2
402,2
404,2
408,2
411,2
416,2
418,2
419,2
420,2
424,2
426,2
428,2
431,2
432,2
434,2
435,2
439,2
442,2
445,2
448,2
449,2
450,2
451,2
452,2
455,2
457,2
459,2
460,2
461,2
462,2
463,2
464,2
465,2
466,2
473,2
479,2
481,2
484,2
486,2
492,2
493,2
495,2
496,2
497,2
498,2
499,2
501,2
502,2
503,2
504,2
508,2
511,2
512,2
513,2
515,2
521,2
522,2
523,2
525,2
527,2
528,2
534,2
535,2
536,2
537,2
544,2
552,2
554,2
561,2
562,2
565,2
568,2
572,2
573,2
581,2
584,2
589,2
592,2
594,2
597,2
599,2
602,2
606,2
607,2
608,2
613,2
617,2
618,2
623,2
633,2
635,2
636,2
647,2
664,2
665,2
666,2
678,2
679,2
705,2
708,2
709,2
712,2
731,2
738,2
751,2
754,2
757,2
760,2
761,2
762,2
763,2
764,2
765,2
773,2
779,2
780,2
781,2
791,2
792,2
796,2
807,2
808,2
812,2
813,2
825,2
834,2
844,2
845,2
854,2
859,2
865,2
866,2
867,2
868,2
869,2
872,2
873,2
874,2
875,2
876,2
882,2
883,2
890,2
891,2
892,2
893,2
894,2
895,2
896,2
897,2
898,2
899,2
900,2
901,2
902,2
903,2
904,2
905,2
906,2
909,2
910,2
911,2
912,2
915,2
924,2
925,2
926,2
927,2
928,2
929,2
936,2
937,2
944,2
950,2
953,2
956,2
957,2
958,2
959,2
960,2
961,2
969,2
970,2
971,2
973,2
978,2
984,2
985,2
986,2
987,2
996,2
997,2
998,2
1000,2
1001,2
1005,2
1010,2
1011,2
1017,2
1018,2
1022,2
1023,2
1025,2
1026,2
1031,2
1032,2
1033,2
1035,2
1044,2
1045,2
1046,2
1050,2
1051,2
1052,2
1058,2
1059,2
1064,2
1068,2
1069,2
1076,2
1079,2
1081,2
1085,2
1086,2
1090,2
1092,2
1094,2
1098,2
1099,2
1100,2
1107,2
1108,2
1110,2
1111,2
1112,2
1117,2
1118,2
1119,2
1120,2
1121,2
1122,2
1123,2
1132,2
1136,2
1137,2
1138,2
1139,2
1140,2
1141,2
1143,2
1149,2
1150,2
1154,2
1155,2
1157,2
1158,2
1159,2
1161,2
1162,2
1163,2
1164,2
1165,2
1166,2
1168,2
1169,2
1170,2
1171,2
1172,2
1176,2
1179,2
1181,2
1184,2
1186,2
1189,2
1194,2
1195,2
1200,2
1202,2
1205,2
1208,2
1211,2
1212,2
1224,2
1225,2
1226,2
1230,2
1231,2
1236,2
1237,2
1238,2
1247,2
1249,2
1250,2
1251,2
1252,2
1253,2
1254,2
1255,2
1256,2
1257,2
1258,2
1259,2
1260,2
1262,2
1264,2
1265,2
1266,2
1267,2
1276,2
1277,2
1279,2
1283,2
1287,2
1292,2
1293,2
1295,2
1301,2
1302,2
1312,2
1313,2
1325,2
1331,2
1333,2
1336,2
1346,2
1347,2
1348,2
1352,2
1353,2
1358,2
1363,2
1364,2
1365,2
1366,2
1367,2
1369,2
1371,2
1374,2
1379,2
1380,2
1382,2
1391,2
1397,2
1398,2
1400,2
1411,2
1412,2
1413,2
1414,2
1415,2
1416,2
1417,2
1418,2
1419,2
1420,2
1421,2
1422,2
1423,2
1424,2
1425,2
1426,2
1427,2
1428,2
1429,2
1430,2
1431,2
1432,2
1433,2
1434,2
1435,2
1436,2
1437,2
1438,2
1439,2
1440,2
1442,2
1443,2
1444,2
1445,2
1448,2
1450,2
1456,2
1458,2
1459,2
1460,2
1466,2
1469,2
1478,2
1481,2
1482,2
1483,2
1487,2
1488,2
1490,2
1491,2
1503,2
1505,2
1506,2
1509,2
1525,2
1526,2
1527,2
1537,2
1542,2
1546,2
1549,2
1553,2
1563,2
1564,2
1565,2
1567,2
1572,2
1574,2
1578,2
1580,2
1582,2
1586,2
1590,2
1598,2
1599,2
1606,2
1611,2
1618,2
1620,2
1625,2
1626,2
1627,2
1630,2
1638,2
1645,2
1650,2
1651,2
1652,2
1660,2
1663,2
1664,2
1666,2
1668,2
1669,2
1670,2
1671,2
1676,2
1677,2
1678,2
1681,2
1686,2
1696,2
1704,2
1705,2
1706,2
1709,2
1710,2
1711,2
1713,2
1724,2
1731,2
1735,2
1736,2
1737,2
1744,2
1745,2
1746,2
1747,2
1759,2
1760,2
1761,2
1762,2
1763,2
1768,2
1773,2
1774,2
1775,2
1777,2
1778,2
1792,2
1794,2
1795,2
1796,2
1799,2
1800,2
1802,2
1803,2
1805,2
1806,2
1816,2
1818,2
1820,2
1822,2
1823,2
1826,2
1827,2
1829,2
1831,2
1833,2
1834,2
1837,2
1839,2
1840,2
1848,2
1849,2
1850,2
1851,2
1853,2
1854,2
1855,2
1863,2
1866,2
1867,2
1868,2
1872,2
1873,2
1880,2
1891,2
1892,2
1894,2
1897,2
1899,2
1901,2
1910,2
1914,2
1919,2
1920,2
1921,2
1922,2
1923,2
1924,2
1925,2
1928,2
1938,2
1939,2
1940,2
1941,2
1942,2
1944,2
1946,2
1951,2
1952,2
1954,2
1957,2
1961,2
1964,2
1972,2
1994,2
1998,2
2001,2
2006,2
2012,2
2019,2
2021,2
2030,2
2031,2
2032,2
2036,2
2043,2
2049,2
2053,2
2055,2
2060,2
2066,2
2068,2
2069,2
2072,2
2074,2
2075,2
2078,2
2079,2
2084,2
2085,2
2086,2
2088,2
2089,2
2090,2
2095,2
2099,2
2100,2
2102,2
2107,2
2108,2
2109,2
2110,2
2111,2
2123,2
2125,2
2126,2
2127,2
2128,2
2141,2
2142,2
2143,2
2144,2
2150,2
2151,2
2154,2
2162,2
2164,2
2168,2
2171,2
2173,2
2174,2
2175,2
2185,2
2193,2
2196,2
2199,2
2201,2
2202,2
2203,2
2207,2
2211,2
2229,2
2230,2
2243,2
2249,2
2263,2
2264,2
2277,2
2279,2
2281,2
2284,2
2285,2
2286,2
2287,2
2288,2
2289,2
2290,2
2292,2
2311,2
2313,2
2314,2
2315,2
2319,2
2325,2
2330,2
2331,2
2332,2
2333,2
2334,2
2337,2
2361,2
2363,2
2364,2
2365,2
2382,2
2383,2
2389,2
2390,2
2391,2
2392,2
2393,2
2397,2
2398,2
2399,2
2408,2
2409,2
2415,2
2416,2
2418,2
2422,2
2427,2
2428,2
2429,2
2451,2
2452,2
2456,2
2464,2
2467,2
2470,2
2471,2
2472,2
2473,2
2474,2
2483,2
2484,2
2487,2
2488,2
2497,2
2501,2
2503,2
2512,2
2513,2
2514,2
2515,2
2522,2
2523,2
2524,2
2528,2
2529,2
2535,2
2543,2
2544,2
2545,2
2556,2
2559,2
2561,2
2565,2
2567,2
2569,2
2571,2
2572,2
2573,2
2574,2
2575,2
2577,2
2578,2
2579,2
2589,2
2591,2
2597,2
2598,2
2599,2
2600,2
2606,2
2607,2
2613,2
2614,2
2618,2
2619,2
2620,2
2632,2
2633,2
2645,2
2650,2
2653,2
2654,2
2655,2
2656,2
2657,2
2658,2
2661,2
2662,2
2664,2
2665,2
2666,2
2668,2
2670,2
2671,2
2673,2
2674,2
2676,2
2677,2
2678,2
2685,2
2686,2
2688,2
2689,2
2695,2
2696,2
2702,2
2705,2
2707,2
2713,2
2715,2
2717,2
2718,2
2719,2
2722,2
2724,2
2747,2
2749,2
2750,2
2754,2
2762,2
2766,2
2769,2
2770,2
2776,2
2777,2
2778,2
2780,2
2782,2
2783,2
2789,2
2793,2
2799,2
2804,2
2806,2
2809,2
2811,2
2813,2
2816,2
2817,2
2819,2
2820,2
2824,2
2825,2
2826,2
2828,2
2829,2
2830,2
2831,2
2832,2
2833,2
2835,2
2836,2
2838,2
2842,2
2847,2
2848,2
2851,2
2882,2
2889,2
2890,2
2895,2
2913,2
2928,2
2929,2
2962,2
2966,2
2970,2
2971,2
2972,2
2978,2
2980,2
2983,2
2987,2
3005,2
3008,2
3010,2
3019,2
3027,2
3031,2
3032,2
3033,2
3036,2
3038,2
3044,2
3054,2
3059,2
3061,2
3064,2
3065,2
3069,2
3072,2
3075,2
3101,2
3109,2
3114,2
3115,2
3127,2
3132,2
3135,2
3137,2
3146,2
3151,2
3152,2
3153,2
3154,2
3162,2
3175,2
3176,2
3178,2
3183,2
3185,2
3192,2
3193,2
3199,2
3214,2
3218,2
3221,2
3230,2
3232,2
3271,2
3272,2
3295,2
3298,2
3313,2
3317,2
3327,2
3329,2
3352,2
3355,2
3372,2
3381,2
3390,2
3401,2
3425,2
3432,2
3434,2
3436,2
3451,2
3460,2
3461,2
3466,2
3486,2
3493,2
3499,2
3501,2
3505,2
3515,2
3526,2
3549,2
3561,2
3570,2
3571,2
3576,2
3594,2
3603,2
3609,2
3624,2
3626,2
3631,2
3637,2
3638,2
3659,2
3669,2
3673,2
3689,2
3690,2
3701,2
3712,2
3726,2
3727,2
3737,2
3738,2
3745,2
3752,2
3757,2
3758,2
3760,2
3761,2
3765,2
3806,2
3809,2
3810,2
3811,2
3812,2
3822,2
3828,2
3834,2
3836,2
3837,2
3842,2
3845,2
3848,2
3858,2
3873,2
3876,2
3877,2
3886,2
3898,2
3905,2
3907,2
3915,2
3923,2
3935,2
3936,2
3962,2
3968,2
3969,2
3990,2
3991,2
4013,2
4024,2
4025,2
4026,2
4028,2
4039,2
4049,2
4051,2
4052,2
4058,2
4060,2
4061,2
4066,2
4067,2
4068,2
4071,2
4074,2
4080,2
4086,2
4087,2
4088,2
4094,2
4098,2
4106,2
4131,2
4138,2
4151,2
4154,2
4155,2
4177,2
4186,2
4188,2
4191,2
4197,2
4199,2
4200,2
4240,2
4242,2
4244,2
4246,2
4252,2
4262,2
4320,2
4340,2
4375,2
4389,2
4390,2
4391,2
4394,2
4395,2
4415,2
4427,2
4437,2
4443,2
4444,2
4447,2
4450,2
4459,2
4468,2
4470,2
4471,2
4476,2
4481,2
4504,2
4509,2
4511,2
4513,2
4514,2
4521,2
4524,2
4551,2
4563,2
4567,2
4584,2
4597,2
4598,2
4614,2
4615,2
4616,2
4646,2
4651,2
4657,2
4662,2
4663,2
4667,2
4690,2
4712,2
4719,2
4726,2
4733,2
4773,2
4792,2
4793,2
4794,2
4795,2
4798,2
4800,2
4801,2
4807,2
4808,2
4810,2
4835,2
4851,2
4874,2
4876,2
4884,2
4886,2
4910,2
4917,2
4921,2
4926,2
4938,2
4940,2
4943,2
4948,2
4961,2
4962,2
4970,2
4981,2
4983,2
5006,2
5013,2
5014,2
5019,2
5023,2
5027,2
5031,2
5032,2
5037,2
5041,2
5071,2
5075,2
5084,2
5091,2
5096,2
5104,2
5114,2
5129,2
5152,2
5157,2
5159,2
5184,2
5189,2
5192,2
5197,2
5201,2
5226,2
5233,2
5238,2
5249,2
5252,2
5256,2
5260,2
5267,2
5272,2
5274,2
5278,2
5287,2
5289,2
5292,2
5293,2
5306,2
5307,2
5314,2
5337,2
5341,2
5343,2
5348,2
5369,2
5372,2
5440,2
5458,2
5475,2
5478,2
5484,2
5496,2
5530,2
5535,2
5538,2
5578,2
5581,2
5600,2
5624,2
5636,2
5652,2
5656,2
5673,2
5688,2
5689,2
5691,2
5712,2
5715,2
5725,2
5742,2
5760,2
5783,2
5838,2
5844,2
5854,2
5871,2
5876,2
5886,2
5907,2
5920,2
5921,2
5922,2
5923,2
5931,2
5933,2
5934,2
5935,2
5940,2
5943,2
5962,2
5986,2
5997,2
6007,2
6033,2
6046,2
6050,2
6062,2
6067,2
6072,2
6115,2
6124,2
6153,2
6154,2
6156,2
6162,2
6171,2
6172,2
6178,2
6189,2
6202,2
6215,2
6261,2
6262,2
6275,2
6291,2
6297,2
6303,2
6312,2
6325,2
6374,2
6375,2
6383,2
6437,2
6438,2
6443,2
6444,2
6460,2
6489,2
6496,2
6511,2
6524,2
6554,2
6555,2
6557,2
6583,2
6593,2
6594,2
6607,2
6630,2
6633,2
6671,2
6695,2
6701,2
6702,2
6704,2
6714,2
6718,2
6771,2
6811,2
6834,2
6838,2
6843,2
6846,2
6847,2
6849,2
6851,2
6855,2
6872,2
6877,2
6878,2
6889,2
6899,2
6901,2
6909,2
6930,2
6941,2
6951,2
6965,2
6970,2
6971,2
6975,2
6979,2
6988,2
6989,2
6992,2
7045,2
7058,2
7083,2
7106,2
7109,2
7135,2
7144,2
7156,2
7216,2
7230,2
7252,2
7285,2
7290,2
7294,2
7303,2
7304,2
7305,2
7308,2
7314,2
7329,2
7330,2
7334,2
7364,2
7395,2
7405,2
7419,2
7430,2
7435,2
7436,2
7471,2
7477,2
7479,2
7491,2
7496,2
7522,2
7550,2
7551,2
7605,2
7619,2
7626,2
7639,2
7664,2
7681,2
7695,2
7721,2
7729,2
7740,2
7752,2
7786,2
7808,2
7845,2
7867,2
7876,2
7900,2
7904,2
7939,2
7953,2
7982,2
8026,2
8057,2
8065,2
8086,2
8097,2
8108,2
8109,2
8115,2
8130,2
8139,2
8140,2
8141,2
8150,2
8152,2
8153,2
8154,2
8155,2
8157,2
8158,2
8171,2
8180,2
8182,2
8183,2
8184,2
8194,2
8208,2
8226,2
8227,2
8228,2
8234,2
8235,2
8239,2
8240,2
8243,2
8245,2
8246,2
8247,2
8285,2
8304,2
8310,2
8311,2
8358,2
8359,2
8362,2
8363,2
8364,2
8369,2
8373,2
8375,2
8394,2
8410,2
8415,2
8438,2
8442,2
8456,2
8490,2
8491,2
8493,2
8553,2
8563,2
8595,2
8598,2
8609,2
8624,2
8664,2
8709,2
8740,2
8777,2
8799,2
8812,2
8839,2
8853,2
8879,2
8897,2
8899,2
8900,2
8919,2
8950,2
8955,2
8956,2
8963,2
8964,2
8965,2
8966,2
8995,2
8999,2
9000,2
9035,2
9045,2
9061,2
9088,2
9095,2
9106,2
9107,2
9130,2
9135,2
9172,2
9200,2
9204,2
9221,2
9228,2
9303,2
9314,2
9324,2
9332,2
9346,2
9356,2
9365,2
9371,2
9376,2
9387,2
9389,2
9390,2
9391,2
9392,2
9395,2
9403,2
9417,2
9438,2
9501,2
9520,2
9521,2
9522,2
9528,2
9531,2
9584,2
9629,2
9690,2
9760,2
9768,2
9785,2
9786,2
9789,2
9792,2
9798,2
9857,2
9858,2
9862,2
9878,2
9906,2
9917,2
9947,2
9963,2
9973,2
9991,2
9999,2
10005,2
10017,2
10033,2
10074,2
10105,2
10118,2
10135,2
10136,2
10137,2
10138,2
10139,2
10149,2
10155,2
10189,2
10194,2
10199,2
10200,2
10202,2
10203,2
10207,2
10210,2
10218,2
10224,2
10236,2
10237,2
10244,2
10259,2
10260,2
10263,2
10270,2
10319,2
10330,2
10334,2
10336,2
10342,2
10355,2
10357,2
10370,2
10391,2
10405,2
10444,2
10471,2
10524,2
10527,2
10528,2
10531,2
10534,2
10588,2
10589,2
10592,2
10622,2
10623,2
10628,2
10629,2
10686,2
10687,2
10690,2
10701,2
10703,2
10732,2
10740,2
10741,2
10766,2
10852,2
10904,2
10916,2
10917,2
10924,2
10933,2
10965,2
11009,2
11019,2
11053,2
11061,2
11069,2
11093,2
11095,2
11203,2
11241,2
11275,2
11299,2
11319,2
11375,2
11385,2
11421,2
11533,2
11561,2
11673,2
11685,2
11717,2
11755,2
11757,2
11773,2
11777,2
11783,2
11787,2
11853,2
11859,2
12001,2
12049,2
12065,2
12113,2
12115,2
12117,2
12135,2
12223,2
12231,2
12267,2
12295,2
12341,2
12343,2
12347,2
12371,2
12413,2
12429,2
12471,2
12477,2
12529,2
12589,2
12663,2
12671,2
12677,2
12715,2
12791,2
12795,2
12799,2
12807,2
12851,2
12859,2
12887,2
12901,2
12917,2
12929,2
13029,2
13047,2
13103,2
13169,2
13185,2
13201,2
13203,2
13231,2
13239,2
13247,2
13249,2
13251,2
13255,2
13271,2
13307,2
13331,2
13365,2
13423,2
13439,2
13499,2
13587,2
13667,2
13669,2
13679,2
13709,2
13731,2
13789,2
13799,2
13821,2
13931,2
13955,2
14093,2
14249,2
14267,2
14333,2
14349,2
14355,2
14381,2
14513,2
14617,2
14719,2
14735,2
14833,2
14837,2
14875,2
14913,2
14935,2
15015,2
15067,2
15093,2
15095,2
15133,2
15323,2
15347,2
15479,2
15579,2
15663,2
15735,2
15743,2
15783,2
15823,2
15913,2
15915,2
15925,2
16009,2
16021,2
16027,2
16041,2
16143,2
16163,2
16239,2
16251,2
16255,2
16345,2
16363,2
16385,2
16389,2
16468,2
16480,2
16482,2
16510,2
16518,2
16524,2
16556,2
16586,2
16590,2
16678,2
16680,2
16702,2
16728,2
16752,2
16754,2
16756,2
16778,2
16780,2
16784,2
16788,2
16798,2
16800,2
16808,2
16810,2
16812,2
16814,2
16816,2
16818,2
16830,2
16832,2
16834,2
16838,2
16870,2
17088,2
17090,2
17113,2
17115,2
17137,2
17165,2
17167,2
17201,2
17221,2
17223,2
17265,2
17419,2
17457,2
17473,2
17489,2
17521,2
17619,2
17624,2
17657,2
17675,2
17687,2
17699,2
17743,2
17873,2
17969,2
18115,2
18269,2
18273,2
18275,2
18283,2
18303,2
18307,2
18309,2
18311,2
18313,2
18315,2
18321,2
18329,2
18331,2
18393,2
18489,2
18491,2
18521,2
18533,2
18603,2
18731,2
18821,2
18937,2
18939,2
18941,2
18943,2
19087,2
19099,2
19117,2
19123,2
19125,2
19211,2
19291,2
19311,2
19325,2
19367,2
19457,2
19463,2
19489,2
19505,2
19587,2
19645,2
19687,2
19731,2
19773,2
19781,2
19825,2
19877,2
19899,2
19951,2
19957,2
19965,2
19981,2
19983,2
19987,2
19993,2
19995,2
19999,2
20027,2
20111,2
20113,2
20141,2
20147,2
20159,2
20173,2
20175,2
20185,2
20189,2
20381,2
20441,2
20463,2
20533,2
20673,2
20743,2
20799,2
20853,2
20899,2
20907,2
20945,2
20961,2
20963,2
20975,2
21021,2
21101,2
21235,2
21255,2
21329,2
21435,2
21447,2
21479,2
21485,2
21509,2
21561,2
21569,2
21571,2
21695,2
21703,2
21843,2
21867,2
21881,2
21939,2
21997,2
21999,2
22043,2
22065,2
22097,2
22101,2
22241,2
22249,2
22327,2
22329,2
22359,2
22361,2
22427,2
22547,2
22591,2
22603,2
22613,2
22621,2
22625,2
22645,2
22677,2
22695,2
22699,2
22777,2
22827,2
22887,2
22943,2
22979,2
22981,2
23007,2
23009,2
23015,2
23067,2
23265,2
23293,2
23299,2
23301,2
23319,2
23321,2
23351,2
23393,2
23409,2
23581,2
23585,2
23611,2
23615,2
23703,2
23707,2
23739,2
23755,2
23763,2
23801,2
23819,2
23825,2
23849,2
23863,2
23909,2
23911,2
23967,2
23991,2
24041,2
24047,2
24051,2
24075,2
24231,2
24261,2
24269,2
24455,2
24669,2
24681,2
24687,2
24701,2
24909,2
24923,2
24927,2
25013,2
25027,2
25029,2
25069,2
25071,2
25073,2
25081,2
25083,2
25085,2
25087,2
25095,2
25161,2
25363,2
25389,2
25431,2
25503,2
25517,2
25591,2
25607,2
25633,2
25687,2
25717,2
25749,2
25805,2
25867,2
25889,2
25891,2
25921,2
25939,2
25963,2
26055,2
26063,2
26189,2
26199,2
26359,2
26443,2
26447,2
27369,2
27379,2
27393,2
27437,2
27465,2
27495,2
27497,2
27501,2
27653,2
27825,2
27891,2
27943,2
27947,2
27965,2
27993,2
28041,2
28045,2
28047,2
28049,2
28051,2
28057,2
28097,2
28099,2
28103,2
28105,2
28121,2
28145,2
28155,2
28201,2
28215,2
28249,2
28293,2
28431,2
28447,2
28497,2
28595,2
28683,2
28695,2
28717,2
28733,2
28755,2
28759,2
28771,2
28805,2
28833,2
28853,2
28869,2
28907,2
28957,2
28983,2
29135,2
29233,2
29235,2
29353,2
29367,2
29371,2
29373,2
29375,2
29387,2
29389,2
29393,2
29399,2
29413,2
29419,2
29421,2
29423,2
29425,2
29427,2
29429,2
29467,2
29473,2
29475,2
29493,2
29505,2
29527,2
29529,2
29611,2
29613,2
29687,2
29716,2
29727,2
29733,2
29756,2
29803,2
29832,2
29854,2
29863,2
29886,2
29980,2
30027,2
30028,2
30029,2
30034,2
30046,2
30048,2
30057,2
30060,2
30066,2
30071,2
30117,2
30120,2
30121,2
30134,2
30140,2
30155,2
30176,2
30313,2
30343,2
30347,2
30349,2
30360,2
30370,2
30410,2
30447,2
30473,2
30481,2
30483,2
30530,2
30648,2
30679,2
30694,2
30736,2
30738,2
30767,2
30778,2
30831,2
30909,2
30911,2
30944,2
30965,2
31049,2
31052,2
31098,2
31113,2
31128,2
31150,2
31201,2
31205,2
31231,2
31233,2
31236,2
31238,2
31246,2
31289,2
31318,2
31339,2
31373,2
31427,2
31452,2
31490,2
31493,2
31573,2
31592,2
31593,2
31629,2
31637,2
31640,2
31670,2
31672,2
31678,2
31722,2
31741,2
31750,2
31764,2
31765,2
31821,2
31827,2
31829,2
31838,2
31859,2
31866,2
31868,2
31892,2
31893,2
31911,2
31927,2
31933,2
31941,2
32051,2
32108,2
32136,2
32171,2
32218,2
32219,2
32230,2
32247,2
32269,2
32270,2
32321,2
32359,2
32365,2
32369,2
32370,2
32379,2
32437,2
32534,2
32543,2
32551,2
32566,2
32580,2
32582,2
32585,2
32593,2
32595,2
32596,2
32608,2
32609,2
32621,2
32622,2
32628,2
32630,2
32663,2
32665,2
32681,2
32732,2
32773,2
32796,2
32797,2
32801,2
32808,2
32809,2
32820,2
32823,2
32879,2
32887,2
32888,2
32889,2
32890,2
32926,2
32936,2
32937,2
32979,2
33026,2
33032,2
33074,2
33086,2
33089,2
33113,2
33195,2
33204,2
33215,2
33232,2
33254,2
33267,2
33310,2
33314,2
33338,2
33341,2
33348,2
33354,2
33383,2
33396,2
33465,2
33474,2
33480,2
33489,2
33490,2
33558,2
33599,2
33600,2
33601,2
33602,2
33603,2
33604,2
33606,2
33630,2
33670,2
33671,2
33672,2
33685,2
33686,2
33687,2
33702,2
33704,2
33713,2
33726,2
33728,2
33729,2
33730,2
33760,2
33762,2
33763,2
33772,2
33773,2
33783,2
33792,2
33925,2
33927,2
33966,2
33997,2
34005,2
34013,2
34014,2
34021,2
34036,2
34055,2
34086,2
34129,2
34151,2
34176,2
34244,2
34248,2
34249,2
34258,2
34261,2
34299,2
34325,2
34350,2
34416,2
34497,2
34510,2
34511,2
34514,2
34527,2
34539,2
34540,2
34541,2
34547,2
34549,2
34566,2
34577,2
34599,2
34626,2
34642,2
34665,2
34667,2
34675,2
34683,2
34741,2
34745,2
34756,2
34776,2
34792,2
34892,2
34901,2
34905,2
34940,2
34941,2
34955,2
34962,2
34982,2
35009,2
35049,2
35051,2
35063,2
35072,2
35073,2
35074,2
35079,2
35134,2
35135,2
35136,2
35203,2
35204,2
35254,2
35313,2
35389,2
35476,2
35494,2
35495,2
35497,2
35508,2
35538,2
35541,2
35542,2
35543,2
35545,2
35593,2
35609,2
35626,2
35633,2
35641,2
35650,2
35672,2
35673,2
35674,2
35676,2
35694,2
35740,2
35757,2
35790,2
35800,2
35838,2
35839,2
35853,2
35854,2
35855,2
35857,2
35909,2
35912,2
35913,2
35933,2
35946,2
35956,2
35972,2
35988,2
35994,2
35999,2
36000,2
36015,2
36028,2
36029,2
36036,2
36040,2
36145,2
36148,2
36184,2
36215,2
36228,2
36231,2
36345,2
36368,2
36395,2
36429,2
36440,2
36455,2
36466,2
36474,2
36480,2
36486,2
36491,2
36549,2
36551,2
36561,2
36571,2
36587,2
36619,2
36644,2
36649,2
36661,2
36666,2
36722,2
36748,2
36759,2
36762,2
36816,2
36825,2
36856,2
36857,2
36862,2
36882,2
36923,2
36927,2
36936,2
36946,2
36951,2
36964,2
36967,2
37097,2
37098,2
37099,2
37100,2
37101,2
37102,2
37117,2
37149,2
37150,2
37152,2
37154,2
37164,2
37176,2
37179,2
37180,2
37184,2
37185,2
37186,2
37187,2
37202,2
37208,2
37228,2
37232,2
37254,2
37262,2
37267,2
37283,2
37293,2
37294,2
37300,2
37311,2
37347,2
37348,2
37349,2
37374,2
37390,2
37391,2
37392,2
37395,2
37428,2
37430,2
37447,2
37472,2
37482,2
37484,2
37506,2
37514,2
37515,2
37520,2
37521,2
37555,2
37563,2
37564,2
37576,2
37595,2
37623,2
37675,2
37744,2
37750,2
37751,2
37752,2
37787,2
37798,2
37806,2
37822,2
37856,2
37865,2
37884,2
37887,2
37888,2
37897,2
37902,2
37905,2
37914,2
37937,2
37952,2
37966,2
37980,2
37984,2
37989,2
37991,2
38015,2
38017,2
38040,2
38049,2
38069,2
38083,2
38088,2
38092,2
38135,2
38140,2
38147,2
38153,2
38166,2
38174,2
38179,2
38192,2
38198,2
38220,2
38234,2
38268,2
38297,2
38301,2
38360,2
38385,2
38413,2
38416,2
38419,2
38435,2
38436,2
38450,2
38469,2
38484,2
38489,2
38490,2
38491,2
38520,2
38525,2
38526,2
38530,2
38538,2
38549,2
38557,2
38573,2
38601,2
38650,2
38659,2
38688,2
38690,2
38691,2
38707,2
38710,2
38720,2
38735,2
38740,2
38741,2
38743,2
38744,2
38790,2
38793,2
38807,2
38843,2
38916,2
38918,2
38919,2
38972,2
38985,2
39024,2
39039,2
39040,2
39066,2
39080,2
39116,2
39119,2
39123,2
39178,2
39191,2
39192,2
39197,2
39198,2
39213,2
39235,2
39239,2
39264,2
39274,2
39282,2
39292,2
39315,2
39329,2
39351,2
39355,2
39410,2
39412,2
39419,2
39456,2
39487,2
39489,2
39514,2
39519,2
39531,2
39551,2
39572,2
39575,2
39576,2
39581,2
39589,2
39597,2
39653,2
39679,2
39685,2
39686,2
39701,2
39763,2
39792,2
39806,2
39810,2
39820,2
39833,2
39906,2
39912,2
39936,2
40030,2
40044,2
40045,2
40052,2
40055,2
40056,2
40059,2
40062,2
40064,2
40078,2
40082,2
40083,2
40103,2
40166,2
40182,2
40211,2
40221,2
40233,2
40239,2
40242,2
40244,2
40250,2
40251,2
40256,2
40297,2
40320,2
40327,2
40351,2
40356,2
40357,2
40367,2
40368,2
40403,2
40434,2
40439,2
40440,2
40453,2
40454,2
40479,2
40489,2
40507,2
40540,2
40567,2
40571,2
40578,2
40594,2
40602,2
40636,2
40638,2
40657,2
40730,2
40732,2
40734,2
40750,2
40765,2
40783,2
40808,2
40823,2
40834,2
40844,2
40849,2
40852,2
40861,2
40873,2
40881,2
40897,2
40906,2
40909,2
40934,2
40961,2
40966,2
40974,2
40991,2
40995,2
41025,2
41027,2
41062,2
41074,2
41078,2
41079,2
41081,2
41084,2
41094,2
41109,2
41115,2
41135,2
41137,2
41190,2
41205,2
41206,2
41210,2
41215,2
41218,2
41219,2
41220,2
41224,2
41283,2
41293,2
41296,2
41341,2
41392,2
41401,2
41416,2
41439,2
41467,2
41475,2
41487,2
41491,2
41514,2
41528,2
41529,2
41549,2
41558,2
41564,2
41573,2
41574,2
41612,2
41667,2
41785,2
41802,2
41834,2
41884,2
41899,2
41911,2
41915,2
41917,2
42033,2
42070,2
42072,2
42106,2
42132,2
42135,2
42136,2
42137,2
42138,2
42139,2
42144,2
42146,2
42147,2
42148,2
42158,2
42161,2
42183,2
42187,2
42191,2
42192,2
42205,2
42209,2
42215,2
42263,2
42264,2
42266,2
42284,2
42292,2
42307,2
42321,2
42329,2
42339,2
42343,2
42433,2
42451,2
42460,2
42466,2
42476,2
42485,2
42544,2
42625,2
42627,2
42670,2
42723,2
42740,2
42760,2
42761,2
42765,2
42766,2
42794,2
42808,2
42815,2
42832,2
42834,2
42835,2
42885,2
42914,2
42916,2
42947,2
42950,2
43255,2
43256,2
43257,2
43291,2
43297,2
43387,2
43434,2
43523,2
43532,2
43555,2
43581,2
43702,2
43703,2
43772,2
43778,2
43840,2
43854,2
43858,2
43859,2
43860,2
43864,2
43871,2
43872,2
43875,2
43877,2
43888,2
43889,2
43891,2
43892,2
43899,2
43928,2
43929,2
43930,2
43937,2
43943,2
43948,2
43958,2
43959,2
43983,2
43984,2
43985,2
43986,2
43987,2
43988,2
43989,2
43990,2
43991,2
43992,2
43993,2
43994,2
43995,2
43996,2
43997,2
43998,2
43999,2
44000,2
44001,2
44002,2
44003,2
44004,2
44005,2
44007,2
44008,2
44009,2
44010,2
44011,2
44012,2
44013,2
44025,2
44033,2
44035,2
44037,2
44067,2
44068,2
44069,2
44071,2
44078,2
44079,2
44135,2
44136,2
44137,2
44138,2
44159,2
44168,2
44169,2
44170,2
44176,2
44179,2
44181,2
44188,2
44203,2
44212,2
44213,2
44218,2
44225,2
44273,2
44286,2
44302,2
44303,2
44351,2
44353,2
44358,2
44365,2
44366,2
44368,2
44369,2
44399,2
44402,2
44403,2
44406,2
44408,2
44411,2
44412,2
44427,2
44524,2
44529,2
44530,2
44531,2
44571,2
44576,2
44585,2
44587,2
44606,2
44615,2
44622,2
44623,2
44634,2
44635,2
44636,2
44639,2
44640,2
44641,2
44650,2
44664,2
44665,2
44666,2
44667,2
44668,2
44669,2
44674,2
44680,2
44686,2
44689,2
44691,2
44692,2
44693,2
44695,2
44722,2
44723,2
44736,2
44737,2
44739,2
44740,2
44742,2
44743,2
44746,2
44747,2
44748,2
44752,2
44753,2
44755,2
44756,2
44757,2
44758,2
44760,2
44762,2
44763,2
44764,2
44765,2
44766,2
44769,2
44770,2
44771,2
44772,2
44773,2
44774,2
44777,2
44778,2
44779,2
44781,2
44782,2
44797,2
44798,2
44800,2
44801,2
44802,2
44803,2
44806,2
44816,2
44821,2
44823,2
44829,2
44831,2
44832,2
44836,2
44838,2
44842,2
44843,2
44844,2
44850,2
44855,2
44857,2
44863,2
44865,2
44866,2
44875,2
44876,2
44877,2
44878,2
44879,2
44880,2
44889,2
44895,2
44896,2
44897,2
44898,2
44899,2
44900,2
44901,2
44903,2
44904,2
44906,2
44907,2
44908,2
44909,2
44910,2
44911,2
44912,2
44914,2
44915,2
44922,2
44923,2
44929,2
44936,2
44943,2
44946,2
44948,2
44950,2
44953,2
44957,2
44959,2
44960,2
44963,2
44964,2
44965,2
44966,2
44969,2
44970,2
44971,2
44972,2
44978,2
44979,2
44983,2
45011,2
45012,2
45014,2
45017,2
45024,2
45026,2
45027,2
45032,2
45033,2
45034,2
45035,2
45036,2
45037,2
45038,2
45039,2
45040,2
45043,2
45044,2
45046,2
45047,2
45049,2
45050,2
45051,2
45052,2
45056,2
45059,2
45060,2
45061,2
45063,2
45064,2
45065,2
45066,2
45067,2
45069,2
45073,2
45075,2
45078,2
45079,2
45081,2
45083,2
45085,2
45088,2
45090,2
45092,2
45095,2
45098,2
45099,2
45102,2
45103,2
45104,2
45105,2
45111,2
45112,2
45113,2
45114,2
45115,2
45118,2
45119,2
45142,2
45169,2
45175,2
45177,2
45178,2
45179,2
45181,2
45192,2
45196,2
45197,2
45198,2
45203,2
45205,2
45208,2
45209,2
45213,2
45214,2
45235,2
45242,2
45243,2
45244,2
45246,2
45262,2
45282,2
45297,2
45302,2
45328,2
45333,2
45334,2
45350,2
45374,2
45380,2
45403,2
45406,2
45416,2
45443,2
45453,2
45455,2
45456,2
45458,2
45459,2
45460,2
45465,2
45469,2
45486,2
45492,2
45520,2
45525,2
45526,2
45527,2
45528,2
45529,2
45530,2
45531,2
45534,2
45556,2
45558,2
45560,2
45599,2
45607,2
45622,2
45645,2
45686,2
45693,2
45712,2
45753,2
45780,2
45783,2
45810,2
45815,2
45818,2
45891,2
45931,2
45932,2
45945,2
45952,2
45962,2
45998,2
46025,2
46144,2
46148,2
46156,2
46164,2
46180,2
46201,2
46203,2
46223,2
46224,2
46229,2
46252,2
46253,2
46257,2
46259,2
46361,2
46386,2
46420,2
46507,2
46520,2
46522,2
46569,2
46652,2
46745,2
46902,2
46985,2
46991,2
47055,2
47160,2
47161,2
47162,2
47163,2
47164,2
47191,2
47199,2
47200,2
47210,2
47212,2
47215,2
47218,2
47219,2
47226,2
47227,2
47228,2
47234,2
47237,2
47258,2
47259,2
47264,2
47265,2
47286,2
47290,2
47348,2
47367,2
47391,2
47403,2
47405,2
47428,2
47438,2
47441,2
47448,2
47450,2
47451,2
47465,2
47466,2
47468,2
47469,2
47476,2
47485,2
47492,2
47505,2
47506,2
47509,2
47516,2
47526,2
47552,2
47553,2
47555,2
47558,2
47567,2
47568,2
47569,2
47570,2
47576,2
47578,2
47580,2
47613,2
47640,2
47642,2
47643,2
47646,2
47647,2
47648,2
47649,2
47651,2
47683,2
47704,2
47769,2
47776,2
47791,2
47807,2
47831,2
47832,2
47843,2
47846,2
47848,2
47850,2
47851,2
47926,2
47945,2
47968,2
48027,2
48093,2
48102,2
48120,2
48121,2
48128,2
48130,2
48133,2
48144,2
48160,2
48163,2
48183,2
48195,2
48197,2
48198,2
48200,2
48206,2
48211,2
48214,2
48215,2
48216,2
48229,2
48238,2
48239,2
48240,2
48241,2
48242,2
48250,2
48260,2
48262,2
48263,2
48284,2
48285,2
48310,2
48317,2
48320,2
48321,2
48324,2
48340,2
48342,2
48414,2
48455,2
48480,2
48481,2
48491,2
48505,2
48549,2
48612,2
48661,2
48742,2
48754,2
48759,2
48761,2
48810,2
48842,2
48873,2
48895,2
48896,2
48903,2
48909,2
48910,2
48914,2
48956,2
48997,2
49040,2
49098,2
49117,2
49144,2
49165,2
49205,2
49228,2
49277,2
49287,2
49297,2
49304,2
49318,2
49321,2
49345,2
49357,2
49386,2
49387,2
49409,2
49423,2
49433,2
49458,2
49515,2
49523,2
49555,2
49558,2
49569,2
49570,2
49571,2
49574,2
49612,2
49614,2
49709,2
49716,2
49730,2
49757,2
49759,2
49785,2
49841,2
49847,2
49849,2
49860,2
49873,2
49877,2
49889,2
49980,2
50002,2
50049,2
50090,2
50094,2
50114,2
50168,2
50175,2
50193,2
50207,2
50220,2
50274,2
50275,2
50280,2
50306,2
50313,2
50315,2
50319,2
50320,2
50321,2
50343,2
50385,2
50399,2
50400,2
50404,2
50405,2
50406,2
50410,2
50421,2
50427,2
50430,2
50433,2
50444,2
50474,2
50501,2
50510,2
50528,2
50535,2
50537,2
50538,2
50562,2
50565,2
50581,2
50594,2
50604,2
50612,2
50629,2
50647,2
50657,2
50664,2
50667,2
50673,2
50703,2
50849,2
50854,2
50872,2
50878,2
50891,2
50916,2
50925,2
50932,2
50953,2
50983,2
51013,2
51037,2
51038,2
51039,2
51045,2
51122,2
51128,2
51131,2
51144,2
51145,2
51162,2
51287,2
51289,2
51302,2
51303,2
51334,2
51335,2
51366,2
51367,2
51368,2
51383,2
51387,2
51410,2
51412,2
51457,2
51473,2
51495,2
51499,2
51517,2
51531,2
51562,2
51584,2
51596,2
51601,2
51631,2
51632,2
51648,2
51673,2
51681,2
51686,2
51687,2
51688,2
51726,2
51735,2
51769,2
51780,2
51782,2
51791,2
51794,2
51796,2
51834,2
51836,2
51861,2
51877,2
51881,2
51898,2
51903,2
51996,2
52020,2
52093,2
52096,2
52105,2
52130,2
52151,2
52199,2
52239,2
52265,2
52273,2
52299,2
52316,2
52318,2
52338,2
52347,2
52357,2
52359,2
52367,2
52368,2
52369,2
52370,2
52378,2
52383,2
52397,2
52460,2
52475,2
52482,2
52522,2
52546,2
52547,2
52554,2
52605,2
52623,2
52635,2
52648,2
52653,2
52657,2
52684,2
52704,2
52713,2
52765,2
52809,2
52810,2
52824,2
52830,2
52877,2
52878,2
52921,2
52926,2
52947,2
52949,2
52969,2
52976,2
52991,2
52995,2
53037,2
53053,2
53075,2
53076,2
53109,2
53111,2
53125,2
53131,2
53162,2
53179,2
53205,2
53206,2
53230,2
53235,2
53249,2
53251,2
53273,2
53391,2
53393,2
53397,2
53418,2
53432,2
53437,2
53446,2
53450,2
53476,2
53477,2
53488,2
53494,2
53498,2
53516,2
53529,2
53580,2
53590,2
53599,2
53604,2
53618,2
53625,2
53626,2
53676,2
53730,2
53748,2
53810,2
53835,2
53873,2
53874,2
53876,2
53878,2
53880,2
53882,2
53890,2
53910,2
53911,2
53939,2
53940,2
53941,2
53953,2
53956,2
53957,2
53959,2
53963,2
53964,2
53965,2
53968,2
53980,2
53981,2
53982,2
53983,2
53984,2
53985,2
53986,2
53987,2
53989,2
53990,2
53998,2
54010,2
54029,2
54033,2
54050,2
54081,2
54082,2
54092,2
54093,2
54094,2
54095,2
54097,2
54105,2
54123,2
54124,2
54141,2
54196,2
54214,2
54250,2
54261,2
54280,2
54285,2
54354,2
54359,2
54388,2
54396,2
54402,2
54403,2
54404,2
54431,2
54437,2
54444,2
54449,2
54463,2
54536,2
54544,2
54565,2
54646,2
54647,2
54648,2
54655,2
54684,2
54687,2
54688,2
54703,2
54705,2
54715,2
54724,2
54730,2
54737,2
54738,2
54762,2
54772,2
54779,2
54787,2
54835,2
54842,2
54863,2
54864,2
54881,2
54913,2
54916,2
54917,2
54931,2
54944,2
54997,2
55014,2
55015,2
55034,2
55041,2
55052,2
55074,2
55080,2
55130,2
55151,2
55186,2
55192,2
55214,2
55216,2
55243,2
55261,2
55265,2
55271,2
55285,2
55286,2
55289,2
55453,2
55514,2
55527,2
55534,2
55541,2
55562,2
55563,2
55578,2
55589,2
55599,2
55604,2
55643,2
55644,2
55646,2
55647,2
55652,2
55655,2
55684,2
55692,2
55694,2
55717,2
55732,2
55733,2
7,7
16,7
18,7
19,7
26,7
29,7
30,7
31,7
32,7
33,7
44,7
46,7
51,7
52,7
53,7
54,7
57,7
58,7
59,7
62,7
64,7
65,7
67,7
75,7
76,7
77,7
79,7
80,7
81,7
82,7
83,7
84,7
85,7
86,7
87,7
88,7
89,7
90,7
91,7
92,7
93,7
94,7
95,7
96,7
99,7
100,7
101,7
102,7
104,7
106,7
110,7
119,7
120,7
121,7
122,7
124,7
126,7
128,7
129,7
130,7
131,7
134,7
135,7
142,7
143,7
144,7
145,7
146,7
147,7
148,7
149,7
150,7
155,7
156,7
158,7
160,7
165,7
167,7
168,7
171,7
185,7
186,7
187,7
190,7
193,7
195,7
196,7
201,7
202,7
206,7
209,7
217,7
219,7
226,7
232,7
236,7
237,7
239,7
242,7
252,7
256,7
258,7
260,7
266,7
267,7
272,7
277,7
282,7
283,7
284,7
285,7
289,7
291,7
292,7
294,7
295,7
302,7
308,7
311,7
312,7
313,7
314,7
315,7
320,7
322,7
323,7
325,7
328,7
329,7
330,7
333,7
334,7
338,7
339,7
341,7
342,7
344,7
345,7
346,7
349,7
355,7
358,7
360,7
361,7
362,7
363,7
369,7
371,7
372,7
376,7
384,7
385,7
387,7
390,7
393,7
394,7
395,7
401,7
407,7
408,7
411,7
416,7
427,7
428,7
429,7
430,7
431,7
433,7
435,7
437,7
438,7
439,7
440,7
441,7
444,7
446,7
447,7
448,7
464,7
470,7
471,7
472,7
473,7
474,7
475,7
476,7
483,7
489,7
496,7
503,7
504,7
506,7
509,7
510,7
512,7
514,7
519,7
522,7
524,7
525,7
526,7
528,7
529,7
531,7
543,7
546,7
547,7
548,7
553,7
554,7
556,7
559,7
560,7
565,7
570,7
573,7
578,7
584,7
585,7
587,7
589,7
593,7
595,7
597,7
598,7
600,7
604,7
609,7
610,7
616,7
620,7
622,7
633,7
634,7
635,7
636,7
644,7
647,7
648,7
656,7
661,7
664,7
665,7
666,7
667,7
670,7
671,7
675,7
676,7
677,7
678,7
679,7
685,7
688,7
689,7
690,7
691,7
693,7
694,7
704,7
706,7
707,7
710,7
711,7
713,7
715,7
718,7
719,7
721,7
723,7
724,7
725,7
730,7
731,7
733,7
734,7
736,7
741,7
743,7
746,7
747,7
752,7
754,7
756,7
757,7
758,7
759,7
760,7
762,7
766,7
770,7
771,7
776,7
782,7
785,7
789,7
791,7
793,7
795,7
798,7
799,7
807,7
810,7
811,7
812,7
818,7
820,7
821,7
822,7
825,7
835,7
836,7
838,7
850,7
852,7
855,7
856,7
858,7
859,7
861,7
863,7
873,7
874,7
876,7
877,7
879,7
885,7
907,7
915,7
919,7
929,7
930,7
942,7
943,7
949,7
953,7
959,7
960,7
963,7
967,7
969,7
979,7
985,7
990,7
993,7
996,7
997,7
998,7
999,7
1000,7
1001,7
1002,7
1004,7
1008,7
1016,7
1019,7
1020,7
1021,7
1022,7
1023,7
1024,7
1029,7
1032,7
1033,7
1034,7
1039,7
1040,7
1041,7
1042,7
1044,7
1047,7
1049,7
1053,7
1056,7
1065,7
1069,7
1071,7
1080,7
1081,7
1082,7
1083,7
1084,7
1087,7
1090,7
1091,7
1092,7
1095,7
1096,7
1097,7
1099,7
1107,7
1109,7
1116,7
1117,7
1118,7
1119,7
1120,7
1121,7
1130,7
1132,7
1136,7
1137,7
1140,7
1141,7
1142,7
1144,7
1145,7
1153,7
1154,7
1156,7
1168,7
1169,7
1184,7
1187,7
1204,7
1206,7
1207,7
1210,7
1214,7
1216,7
1217,7
1218,7
1219,7
1222,7
1226,7
1230,7
1240,7
1241,7
1243,7
1244,7
1245,7
1246,7
1248,7
1252,7
1263,7
1268,7
1276,7
1277,7
1287,7
1293,7
1301,7
1302,7
1303,7
1311,7
1313,7
1324,7
1325,7
1329,7
1336,7
1341,7
1342,7
1343,7
1344,7
1356,7
1371,7
1373,7
1377,7
1379,7
1380,7
1382,7
1384,7
1392,7
1393,7
1394,7
1395,7
1396,7
1397,7
1399,7
1400,7
1406,7
1441,7
1450,7
1453,7
1457,7
1459,7
1460,7
1462,7
1481,7
1483,7
1485,7
1486,7
1488,7
1490,7
1491,7
1495,7
1497,7
1500,7
1504,7
1508,7
1516,7
1517,7
1520,7
1521,7
1524,7
1526,7
1530,7
1532,7
1538,7
1548,7
1549,7
1550,7
1552,7
1554,7
1563,7
1569,7
1573,7
1575,7
1576,7
1578,7
1579,7
1581,7
1589,7
1592,7
1601,7
1602,7
1607,7
1608,7
1611,7
1624,7
1626,7
1629,7
1637,7
1640,7
1642,7
1645,7
1650,7
1651,7
1652,7
1654,7
1659,7
1660,7
1662,7
1663,7
1677,7
1682,7
1689,7
1690,7
1692,7
1695,7
1699,7
1703,7
1705,7
1706,7
1709,7
1718,7
1719,7
1720,7
1721,7
1723,7
1725,7
1727,7
1729,7
1734,7
1737,7
1740,7
1742,7
1744,7
1760,7
1761,7
1762,7
1768,7
1775,7
1791,7
1793,7
1797,7
1798,7
1799,7
1800,7
1807,7
1810,7
1824,7
1825,7
1830,7
1832,7
1836,7
1838,7
1843,7
1846,7
1847,7
1857,7
1860,7
1864,7
1868,7
1869,7
1878,7
1890,7
1901,7
1906,7
1910,7
1915,7
1920,7
1921,7
1922,7
1923,7
1924,7
1925,7
1937,7
1941,7
1944,7
1946,7
1949,7
1952,7
1959,7
1961,7
1962,7
1965,7
1967,7
1968,7
1969,7
1974,7
1977,7
1983,7
1999,7
2000,7
2004,7
2009,7
2013,7
2016,7
2017,7
2019,7
2029,7
2030,7
2032,7
2035,7
2036,7
2042,7
2051,7
2055,7
2071,7
2092,7
2098,7
2103,7
2105,7
2129,7
2133,7
2139,7
2141,7
2143,7
2148,7
2152,7
2158,7
2164,7
2167,7
2175,7
2179,7
2199,7
2200,7
2201,7
2202,7
2203,7
2208,7
2210,7
2213,7
2214,7
2216,7
2218,7
2219,7
2220,7
2225,7
2227,7
2230,7
2235,7
2236,7
2238,7
2243,7
2245,7
2253,7
2256,7
2257,7
2273,7
2294,7
2298,7
2308,7
2314,7
2321,7
2333,7
2337,7
2341,7
2346,7
2359,7
2372,7
2387,7
2398,7
2402,7
2403,7
2405,7
2408,7
2417,7
2420,7
2423,7
2453,7
2454,7
2456,7
2458,7
2459,7
2460,7
2468,7
2470,7
2476,7
2486,7
2487,7
2491,7
2492,7
2493,7
2495,7
2517,7
2523,7
2534,7
2535,7
2536,7
2538,7
2542,7
2544,7
2545,7
2546,7
2547,7
2548,7
2549,7
2553,7
2554,7
2555,7
2556,7
2557,7
2558,7
2559,7
2560,7
2562,7
2568,7
2569,7
2573,7
2576,7
2577,7
2581,7
2582,7
2583,7
2584,7
2585,7
2586,7
2594,7
2595,7
2598,7
2599,7
2600,7
2609,7
2610,7
2613,7
2614,7
2618,7
2621,7
2623,7
2624,7
2683,7
2685,7
2694,7
2698,7
2714,7
2717,7
2726,7
2729,7
2732,7
2737,7
2739,7
2740,7
2741,7
2747,7
2751,7
2753,7
2756,7
2759,7
2760,7
2761,7
2768,7
2779,7
2785,7
2787,7
2788,7
2793,7
2795,7
2800,7
2801,7
2802,7
2810,7
2811,7
2813,7
2816,7
2828,7
2829,7
2830,7
2832,7
2834,7
2847,7
2881,7
2904,7
2911,7
2913,7
2915,7
2920,7
2921,7
2922,7
2924,7
2926,7
2927,7
2928,7
2929,7
2964,7
2974,7
2981,7
2983,7
2997,7
2998,7
2999,7
3003,7
3005,7
3009,7
3015,7
3016,7
3026,7
3027,7
3031,7
3032,7
3054,7
3067,7
3069,7
3071,7
3072,7
3077,7
3089,7
3091,7
3092,7
3110,7
3120,7
3138,7
3147,7
3162,7
3175,7
3176,7
3183,7
3186,7
3194,7
3196,7
3220,7
3231,7
3248,7
3254,7
3266,7
3270,7
3298,7
3306,7
3318,7
3323,7
3326,7
3335,7
3358,7
3371,7
3375,7
3394,7
3396,7
3420,7
3421,7
3424,7
3449,7
3457,7
3462,7
3465,7
3468,7
3469,7
3483,7
3484,7
3488,7
3507,7
3512,7
3558,7
3597,7
3602,7
3626,7
3627,7
3655,7
3665,7
3675,7
3726,7
3734,7
3744,7
3750,7
3783,7
3784,7
3785,7
3786,7
3800,7
3807,7
3819,7
3829,7
3835,7
3854,7
3858,7
3866,7
3868,7
3879,7
3887,7
3927,7
3931,7
3946,7
3947,7
3963,7
3964,7
3976,7
4033,7
4039,7
4059,7
4074,7
4081,7
4132,7
4138,7
4181,7
4189,7
4199,7
4201,7
4210,7
4213,7
4220,7
4224,7
4266,7
4282,7
4339,7
4461,7
4475,7
4483,7
4484,7
4485,7
4503,7
4514,7
4515,7
4549,7
4566,7
4614,7
4617,7
4618,7
4621,7
4639,7
4640,7
4697,7
4715,7
4720,7
4722,7
4723,7
4752,7
4756,7
4765,7
4789,7
4790,7
4814,7
4884,7
4908,7
4918,7
4926,7
4927,7
4928,7
4938,7
4981,7
4985,7
5002,7
5013,7
5037,7
5039,7
5052,7
5084,7
5098,7
5114,7
5151,7
5155,7
5167,7
5191,7
5200,7
5216,7
5220,7
5228,7
5237,7
5288,7
5293,7
5300,7
5332,7
5365,7
5411,7
5415,7
5420,7
5469,7
5472,7
5485,7
5494,7
5504,7
5535,7
5603,7
5631,7
5640,7
5673,7
5678,7
5682,7
5689,7
5719,7
5763,7
5774,7
5784,7
5832,7
5834,7
5835,7
5854,7
5865,7
5900,7
5902,7
5904,7
5916,7
5917,7
5918,7
5924,7
5928,7
5929,7
5933,7
5936,7
5941,7
5984,7
5992,7
5997,7
6012,7
6018,7
6032,7
6045,7
6060,7
6076,7
6087,7
6114,7
6124,7
6129,7
6152,7
6164,7
6165,7
6178,7
6182,7
6202,7
6211,7
6226,7
6227,7
6229,7
6230,7
6246,7
6261,7
6262,7
6266,7
6336,7
6351,7
6361,7
6366,7
6397,7
6408,7
6421,7
6489,7
6492,7
6509,7
6547,7
6572,7
6579,7
6653,7
6726,7
6728,7
6733,7
6747,7
6773,7
6774,7
6783,7
6787,7
6867,7
6872,7
6875,7
6895,7
6919,7
6920,7
6937,7
6978,7
7014,7
7058,7
7059,7
7112,7
7117,7
7144,7
7169,7
7193,7
7229,7
7252,7
7257,7
7270,7
7273,7
7279,7
7285,7
7308,7
7366,7
7374,7
7376,7
7377,7
7420,7
7474,7
7504,7
7505,7
7510,7
7571,7
7575,7
7578,7
7588,7
7616,7
7629,7
7651,7
7654,7
7661,7
7674,7
7683,7
7775,7
7779,7
7861,7
7877,7
7904,7
7967,7
8017,7
8098,7
8120,7
8139,7
8140,7
8141,7
8142,7
8230,7
8239,7
8248,7
8249,7
8250,7
8324,7
8403,7
8415,7
8425,7
8426,7
8450,7
8451,7
8475,7
8481,7
8533,7
8542,7
8554,7
8563,7
8584,7
8643,7
8713,7
8718,7
8743,7
8777,7
8861,7
8896,7
8936,7
8967,7
9014,7
9055,7
9065,7
9077,7
9078,7
9088,7
9135,7
9163,7
9164,7
9165,7
9166,7
9213,7
9228,7
9253,7
9254,7
9264,7
9279,7
9289,7
9338,7
9348,7
9349,7
9351,7
9353,7
9367,7
9383,7
9447,7
9467,7
9494,7
9495,7
9525,7
9535,7
9546,7
9547,7
9548,7
9549,7
9568,7
9656,7
9693,7
9723,7
9756,7
9761,7
9773,7
9837,7
9866,7
9917,7
9922,7
9931,7
9935,7
9940,7
9959,7
9972,7
9976,7
9988,7
9989,7
9990,7
9993,7
9998,7
10013,7
10014,7
10030,7
10036,7
10045,7
10048,7
10098,7
10118,7
10122,7
10153,7
10161,7
10178,7
10218,7
10232,7
10236,7
10259,7
10278,7
10342,7
10350,7
10354,7
10375,7
10379,7
10389,7
10397,7
10408,7
10448,7
10460,7
10466,7
10471,7
10481,7
10500,7
10516,7
10547,7
10554,7
10563,7
10581,7
10629,7
10688,7
10709,7
10718,7
10721,7
10723,7
10740,7
10741,7
10742,7
10743,7
10756,7
10757,7
10758,7
10759,7
10760,7
10793,7
10800,7
10813,7
10901,7
10918,7
10935,7
10943,7
10964,7
11097,7
11101,7
11135,7
11285,7
11307,7
11313,7
11433,7
11441,7
11545,7
11547,7
11561,7
11577,7
11663,7
11665,7
11685,7
11693,7
11739,7
11793,7
11837,7
11867,7
11887,7
11889,7
11977,7
11979,7
11981,7
12027,7
12029,7
12035,7
12113,7
12115,7
12163,7
12175,7
12259,7
12279,7
12337,7
12365,7
12439,7
12441,7
12471,7
12531,7
12599,7
12603,7
12671,7
12725,7
12745,7
12791,7
12867,7
12877,7
12881,7
12905,7
12917,7
13029,7
13103,7
13115,7
13117,7
13119,7
13125,7
13175,7
13215,7
13299,7
13335,7
13411,7
13497,7
13551,7
13585,7
13599,7
13629,7
13655,7
13691,7
13731,7
13757,7
13759,7
13767,7
13843,7
13863,7
13931,7
13955,7
13993,7
14007,7
14075,7
14145,7
14175,7
14181,7
14183,7
14247,7
14289,7
14347,7
14353,7
14397,7
14669,7
14807,7
14827,7
14835,7
14875,7
14921,7
15021,7
15039,7
15045,7
15059,7
15227,7
15379,7
15393,7
15607,7
15731,7
15815,7
16001,7
16067,7
16201,7
16233,7
16434,7
16458,7
16460,7
16498,7
16514,7
16528,7
16662,7
16690,7
16752,7
16776,7
16782,7
16812,7
17012,7
17020,7
17080,7
17117,7
17121,7
17131,7
17137,7
17157,7
17217,7
17221,7
17223,7
17233,7
17269,7
17277,7
17295,7
17307,7
17339,7
17423,7
17427,7
17437,7
17439,7
17441,7
17443,7
17445,7
17447,7
17467,7
17493,7
17501,7
17619,7
17655,7
17665,7
17677,7
17689,7
17721,7
17729,7
17741,7
17893,7
17909,7
17947,7
17959,7
18001,7
18041,7
18045,7
18053,7
18195,7
18245,7
18317,7
18319,7
18321,7
18323,7
18397,7
18451,7
18457,7
18533,7
18557,7
18629,7
18631,7
18731,7
18747,7
18849,7
19023,7
19115,7
19117,7
19135,7
19167,7
19177,7
19285,7
19467,7
19555,7
19627,7
19695,7
19905,7
19907,7
19909,7
19917,7
19941,7
19943,7
19957,7
19971,7
19973,7
20143,7
20205,7
20207,7
20223,7
20225,7
20227,7
20229,7
20231,7
20235,7
20371,7
20469,7
20499,7
20505,7
20517,7
20587,7
20649,7
20651,7
20671,7
20903,7
20969,7
21025,7
21027,7
21041,7
21065,7
21179,7
21189,7
21255,7
21333,7
21431,7
21557,7
21737,7
21845,7
21861,7
22135,7
22661,7
22763,7
22791,7
22847,7
23031,7
23043,7
23133,7
23209,7
23249,7
23273,7
23293,7
23303,7
23353,7
23407,7
23447,7
23581,7
23583,7
23585,7
23587,7
23593,7
23615,7
23659,7
23711,7
23741,7
23775,7
23777,7
23835,7
23861,7
23931,7
23983,7
23987,7
24085,7
24371,7
24489,7
24549,7
24645,7
24647,7
24679,7
24681,7
25035,7
25057,7
25063,7
25065,7
25069,7
25071,7
25073,7
25075,7
25079,7
25081,7
25087,7
25089,7
25143,7
25169,7
25183,7
25283,7
25299,7
25301,7
25305,7
25519,7
25567,7
25601,7
25605,7
25623,7
25649,7
25687,7
25729,7
25777,7
25801,7
25833,7
25835,7
26043,7
26091,7
26093,7
26095,7
26097,7
26099,7
26101,7
26103,7
26105,7
26107,7
26109,7
26111,7
26113,7
26115,7
26119,7
26165,7
26215,7
26217,7
26219,7
26221,7
26223,7
26225,7
26227,7
26229,7
26231,7
26233,7
26235,7
26237,7
26239,7
26241,7
26243,7
26247,7
26249,7
26251,7
26253,7
26255,7
26257,7
26259,7
26261,7
26263,7
26265,7
26267,7
26269,7
26271,7
26273,7
26275,7
26277,7
26281,7
26283,7
26285,7
26289,7
26291,7
26295,7
26297,7
26299,7
26301,7
26303,7
26305,7
26307,7
26309,7
26311,7
26313,7
26315,7
26319,7
26321,7
26323,7
26325,7
26327,7
26329,7
26331,7
26333,7
26335,7
26337,7
26339,7
26341,7
26345,7
26359,7
27375,7
27405,7
27557,7
27573,7
27579,7
27601,7
27651,7
27775,7
27789,7
27839,7
27921,7
27969,7
27989,7
28055,7
28109,7
28111,7
28119,7
28143,7
28155,7
28223,7
28227,7
28235,7
28249,7
28353,7
28433,7
28483,7
28485,7
28543,7
28545,7
28547,7
28549,7
28551,7
28553,7
28555,7
28557,7
28559,7
28561,7
28563,7
28565,7
28567,7
28569,7
28571,7
28573,7
28575,7
28577,7
28579,7
28581,7
28583,7
28585,7
28623,7
28725,7
28733,7
28735,7
28789,7
28841,7
28851,7
28927,7
28955,7
28959,7
28999,7
29093,7
29095,7
29207,7
29301,7
29357,7
29365,7
29527,7
29529,7
29623,7
29637,7
29651,7
29653,7
29675,7
29677,7
29679,7
29716,7
29801,7
29812,7
29829,7
29830,7
29831,7
29834,7
29857,7
29900,7
30015,7
30016,7
30024,7
30045,7
30059,7
30086,7
30123,7
30133,7
30187,7
30193,7
30249,7
30344,7
30383,7
30386,7
30415,7
30419,7
30473,7
30481,7
30483,7
30484,7
30549,7
30585,7
30740,7
30759,7
30760,7
30763,7
30764,7
30765,7
30771,7
30806,7
30901,7
30907,7
30926,7
30927,7
30928,7
30929,7
30930,7
30931,7
30932,7
30933,7
30935,7
30938,7
30939,7
30940,7
30941,7
30943,7
30944,7
30970,7
30974,7
30975,7
30976,7
30977,7
30978,7
30979,7
30980,7
30981,7
30982,7
30985,7
30997,7
30998,7
30999,7
31000,7
31001,7
31002,7
31003,7
31004,7
31005,7
31007,7
31008,7
31009,7
31015,7
31016,7
31017,7
31128,7
31129,7
31147,7
31156,7
31165,7
31173,7
31235,7
31240,7
31251,7
31321,7
31362,7
31378,7
31387,7
31405,7
31418,7
31433,7
31463,7
31483,7
31553,7
31561,7
31575,7
31630,7
31646,7
31665,7
31680,7
31756,7
31785,7
31798,7
31821,7
31859,7
31948,7
31973,7
31977,7
31988,7
32023,7
32034,7
32071,7
32086,7
32108,7
32153,7
32174,7
32224,7
32255,7
32281,7
32287,7
32291,7
32309,7
32311,7
32313,7
32379,7
32382,7
32438,7
32455,7
32461,7
32483,7
32551,7
32581,7
32628,7
32646,7
32728,7
32729,7
32735,7
32759,7
32760,7
32792,7
32804,7
32832,7
32845,7
32881,7
32897,7
32901,7
32902,7
32947,7
32948,7
32949,7
32983,7
32998,7
33012,7
33013,7
33023,7
33036,7
33041,7
33051,7
33064,7
33091,7
33095,7
33129,7
33144,7
33154,7
33170,7
33190,7
33192,7
33203,7
33218,7
33221,7
33232,7
33237,7
33238,7
33239,7
33248,7
33263,7
33305,7
33318,7
33326,7
33337,7
33338,7
33348,7
33352,7
33363,7
33377,7
33396,7
33417,7
33474,7
33498,7
33499,7
33502,7
33519,7
33520,7
33532,7
33538,7
33539,7
33540,7
33589,7
33654,7
33674,7
33692,7
33717,7
33726,7
33743,7
33755,7
33777,7
33801,7
33821,7
33822,7
33823,7
33824,7
33831,7
33862,7
33889,7
33894,7
33895,7
33896,7
33897,7
33899,7
33925,7
33940,7
33964,7
33980,7
33983,7
34021,7
34055,7
34076,7
34085,7
34112,7
34113,7
34114,7
34115,7
34116,7
34117,7
34119,7
34120,7
34122,7
34129,7
34136,7
34184,7
34201,7
34279,7
34284,7
34299,7
34338,7
34342,7
34368,7
34374,7
34375,7
34376,7
34382,7
34383,7
34391,7
34414,7
34430,7
34437,7
34445,7
34522,7
34534,7
34542,7
34544,7
34547,7
34550,7
34591,7
34599,7
34602,7
34611,7
34620,7
34631,7
34634,7
34647,7
34649,7
34688,7
34689,7
34712,7
34744,7
34776,7
34777,7
34812,7
34818,7
34823,7
34839,7
34840,7
34852,7
34863,7
34893,7
34895,7
34926,7
34933,7
34934,7
34962,7
34984,7
34997,7
35009,7
35020,7
35021,7
35022,7
35023,7
35024,7
35026,7
35027,7
35030,7
35031,7
35047,7
35062,7
35082,7
35085,7
35091,7
35093,7
35095,7
35099,7
35100,7
35114,7
35116,7
35123,7
35124,7
35125,7
35126,7
35127,7
35128,7
35129,7
35130,7
35134,7
35135,7
35136,7
35147,7
35149,7
35155,7
35156,7
35180,7
35204,7
35231,7
35242,7
35243,7
35263,7
35274,7
35277,7
35300,7
35387,7
35391,7
35466,7
35494,7
35495,7
35503,7
35507,7
35528,7
35529,7
35557,7
35608,7
35627,7
35628,7
35629,7
35639,7
35674,7
35676,7
35677,7
35678,7
35706,7
35746,7
35760,7
35790,7
35798,7
35834,7
35835,7
35839,7
35849,7
35851,7
35921,7
35928,7
35932,7
35949,7
35964,7
35984,7
36021,7
36027,7
36032,7
36098,7
36104,7
36106,7
36124,7
36127,7
36220,7
36266,7
36273,7
36275,7
36309,7
36316,7
36368,7
36369,7
36370,7
36371,7
36444,7
36466,7
36485,7
36492,7
36516,7
36525,7
36538,7
36548,7
36585,7
36586,7
36592,7
36649,7
36652,7
36662,7
36699,7
36702,7
36705,7
36729,7
36731,7
36754,7
36775,7
36792,7
36798,7
36843,7
36862,7
36884,7
36936,7
36937,7
36962,7
36963,7
36992,7
37013,7
37044,7
37086,7
37095,7
37181,7
37207,7
37208,7
37209,7
37272,7
37277,7
37280,7
37320,7
37338,7
37379,7
37396,7
37435,7
37447,7
37450,7
37451,7
37458,7
37490,7
37497,7
37514,7
37515,7
37517,7
37521,7
37531,7
37563,7
37566,7
37576,7
37597,7
37602,7
37616,7
37618,7
37623,7
37664,7
37710,7
37711,7
37764,7
37765,7
37769,7
37777,7
37786,7
37804,7
37828,7
37886,7
37905,7
37906,7
37926,7
37938,7
37952,7
37962,7
37965,7
37970,7
37972,7
37975,7
37979,7
37981,7
37982,7
37987,7
37997,7
38019,7
38020,7
38080,7
38088,7
38098,7
38100,7
38104,7
38130,7
38161,7
38250,7
38251,7
38254,7
38256,7
38273,7
38274,7
38279,7
38285,7
38329,7
38403,7
38409,7
38410,7
38414,7
38440,7
38450,7
38456,7
38464,7
38469,7
38489,7
38524,7
38533,7
38544,7
38556,7
38561,7
38585,7
38594,7
38663,7
38677,7
38680,7
38716,7
38717,7
38729,7
38735,7
38740,7
38753,7
38770,7
38816,7
38826,7
38889,7
38917,7
38920,7
38963,7
38982,7
38987,7
38990,7
39022,7
39077,7
39090,7
39097,7
39109,7
39141,7
39184,7
39185,7
39188,7
39195,7
39199,7
39264,7
39290,7
39322,7
39332,7
39364,7
39378,7
39449,7
39475,7
39486,7
39487,7
39514,7
39533,7
39535,7
39539,7
39568,7
39569,7
39575,7
39584,7
39585,7
39587,7
39610,7
39634,7
39675,7
39703,7
39704,7
39710,7
39714,7
39731,7
39741,7
39753,7
39761,7
39764,7
39806,7
39846,7
39872,7
39890,7
39894,7
39939,7
39999,7
40028,7
40104,7
40109,7
40111,7
40128,7
40139,7
40157,7
40164,7
40211,7
40221,7
40223,7
40230,7
40272,7
40301,7
40333,7
40335,7
40356,7
40357,7
40359,7
40367,7
40389,7
40392,7
40417,7
40421,7
40427,7
40434,7
40460,7
40464,7
40491,7
40513,7
40515,7
40517,7
40529,7
40530,7
40554,7
40590,7
40602,7
40608,7
40613,7
40619,7
40628,7
40633,7
40642,7
40645,7
40646,7
40677,7
40679,7
40722,7
40728,7
40730,7
40738,7
40747,7
40750,7
40765,7
40778,7
40784,7
40787,7
40794,7
40806,7
40830,7
40904,7
40935,7
40938,7
41025,7
41041,7
41043,7
41084,7
41093,7
41105,7
41116,7
41117,7
41118,7
41119,7
41168,7
41206,7
41246,7
41280,7
41289,7
41290,7
41298,7
41339,7
41361,7
41379,7
41380,7
41409,7
41457,7
41460,7
41496,7
41530,7
41549,7
41573,7
41659,7
41660,7
41694,7
41714,7
41769,7
41786,7
41796,7
41814,7
41854,7
41915,7
41919,7
41930,7
41945,7
42057,7
42074,7
42078,7
42082,7
42084,7
42091,7
42156,7
42176,7
42193,7
42203,7
42249,7
42286,7
42290,7
42343,7
42432,7
42436,7
42438,7
42439,7
42442,7
42484,7
42485,7
42549,7
42587,7
42590,7
42667,7
42774,7
42805,7
42847,7
42886,7
42892,7
42894,7
42899,7
42906,7
42938,7
42985,7
43299,7
43396,7
43444,7
43590,7
43600,7
43629,7
43691,7
43704,7
43711,7
43755,7
43763,7
43767,7
43772,7
43851,7
43868,7
43903,7
43904,7
44064,7
44070,7
44074,7
44090,7
44097,7
44167,7
44202,7
44221,7
44304,7
44382,7
44387,7
44390,7
44585,7
44652,7
44654,7
44669,7
44671,7
44712,7
44787,7
44794,7
44807,7
44846,7
44881,7
44942,7
44961,7
45055,7
45215,7
45556,7
45557,7
45576,7
45577,7
45604,7
45620,7
45645,7
45731,7
45783,7
45948,7
45969,7
46093,7
46352,7
46447,7
46604,7
46654,7
46910,7
47022,7
47275,7
47413,7
47611,7
47777,7
47790,7
48056,7
48149,7
48153,7
48177,7
48318,7
48386,7
48421,7
48438,7
48453,7
48470,7
48502,7
48512,7
48569,7
48583,7
48614,7
48624,7
48678,7
48694,7
48701,7
48702,7
48703,7
48780,7
48820,7
48862,7
48866,7
48875,7
48890,7
48945,7
48962,7
48976,7
49053,7
49059,7
49073,7
49090,7
49118,7
49124,7
49200,7
49235,7
49274,7
49287,7
49290,7
49291,7
49303,7
49310,7
49338,7
49345,7
49387,7
49413,7
49430,7
49457,7
49469,7
49471,7
49523,7
49550,7
49566,7
49567,7
49618,7
49665,7
49709,7
49738,7
49831,7
49847,7
49848,7
49956,7
49982,7
50072,7
50201,7
50221,7
50233,7
50255,7
50271,7
50326,7
50339,7
50360,7
50385,7
50399,7
50410,7
50416,7
50475,7
50593,7
50608,7
50638,7
50746,7
50794,7
50803,7
50845,7
50855,7
50891,7
50923,7
51006,7
51008,7
51085,7
51096,7
51116,7
51122,7
51179,7
51180,7
51203,7
51207,7
51239,7
51240,7
51241,7
51248,7
51307,7
51358,7
51397,7
51466,7
51521,7
51531,7
51534,7
51535,7
51549,7
51569,7
51614,7
51617,7
51646,7
51805,7
51897,7
51963,7
51965,7
51966,7
51967,7
51992,7
51993,7
51995,7
52032,7
52034,7
52092,7
52198,7
52495,7
52549,7
52554,7
52583,7
52584,7
52585,7
52620,7
52624,7
52625,7
52626,7
52627,7
52628,7
52629,7
52630,7
52631,7
52632,7
52633,7
52634,7
52635,7
52650,7
52651,7
52652,7
52653,7
52654,7
52655,7
52689,7
52691,7
52692,7
52695,7
52696,7
52697,7
52698,7
52699,7
52704,7
52712,7
52713,7
52714,7
52715,7
52716,7
52735,7
52766,7
52767,7
52769,7
52770,7
52772,7
52811,7
52816,7
52835,7
52836,7
52841,7
52842,7
52854,7
52856,7
52858,7
52859,7
52863,7
52864,7
52870,7
52877,7
52885,7
52906,7
52908,7
52909,7
52910,7
52917,7
52919,7
52955,7
52967,7
52976,7
52991,7
53045,7
53046,7
53047,7
53048,7
53066,7
53067,7
53091,7
53102,7
53118,7
53128,7
53129,7
53131,7
53137,7
53149,7
53153,7
53159,7
53162,7
53172,7
53182,7
53213,7
53237,7
53407,7
53432,7
53448,7
53509,7
53604,7
53624,7
53636,7
53637,7
53638,7
53657,7
53672,7
53720,7
53787,7
53829,7
53840,7
53843,7
53848,7
53933,7
54005,7
54029,7
54160,7
54193,7
54242,7
54250,7
54252,7
54279,7
54281,7
54287,7
54296,7
54316,7
54322,7
54335,7
54362,7
54460,7
54461,7
54462,7
54463,7
54476,7
54492,7
54496,7
54533,7
54559,7
54560,7
54566,7
54567,7
54636,7
54660,7
54661,7
54694,7
54703,7
54709,7
54725,7
54726,7
54738,7
54764,7
54791,7
54793,7
54810,7
54846,7
54850,7
54857,7
54870,7
54893,7
54909,7
54918,7
55080,7
55111,7
55152,7
55194,7
55215,7
55226,7
55255,7
55274,7
55300,7
55318,7
55363,7
55400,7
55454,7
55462,7
55532,7
55536,7
55544,7
55546,7
55576,7
55600,7
55612,7
55618,7
55622,7
55646,7
55728,7
7,15
19,15
43,15
48,15
132,15
142,15
149,15
150,15
165,15
169,15
173,15
188,15
198,15
202,15
208,15
222,15
228,15
235,15
239,15
244,15
252,15
272,15
279,15
282,15
299,15
301,15
308,15
323,15
326,15
335,15
339,15
341,15
364,15
365,15
369,15
370,15
387,15
407,15
440,15
455,15
457,15
497,15
567,15
586,15
595,15
620,15
621,15
693,15
721,15
779,15
780,15
781,15
790,15
793,15
801,15
849,15
861,15
876,15
916,15
934,15
942,15
953,15
994,15
998,15
999,15
1013,15
1043,15
1082,15
1085,15
1096,15
1109,15
1136,15
1143,15
1145,15
1156,15
1243,15
1246,15
1252,15
1281,15
1346,15
1363,15
1364,15
1365,15
1366,15
1367,15
1368,15
1369,15
1412,15
1414,15
1415,15
1416,15
1417,15
1418,15
1419,15
1420,15
1421,15
1422,15
1423,15
1424,15
1425,15
1427,15
1428,15
1429,15
1430,15
1431,15
1432,15
1433,15
1434,15
1435,15
1437,15
1438,15
1439,15
1441,15
1456,15
1470,15
1471,15
1472,15
1473,15
1474,15
1475,15
1476,15
1477,15
1483,15
1494,15
1505,15
1506,15
1520,15
1548,15
1566,15
1571,15
1594,15
1601,15
1611,15
1664,15
1742,15
1745,15
1844,15
1879,15
1880,15
1889,15
1901,15
1910,15
1935,15
1943,15
1959,15
1966,15
1972,15
1973,15
1981,15
1984,15
2003,15
2016,15
2017,15
2018,15
2025,15
2030,15
2043,15
2055,15
2057,15
2076,15
2077,15
2161,15
2164,15
2171,15
2204,15
2237,15
2246,15
2251,15
2267,15
2281,15
2369,15
2449,15
2512,15
2513,15
2514,15
2515,15
2538,15
2562,15
2593,15
2596,15
2597,15
2618,15
2683,15
2690,15
2704,15
2781,15
2899,15
2901,15
2924,15
2931,15
2965,15
2967,15
2972,15
2983,15
2985,15
3019,15
3024,15
3091,15
3245,15
3254,15
3294,15
3309,15
3313,15
3359,15
3396,15
3435,15
3457,15
3547,15
3574,15
3614,15
3652,15
3673,15
3701,15
3713,15
3743,15
3778,15
3782,15
3783,15
3813,15
3859,15
3901,15
4003,15
4202,15
4280,15
4282,15
4320,15
4332,15
4382,15
4447,15
4752,15
4756,15
4789,15
4819,15
4879,15
4896,15
4898,15
4917,15
4918,15
4941,15
4975,15
5019,15
5081,15
5088,15
5157,15
5177,15
5204,15
5205,15
5288,15
5348,15
5460,15
5468,15
5530,15
5578,15
5630,15
5918,15
5926,15
6069,15
6091,15
6115,15
6163,15
6172,15
6198,15
6231,15
6372,15
6408,15
6438,15
6467,15
6573,15
6610,15
6624,15
6637,15
6674,15
6736,15
6746,15
6783,15
6864,15
6927,15
6948,15
6954,15
6974,15
6980,15
7079,15
7112,15
7160,15
7265,15
7303,15
7304,15
7305,15
7311,15
7338,15
7459,15
7471,15
7598,15
7662,15
7724,15
7768,15
7785,15
7939,15
8162,15
8278,15
8331,15
8425,15
8609,15
8915,15
9154,15
9260,15
9371,15
9509,15
9782,15
9785,15
9786,15
9846,15
9882,15
9941,15
9963,15
9981,15
10083,15
10090,15
10104,15
10161,15
10163,15
10194,15
10469,15
10481,15
10490,15
10491,15
10504,15
10531,15
10568,15
10588,15
10604,15
10703,15
10713,15
10721,15
10755,15
10766,15
10798,15
10923,15
10965,15
11093,15
11111,15
11341,15
11375,15
11531,15
11597,15
11685,15
11701,15
11799,15
11981,15
12015,15
12017,15
12117,15
12139,15
12189,15
12259,15
12433,15
12445,15
12481,15
12483,15
12485,15
12753,15
12879,15
13093,15
13125,15
13299,15
13367,15
13469,15
13587,15
13599,15
13601,15
13837,15
13839,15
13843,15
13863,15
13955,15
14075,15
14189,15
14267,15
14467,15
14647,15
14735,15
14807,15
15037,15
15085,15
15109,15
15211,15
15347,15
15613,15
15651,15
15783,15
15819,15
15933,15
16009,15
16035,15
16247,15
16393,15
16592,15
16700,15
16890,15
17074,15
17267,15
17403,15
17487,15
18055,15
18429,15
18819,15
19705,15
19991,15
20423,15
20441,15
20581,15
20689,15
20787,15
21037,15
21255,15
21329,15
21419,15
21431,15
21447,15
21557,15
21561,15
21701,15
21855,15
21867,15
21939,15
22053,15
22055,15
22145,15
22439,15
22763,15
22817,15
23115,15
23133,15
23199,15
23283,15
23317,15
23421,15
23801,15
24075,15
24169,15
24687,15
24701,15
24765,15
24909,15
25077,15
25253,15
25267,15
25983,15
26359,15
27411,15
27629,15
27831,15
27833,15
27947,15
27969,15
28019,15
28025,15
28263,15
28479,15
28497,15
28619,15
28621,15
28673,15
28677,15
28869,15
28929,15
28955,15
28957,15
29275,15
29437,15
29758,15
29837,15
30066,15
30178,15
30187,15
30191,15
30290,15
30291,15
30485,15
30524,15
30537,15
30818,15
30825,15
30868,15
30869,15
30870,15
30895,15
31043,15
31147,15
31181,15
31221,15
31227,15
31478,15
31486,15
31552,15
31580,15
31593,15
31599,15
31630,15
31633,15
31670,15
31757,15
31758,15
31812,15
31923,15
32005,15
32015,15
32189,15
32268,15
32313,15
32376,15
32438,15
32682,15
32827,15
32830,15
32867,15
32915,15
32946,15
32962,15
33028,15
33071,15
33145,15
33149,15
33150,15
33151,15
33152,15
33191,15
33253,15
33263,15
33308,15
33309,15
33337,15
33377,15
33490,15
33508,15
33693,15
33717,15
33761,15
33820,15
33969,15
33985,15
34036,15
34102,15
34103,15
34152,15
34197,15
34350,15
34368,15
34430,15
34599,15
34712,15
34741,15
34753,15
34933,15
34944,15
34966,15
34974,15
35231,15
35240,15
35247,15
35248,15
35315,15
35404,15
35557,15
35656,15
35737,15
35776,15
35798,15
35815,15
35838,15
35857,15
35889,15
36027,15
36124,15
36424,15
36485,15
36548,15
36625,15
36644,15
36722,15
36762,15
36796,15
36827,15
36862,15
36969,15
36999,15
37023,15
37086,15
37152,15
37175,15
37208,15
37272,15
37365,15
37407,15
37438,15
37447,15
37451,15
37458,15
37487,15
37490,15
37514,15
37515,15
37516,15
37522,15
37525,15
37563,15
37643,15
37737,15
37779,15
37807,15
37928,15
37938,15
37952,15
37964,15
37981,15
37984,15
37994,15
38003,15
38161,15
38331,15
38409,15
38410,15
38450,15
38461,15
38540,15
38600,15
38628,15
38656,15
38688,15
38690,15
38720,15
38735,15
38742,15
38770,15
38788,15
38918,15
38923,15
38936,15
38959,15
39017,15
39066,15
39198,15
39332,15
39335,15
39382,15
39435,15
39463,15
39567,15
39582,15
39610,15
39720,15
39736,15
39738,15
39764,15
39766,15
39905,15
39948,15
39972,15
40046,15
40052,15
40075,15
40082,15
40142,15
40154,15
40156,15
40221,15
40230,15
40340,15
40348,15
40359,15
40434,15
40484,15
40578,15
40602,15
40732,15
40752,15
40784,15
40858,15
40863,15
40908,15
40911,15
40994,15
40995,15
41006,15
41029,15
41084,15
41120,15
41140,15
41141,15
41194,15
41224,15
41245,15
41392,15
41564,15
41595,15
41659,15
41750,15
41776,15
41777,15
41778,15
41877,15
41919,15
42057,15
42084,15
42178,15
42295,15
42296,15
42476,15
42822,15
42883,15
43229,15
43297,15
43325,15
43439,15
43690,15
43767,15
43774,15
43888,15
44067,15
44204,15
44213,15
44387,15
44570,15
44588,15
45068,15
45518,15
45556,15
45953,15
46045,15
46102,15
46471,15
47194,15
47231,15
47413,15
47537,15
47616,15
47790,15
48270,15
48271,15
48301,15
48342,15
48455,15
48481,15
48486,15
48488,15
48580,15
48624,15
48640,15
48649,15
48784,15
48820,15
48849,15
48866,15
48917,15
49040,15
49114,15
49138,15
49320,15
49361,15
49590,15
49611,15
49733,15
49782,15
49818,15
50010,15
50012,15
50094,15
50098,15
50204,15
50240,15
50284,15
50330,15
50339,15
50429,15
50462,15
50537,15
50586,15
50590,15
50593,15
50629,15
50653,15
50668,15
50768,15
50770,15
50799,15
50919,15
51116,15
51238,15
51239,15
51240,15
51241,15
51252,15
51296,15
51494,15
51585,15
51782,15
51996,15
52105,15
52107,15
52182,15
52291,15
52438,15
52480,15
52554,15
52635,15
52747,15
52810,15
52877,15
52882,15
52941,15
53012,15
53071,15
53109,15
53154,15
53155,15
53213,15
53393,15
53514,15
53540,15
53780,15
53852,15
53879,15
53976,15
54013,15
54029,15
54199,15
54250,15
54287,15
54308,15
54340,15
54346,15
54468,15
54492,15
54560,15
54645,15
54790,15
54833,15
54860,15
54864,15
54898,15
54909,15
54947,15
55093,15
55345,15
55355,15
55362,15
55527,15
7,20
8,20
27,20
47,20
49,20
50,20
51,20
60,20
101,20
104,20
120,20
122,20
129,20
130,20
131,20
132,20
135,20
142,20
143,20
144,20
149,20
150,20
154,20
155,20
157,20
159,20
169,20
173,20
188,20
199,20
226,20
228,20
231,20
236,20
239,20
250,20
252,20
270,20
279,20
291,20
303,20
304,20
310,20
323,20
326,20
335,20
337,20
339,20
344,20
349,20
356,20
360,20
369,20
376,20
405,20
419,20
448,20
457,20
469,20
476,20
479,20
484,20
489,20
495,20
499,20
514,20
515,20
523,20
546,20
547,20
591,20
595,20
599,20
600,20
602,20
610,20
613,20
617,20
618,20
619,20
646,20
647,20
656,20
665,20
666,20
675,20
704,20
713,20
732,20
760,20
777,20
782,20
789,20
793,20
844,20
861,20
867,20
880,20
882,20
883,20
886,20
911,20
916,20
933,20
934,20
940,20
972,20
999,20
1003,20
1010,20
1011,20
1013,20
1019,20
1020,20
1023,20
1026,20
1036,20
1037,20
1039,20
1043,20
1048,20
1052,20
1097,20
1108,20
1123,20
1148,20
1150,20
1158,20
1179,20
1192,20
1208,20
1224,20
1227,20
1228,20
1243,20
1244,20
1245,20
1280,20
1281,20
1331,20
1337,20
1338,20
1340,20
1371,20
1383,20
1440,20
1442,20
1451,20
1454,20
1455,20
1484,20
1500,20
1524,20
1530,20
1535,20
1536,20
1546,20
1547,20
1554,20
1556,20
1571,20
1580,20
1587,20
1594,20
1601,20
1606,20
1607,20
1611,20
1626,20
1628,20
1640,20
1658,20
1664,20
1666,20
1667,20
1691,20
1702,20
1705,20
1708,20
1723,20
1742,20
1749,20
1750,20
1765,20
1777,20
1805,20
1806,20
1860,20
1866,20
1889,20
1905,20
1906,20
1907,20
1937,20
1951,20
1952,20
1965,20
1966,20
1973,20
1996,20
2004,20
2012,20
2022,20
2023,20
2056,20
2099,20
2102,20
2105,20
2125,20
2126,20
2130,20
2132,20
2142,20
2145,20
2154,20
2167,20
2170,20
2189,20
2198,20
2246,20
2251,20
2252,20
2262,20
2308,20
2336,20
2340,20
2354,20
2355,20
2356,20
2366,20
2369,20
2373,20
2384,20
2400,20
2404,20
2441,20
2442,20
2486,20
2523,20
2526,20
2592,20
2593,20
2596,20
2745,20
2780,20
2781,20
2832,20
2931,20
2959,20
2967,20
2983,20
2985,20
2988,20
2994,20
3001,20
3023,20
3057,20
3077,20
3090,20
3091,20
3095,20
3174,20
3176,20
3178,20
3218,20
3248,20
3302,20
3342,20
3354,20
3427,20
3449,20
3457,20
3479,20
3503,20
3507,20
3513,20
3534,20
3584,20
3614,20
3625,20
3652,20
3654,20
3655,20
3656,20
3681,20
3710,20
3713,20
3747,20
3782,20
3783,20
3802,20
3861,20
3882,20
3901,20
3908,20
3910,20
3929,20
3930,20
3948,20
3958,20
3992,20
3998,20
4010,20
4038,20
4067,20
4068,20
4081,20
4082,20
4084,20
4095,20
4127,20
4151,20
4181,20
4188,20
4197,20
4202,20
4280,20
4282,20
4350,20
4360,20
4369,20
4379,20
4450,20
4531,20
4548,20
4581,20
4712,20
4725,20
4752,20
4789,20
4823,20
4853,20
4879,20
4896,20
4898,20
4918,20
4975,20
5034,20
5049,20
5081,20
5091,20
5157,20
5178,20
5204,20
5205,20
5296,20
5300,20
5342,20
5356,20
5421,20
5427,20
5484,20
5493,20
5554,20
5597,20
5603,20
5653,20
5688,20
5719,20
5734,20
5760,20
5802,20
5828,20
5849,20
5918,20
5930,20
5978,20
6050,20
6069,20
6124,20
6163,20
6169,20
6171,20
6184,20
6324,20
6344,20
6413,20
6462,20
6500,20
6547,20
6676,20
6680,20
6682,20
6707,20
6712,20
6730,20
6736,20
6746,20
6747,20
6787,20
6793,20
6831,20
6832,20
6864,20
6880,20
6883,20
6895,20
6904,20
6922,20
6948,20
6971,20
6974,20
6980,20
6985,20
7014,20
7079,20
7135,20
7170,20
7171,20
7179,20
7254,20
7307,20
7311,20
7430,20
7477,20
7495,20
7510,20
7531,20
7559,20
7592,20
7619,20
7621,20
7662,20
7723,20
7724,20
7728,20
7739,20
7745,20
7762,20
7953,20
7980,20
7981,20
8064,20
8068,20
8074,20
8142,20
8145,20
8146,20
8150,20
8152,20
8153,20
8154,20
8155,20
8156,20
8157,20
8158,20
8194,20
8208,20
8211,20
8226,20
8227,20
8228,20
8278,20
8408,20
8457,20
8460,20
8476,20
8487,20
8491,20
8493,20
8501,20
8525,20
8536,20
8685,20
8728,20
8745,20
8795,20
8837,20
8841,20
8915,20
8986,20
8993,20
9014,20
9062,20
9065,20
9120,20
9127,20
9130,20
9136,20
9159,20
9202,20
9220,20
9260,20
9287,20
9290,20
9330,20
9331,20
9345,20
9493,20
9509,20
9513,20
9515,20
9545,20
9584,20
9611,20
9675,20
9689,20
9691,20
9723,20
9731,20
9750,20
9904,20
9934,20
9935,20
9951,20
9989,20
10000,20
10012,20
10049,20
10067,20
10073,20
10080,20
10083,20
10087,20
10101,20
10180,20
10197,20
10207,20
10209,20
10216,20
10236,20
10259,20
10286,20
10294,20
10338,20
10372,20
10379,20
10389,20
10408,20
10479,20
10490,20
10501,20
10502,20
10516,20
10545,20
10578,20
10588,20
10620,20
10681,20
10683,20
10702,20
10713,20
10714,20
10715,20
10716,20
10717,20
10732,20
10739,20
10764,20
10765,20
10770,20
10790,20
10798,20
10805,20
10882,20
10886,20
10934,20
10936,20
10965,20
11013,20
11031,20
11077,20
11083,20
11111,20
11355,20
11447,20
11457,20
11499,20
11531,20
11597,20
11663,20
11665,20
11679,20
11685,20
11703,20
11741,20
11837,20
11869,20
11887,20
12055,20
12061,20
12119,20
12187,20
12445,20
12481,20
12483,20
12485,20
12503,20
12505,20
12549,20
12565,20
12579,20
12833,20
12907,20
13055,20
13115,20
13117,20
13119,20
13163,20
13171,20
13183,20
13221,20
13335,20
13403,20
13409,20
13439,20
13517,20
13535,20
13585,20
13587,20
13655,20
13681,20
13993,20
14047,20
14117,20
14189,20
14267,20
14353,20
14407,20
14515,20
14543,20
14719,20
14807,20
14853,20
14957,20
15037,20
15039,20
15043,20
15117,20
15225,20
15325,20
15437,20
15633,20
15689,20
15743,20
15891,20
15927,20
15933,20
15959,20
16001,20
16005,20
16059,20
16091,20
16241,20
16512,20
16602,20
16694,20
16706,20
16746,20
16762,20
17074,20
17076,20
17245,20
17277,20
17551,20
17643,20
17727,20
17777,20
17813,20
17831,20
18195,20
18277,20
18325,20
18411,20
18497,20
18499,20
18653,20
18723,20
18731,20
18799,20
18835,20
18849,20
18881,20
18919,20
19157,20
19213,20
19383,20
19469,20
19533,20
19573,20
19773,20
19871,20
19971,20
20359,20
20457,20
20517,20
20541,20
20651,20
20689,20
20757,20
20801,20
20899,20
20909,20
20969,20
21085,20
21255,20
21325,20
21329,20
21353,20
21473,20
21507,20
21561,20
21603,20
21679,20
21743,20
21855,20
21939,20
22053,20
22055,20
22057,20
22117,20
22145,20
22271,20
22297,20
22347,20
22429,20
22537,20
22641,20
22763,20
22865,20
22983,20
22985,20
22991,20
23065,20
23079,20
23179,20
23199,20
23251,20
23317,20
23351,20
23405,20
23421,20
23639,20
23753,20
23837,20
23987,20
24075,20
24109,20
24127,20
24139,20
24543,20
24591,20
24663,20
24677,20
24687,20
24701,20
24781,20
24989,20
25159,20
25375,20
25429,20
25537,20
25591,20
25859,20
26019,20
26055,20
26063,20
26243,20
26317,20
26359,20
27413,20
27783,20
27811,20
27821,20
27831,20
27833,20
27847,20
27945,20
28025,20
28103,20
28149,20
28151,20
28223,20
28257,20
28263,20
28381,20
28423,20
28603,20
28617,20
28677,20
28701,20
28713,20
28925,20
28927,20
28929,20
28957,20
29087,20
29527,20
29529,20
29758,20
29837,20
29854,20
30027,20
30028,20
30029,20
30145,20
30166,20
30191,20
30217,20
30278,20
30321,20
30324,20
30463,20
30485,20
30524,20
30585,20
30714,20
30732,20
30777,20
30825,20
30868,20
30869,20
30870,20
30921,20
30922,20
30947,20
30958,20
30967,20
30970,20
31043,20
31050,20
31098,20
31118,20
31128,20
31149,20
31164,20
31181,20
31229,20
31362,20
31376,20
31377,20
31378,20
31389,20
31424,20
31478,20
31499,20
31552,20
31580,20
31610,20
31645,20
31652,20
31676,20
31716,20
31756,20
31757,20
31758,20
31785,20
31812,20
31933,20
31966,20
31994,20
32015,20
32016,20
32143,20
32182,20
32191,20
32222,20
32247,20
32262,20
32268,20
32281,20
32287,20
32534,20
32566,20
32581,20
32668,20
32673,20
32682,20
32696,20
32716,20
32758,20
32789,20
32790,20
32827,20
32852,20
32867,20
32915,20
32934,20
32954,20
32983,20
33049,20
33050,20
33071,20
33103,20
33154,20
33191,20
33209,20
33219,20
33244,20
33248,20
33253,20
33255,20
33263,20
33286,20
33309,20
33339,20
33350,20
33421,20
33438,20
33443,20
33446,20
33562,20
33605,20
33662,20
33668,20
33681,20
33726,20
33731,20
33756,20
33758,20
33761,20
33801,20
33803,20
33865,20
33985,20
34019,20
34051,20
34102,20
34106,20
34126,20
34129,20
34161,20
34209,20
34233,20
34236,20
34292,20
34309,20
34318,20
34321,20
34368,20
34399,20
34411,20
34428,20
34465,20
34467,20
34471,20
34534,20
34538,20
34565,20
34591,20
34612,20
34662,20
34688,20
34689,20
34696,20
34698,20
34738,20
34753,20
34792,20
34841,20
34855,20
34940,20
34944,20
34966,20
34999,20
35007,20
35029,20
35034,20
35035,20
35049,20
35051,20
35069,20
35086,20
35104,20
35115,20
35116,20
35120,20
35121,20
35140,20
35158,20
35220,20
35231,20
35247,20
35248,20
35252,20
35303,20
35315,20
35333,20
35399,20
35401,20
35424,20
35425,20
35444,20
35458,20
35652,20
35676,20
35703,20
35709,20
35714,20
35746,20
35780,20
35928,20
35952,20
36003,20
36023,20
36027,20
36029,20
36032,20
36124,20
36144,20
36152,20
36266,20
36275,20
36296,20
36309,20
36381,20
36455,20
36491,20
36522,20
36538,20
36544,20
36545,20
36548,20
36616,20
36625,20
36654,20
36718,20
36720,20
36722,20
36726,20
36729,20
36796,20
36803,20
36815,20
36823,20
36824,20
36858,20
36906,20
36910,20
36915,20
36950,20
36951,20
36992,20
36999,20
37031,20
37090,20
37140,20
37256,20
37291,20
37292,20
37303,20
37304,20
37305,20
37306,20
37307,20
37324,20
37426,20
37433,20
37437,20
37449,20
37450,20
37451,20
37460,20
37487,20
37510,20
37520,20
37522,20
37531,20
37564,20
37569,20
37579,20
37590,20
37598,20
37641,20
37643,20
37655,20
37659,20
37666,20
37667,20
37682,20
37706,20
37735,20
37742,20
37769,20
37822,20
37856,20
37893,20
37958,20
37969,20
37976,20
37981,20
37991,20
37994,20
37997,20
38003,20
38034,20
38084,20
38085,20
38086,20
38104,20
38106,20
38181,20
38249,20
38265,20
38325,20
38329,20
38383,20
38431,20
38436,20
38467,20
38533,20
38536,20
38557,20
38594,20
38650,20
38671,20
38680,20
38688,20
38759,20
38849,20
38919,20
38923,20
38936,20
38937,20
38959,20
38971,20
39017,20
39018,20
39029,20
39049,20
39221,20
39264,20
39277,20
39295,20
39307,20
39308,20
39414,20
39421,20
39454,20
39455,20
39463,20
39469,20
39470,20
39495,20
39529,20
39534,20
39569,20
39651,20
39663,20
39676,20
39677,20
39678,20
39708,20
39736,20
39738,20
39760,20
39766,20
39806,20
39836,20
39875,20
39948,20
39990,20
39995,20
40054,20
40090,20
40104,20
40142,20
40174,20
40206,20
40280,20
40320,20
40333,20
40336,20
40345,20
40346,20
40347,20
40378,20
40417,20
40477,20
40485,20
40486,20
40519,20
40542,20
40568,20
40642,20
40644,20
40652,20
40661,20
40667,20
40714,20
40730,20
40733,20
40761,20
40806,20
40894,20
40908,20
40956,20
40982,20
41005,20
41006,20
41025,20
41124,20
41168,20
41191,20
41224,20
41245,20
41265,20
41285,20
41306,20
41345,20
41383,20
41440,20
41480,20
41497,20
41611,20
41619,20
41833,20
41917,20
41945,20
42004,20
42057,20
42076,20
42104,20
42129,20
42176,20
42187,20
42205,20
42249,20
42250,20
42260,20
42291,20
42297,20
42319,20
42359,20
42454,20
42455,20
42562,20
42640,20
42812,20
42822,20
42831,20
42892,20
42893,20
42894,20
42938,20
42956,20
42994,20
42998,20
43011,20
43043,20
43426,20
43438,20
43565,20
43600,20
43629,20
43767,20
43814,20
44064,20
44067,20
44068,20
44070,20
44074,20
44097,20
44202,20
44204,20
44208,20
44248,20
44345,20
44387,20
44390,20
44411,20
44412,20
44570,20
44588,20
44961,20
45567,20
45783,20
45997,20
46447,20
46973,20
47194,20
47231,20
47235,20
47257,20
47275,20
47301,20
47373,20
47449,20
47537,20
47756,20
48171,20
48172,20
48251,20
48264,20
48266,20
48269,20
48270,20
48271,20
48323,20
48365,20
48374,20
48405,20
48425,20
48426,20
48481,20
48483,20
48488,20
48502,20
48567,20
48577,20
48649,20
48661,20
48694,20
48753,20
48791,20
48820,20
48876,20
48884,20
48898,20
48952,20
48956,20
49066,20
49090,20
49110,20
49160,20
49200,20
49208,20
49287,20
49316,20
49338,20
49361,20
49398,20
49413,20
49533,20
49587,20
49620,20
49709,20
49717,20
49718,20
49728,20
49817,20
49818,20
49858,20
49876,20
49915,20
50036,20
50037,20
50038,20
50053,20
50139,20
50159,20
50172,20
50191,20
50239,20
50287,20
50315,20
50330,20
50337,20
50346,20
50384,20
50398,20
50399,20
50401,20
50405,20
50407,20
50432,20
50470,20
50515,20
50537,20
50599,20
50603,20
50606,20
50608,20
50621,20
50640,20
50644,20
50668,20
50740,20
50841,20
50876,20
51068,20
51183,20
51187,20
51191,20
51249,20
51367,20
51438,20
51461,20
51464,20
51485,20
51534,20
51584,20
51673,20
51677,20
51685,20
51705,20
51746,20
51818,20
51916,20
51996,20
52031,20
52034,20
52081,20
52104,20
52107,20
52132,20
52134,20
52216,20
52293,20
52319,20
52493,20
52505,20
52523,20
52593,20
52605,20
52644,20
52649,20
52680,20
52688,20
52741,20
52762,20
52763,20
52808,20
52850,20
52856,20
52865,20
52870,20
52885,20
52886,20
52941,20
53035,20
53119,20
53127,20
53129,20
53149,20
53151,20
53187,20
53262,20
53265,20
53273,20
53335,20
53402,20
53449,20
53530,20
53613,20
53634,20
53666,20
53720,20
53859,20
53868,20
53882,20
53911,20
53924,20
53966,20
53967,20
53968,20
54009,20
54017,20
54055,20
54058,20
54059,20
54060,20
54061,20
54071,20
54112,20
54171,20
54172,20
54194,20
54199,20
54645,20
54697,20
54703,20
54743,20
54745,20
54773,20
54775,20
54790,20
54793,20
54870,20
54880,20
54883,20
54898,20
54918,20
55005,20
55009,20
55041,20
55046,20
55047,20
55124,20
55129,20
55166,20
55237,20
55266,20
55299,20
55309,20
55324,20
55325,20
55345,20
55394,20
55512,20
55529,20
55562,20
55600,20
55603,20
8,10
20,10
21,10
33,10
48,10
55,10
56,10
61,10
69,10
74,10
79,10
98,10
99,10
100,10
103,10
107,10
108,10
112,10
115,10
116,10
117,10
118,10
121,10
123,10
124,10
127,10
136,10
137,10
138,10
139,10
153,10
155,10
156,10
157,10
159,10
160,10
162,10
163,10
164,10
167,10
171,10
177,10
182,10
202,10
203,10
206,10
207,10
210,10
223,10
225,10
231,10
232,10
241,10
246,10
247,10
249,10
251,10
269,10
279,10
280,10
293,10
296,10
298,10
300,10
306,10
307,10
308,10
315,10
317,10
319,10
327,10
331,10
332,10
336,10
343,10
347,10
348,10
349,10
350,10
351,10
352,10
353,10
355,10
356,10
360,10
367,10
371,10
372,10
380,10
381,10
385,10
387,10
389,10
391,10
392,10
393,10
402,10
404,10
408,10
417,10
426,10
427,10
430,10
431,10
434,10
435,10
439,10
440,10
441,10
442,10
445,10
449,10
450,10
451,10
452,10
454,10
455,10
459,10
460,10
461,10
462,10
463,10
464,10
465,10
466,10
477,10
478,10
481,10
482,10
487,10
495,10
496,10
497,10
501,10
502,10
503,10
505,10
511,10
512,10
513,10
515,10
525,10
527,10
528,10
530,10
532,10
534,10
535,10
536,10
543,10
550,10
552,10
553,10
572,10
574,10
576,10
577,10
586,10
588,10
592,10
594,10
595,10
597,10
602,10
603,10
605,10
607,10
613,10
614,10
616,10
617,10
620,10
626,10
629,10
630,10
633,10
647,10
660,10
664,10
665,10
666,10
678,10
679,10
682,10
683,10
684,10
687,10
709,10
721,10
738,10
740,10
754,10
757,10
762,10
771,10
786,10
789,10
791,10
796,10
807,10
808,10
813,10
831,10
834,10
839,10
845,10
856,10
859,10
860,10
866,10
867,10
868,10
869,10
870,10
872,10
873,10
874,10
879,10
884,10
885,10
891,10
892,10
893,10
894,10
895,10
896,10
897,10
898,10
899,10
900,10
901,10
902,10
903,10
904,10
905,10
906,10
908,10
929,10
933,10
936,10
942,10
943,10
957,10
962,10
965,10
969,10
984,10
985,10
986,10
987,10
990,10
996,10
997,10
1005,10
1017,10
1018,10
1028,10
1031,10
1033,10
1035,10
1037,10
1045,10
1046,10
1049,10
1072,10
1076,10
1094,10
1098,10
1099,10
1108,10
1117,10
1118,10
1119,10
1120,10
1121,10
1122,10
1123,10
1130,10
1132,10
1135,10
1137,10
1139,10
1140,10
1141,10
1143,10
1150,10
1157,10
1161,10
1162,10
1164,10
1170,10
1171,10
1172,10
1174,10
1176,10
1181,10
1182,10
1189,10
1193,10
1195,10
1200,10
1202,10
1204,10
1205,10
1207,10
1208,10
1224,10
1225,10
1228,10
1237,10
1238,10
1239,10
1250,10
1253,10
1254,10
1255,10
1257,10
1259,10
1263,10
1265,10
1266,10
1267,10
1275,10
1276,10
1277,10
1280,10
1283,10
1284,10
1301,10
1313,10
1325,10
1331,10
1332,10
1333,10
1337,10
1353,10
1370,10
1376,10
1379,10
1383,10
1402,10
1441,10
1442,10
1469,10
1482,10
1484,10
1487,10
1493,10
1496,10
1498,10
1502,10
1503,10
1517,10
1524,10
1525,10
1526,10
1527,10
1531,10
1533,10
1534,10
1546,10
1549,10
1556,10
1557,10
1558,10
1563,10
1564,10
1565,10
1573,10
1578,10
1585,10
1590,10
1613,10
1619,10
1622,10
1630,10
1638,10
1640,10
1641,10
1642,10
1644,10
1657,10
1658,10
1659,10
1681,10
1683,10
1685,10
1686,10
1696,10
1699,10
1709,10
1722,10
1724,10
1726,10
1727,10
1731,10
1732,10
1735,10
1744,10
1751,10
1762,10
1763,10
1766,10
1772,10
1775,10
1777,10
1807,10
1808,10
1815,10
1818,10
1826,10
1827,10
1828,10
1829,10
1830,10
1834,10
1836,10
1839,10
1840,10
1848,10
1849,10
1850,10
1851,10
1855,10
1860,10
1863,10
1864,10
1866,10
1872,10
1881,10
1882,10
1885,10
1886,10
1890,10
1894,10
1902,10
1904,10
1905,10
1906,10
1907,10
1914,10
1918,10
1929,10
1930,10
1931,10
1932,10
1937,10
1938,10
1939,10
1943,10
1947,10
1951,10
1952,10
1954,10
1955,10
1960,10
1961,10
1966,10
1978,10
1979,10
1990,10
1994,10
1996,10
2006,10
2016,10
2017,10
2020,10
2022,10
2029,10
2031,10
2032,10
2037,10
2041,10
2042,10
2044,10
2045,10
2046,10
2047,10
2049,10
2053,10
2054,10
2068,10
2069,10
2074,10
2078,10
2079,10
2084,10
2085,10
2086,10
2087,10
2098,10
2100,10
2107,10
2113,10
2114,10
2123,10
2133,10
2142,10
2143,10
2144,10
2145,10
2146,10
2150,10
2151,10
2152,10
2153,10
2156,10
2165,10
2173,10
2175,10
2182,10
2185,10
2193,10
2196,10
2199,10
2201,10
2207,10
2223,10
2226,10
2229,10
2246,10
2248,10
2249,10
2259,10
2264,10
2277,10
2279,10
2281,10
2286,10
2287,10
2290,10
2313,10
2330,10
2335,10
2342,10
2343,10
2344,10
2345,10
2360,10
2363,10
2365,10
2369,10
2373,10
2385,10
2386,10
2390,10
2391,10
2393,10
2409,10
2421,10
2424,10
2427,10
2428,10
2429,10
2437,10
2441,10
2442,10
2456,10
2464,10
2471,10
2472,10
2479,10
2480,10
2485,10
2487,10
2488,10
2489,10
2490,10
2494,10
2520,10
2523,10
2527,10
2528,10
2529,10
2534,10
2535,10
2536,10
2537,10
2538,10
2563,10
2572,10
2574,10
2578,10
2603,10
2606,10
2625,10
2626,10
2628,10
2631,10
2633,10
2634,10
2636,10
2639,10
2642,10
2645,10
2646,10
2647,10
2648,10
2649,10
2650,10
2651,10
2652,10
2653,10
2654,10
2655,10
2657,10
2658,10
2659,10
2660,10
2662,10
2664,10
2665,10
2666,10
2667,10
2668,10
2669,10
2670,10
2672,10
2673,10
2674,10
2675,10
2676,10
2677,10
2678,10
2683,10
2685,10
2687,10
2693,10
2708,10
2718,10
2719,10
2736,10
2738,10
2739,10
2751,10
2756,10
2757,10
2767,10
2768,10
2772,10
2776,10
2777,10
2778,10
2782,10
2783,10
2786,10
2787,10
2789,10
2792,10
2793,10
2795,10
2804,10
2805,10
2806,10
2813,10
2817,10
2818,10
2819,10
2823,10
2825,10
2826,10
2832,10
2838,10
2842,10
2847,10
2848,10
2876,10
2882,10
2889,10
2890,10
2891,10
2892,10
2923,10
2928,10
2944,10
2947,10
2948,10
2952,10
2961,10
2962,10
2966,10
2970,10
2971,10
2973,10
2977,10
2980,10
2983,10
2993,10
2997,10
2998,10
3003,10
3004,10
3005,10
3024,10
3025,10
3028,10
3031,10
3037,10
3038,10
3043,10
3051,10
3057,10
3065,10
3070,10
3074,10
3086,10
3099,10
3109,10
3125,10
3135,10
3140,10
3157,10
3166,10
3176,10
3178,10
3180,10
3185,10
3186,10
3192,10
3194,10
3201,10
3202,10
3221,10
3227,10
3230,10
3239,10
3267,10
3269,10
3290,10
3297,10
3298,10
3300,10
3322,10
3329,10
3336,10
3356,10
3359,10
3390,10
3401,10
3420,10
3460,10
3461,10
3466,10
3496,10
3501,10
3508,10
3515,10
3518,10
3526,10
3553,10
3570,10
3576,10
3588,10
3593,10
3594,10
3597,10
3615,10
3622,10
3627,10
3631,10
3642,10
3654,10
3660,10
3668,10
3669,10
3675,10
3692,10
3695,10
3712,10
3720,10
3736,10
3751,10
3754,10
3755,10
3757,10
3760,10
3765,10
3809,10
3810,10
3813,10
3832,10
3843,10
3847,10
3848,10
3869,10
3876,10
3884,10
3905,10
3909,10
3914,10
3968,10
3991,10
3992,10
3999,10
4003,10
4004,10
4023,10
4024,10
4025,10
4026,10
4028,10
4049,10
4050,10
4057,10
4060,10
4061,10
4067,10
4068,10
4080,10
4084,10
4095,10
4099,10
4101,10
4113,10
4114,10
4124,10
4127,10
4138,10
4147,10
4154,10
4155,10
4186,10
4190,10
4191,10
4197,10
4198,10
4211,10
4214,10
4220,10
4262,10
4306,10
4318,10
4375,10
4383,10
4398,10
4415,10
4418,10
4419,10
4437,10
4459,10
4467,10
4468,10
4469,10
4470,10
4476,10
4513,10
4533,10
4544,10
4551,10
4553,10
4566,10
4599,10
4615,10
4651,10
4654,10
4657,10
4660,10
4662,10
4667,10
4684,10
4685,10
4703,10
4712,10
4713,10
4715,10
4719,10
4726,10
4773,10
4792,10
4793,10
4794,10
4795,10
4798,10
4801,10
4835,10
4854,10
4855,10
4856,10
4874,10
4884,10
4886,10
4910,10
4933,10
4938,10
4943,10
4948,10
4961,10
4962,10
5006,10
5041,10
5071,10
5080,10
5096,10
5098,10
5112,10
5114,10
5117,10
5152,10
5153,10
5159,10
5196,10
5197,10
5203,10
5233,10
5235,10
5244,10
5250,10
5252,10
5256,10
5259,10
5262,10
5274,10
5276,10
5298,10
5305,10
5306,10
5314,10
5337,10
5341,10
5408,10
5411,10
5420,10
5421,10
5427,10
5440,10
5458,10
5466,10
5474,10
5478,10
5484,10
5504,10
5520,10
5525,10
5526,10
5529,10
5530,10
5538,10
5584,10
5585,10
5602,10
5632,10
5678,10
5684,10
5688,10
5689,10
5702,10
5712,10
5753,10
5764,10
5781,10
5785,10
5802,10
5819,10
5844,10
5845,10
5848,10
5876,10
5878,10
5886,10
5889,10
5907,10
5918,10
5920,10
5921,10
5922,10
5923,10
5925,10
5930,10
5931,10
5934,10
5938,10
5940,10
5958,10
5986,10
5990,10
5998,10
6007,10
6008,10
6032,10
6033,10
6046,10
6061,10
6071,10
6072,10
6077,10
6094,10
6112,10
6124,10
6129,10
6151,10
6152,10
6153,10
6169,10
6178,10
6181,10
6183,10
6213,10
6219,10
6226,10
6262,10
6267,10
6270,10
6275,10
6277,10
6280,10
6325,10
6327,10
6330,10
6385,10
6421,10
6444,10
6462,10
6489,10
6492,10
6520,10
6527,10
6555,10
6557,10
6572,10
6577,10
6583,10
6590,10
6593,10
6607,10
6633,10
6695,10
6701,10
6702,10
6704,10
6714,10
6741,10
6743,10
6758,10
6771,10
6772,10
6773,10
6779,10
6787,10
6795,10
6811,10
6823,10
6827,10
6861,10
6877,10
6883,10
6884,10
6922,10
6930,10
6937,10
6939,10
6950,10
6979,10
6988,10
7031,10
7045,10
7058,10
7082,10
7083,10
7088,10
7090,10
7103,10
7109,10
7112,10
7124,10
7139,10
7164,10
7179,10
7216,10
7245,10
7252,10
7254,10
7257,10
7258,10
7294,10
7295,10
7314,10
7333,10
7334,10
7364,10
7367,10
7376,10
7395,10
7396,10
7398,10
7419,10
7423,10
7435,10
7436,10
7459,10
7461,10
7488,10
7491,10
7494,10
7505,10
7511,10
7512,10
7522,10
7526,10
7528,10
7530,10
7532,10
7549,10
7550,10
7559,10
7601,10
7605,10
7610,10
7617,10
7621,10
7625,10
7626,10
7633,10
7639,10
7645,10
7664,10
7669,10
7681,10
7695,10
7711,10
7713,10
7715,10
7718,10
7723,10
7740,10
7752,10
7771,10
7774,10
7779,10
7786,10
7818,10
7845,10
7858,10
7876,10
7902,10
7904,10
7939,10
7953,10
7985,10
8057,10
8064,10
8081,10
8086,10
8115,10
8133,10
8145,10
8146,10
8150,10
8152,10
8153,10
8154,10
8155,10
8157,10
8158,10
8162,10
8171,10
8194,10
8205,10
8206,10
8217,10
8218,10
8226,10
8227,10
8229,10
8234,10
8235,10
8243,10
8246,10
8247,10
8311,10
8332,10
8333,10
8337,10
8346,10
8364,10
8407,10
8438,10
8442,10
8446,10
8456,10
8465,10
8486,10
8490,10
8491,10
8492,10
8494,10
8495,10
8514,10
8567,10
8595,10
8598,10
8624,10
8628,10
8644,10
8648,10
8664,10
8667,10
8704,10
8709,10
8722,10
8724,10
8730,10
8733,10
8740,10
8745,10
8751,10
8774,10
8782,10
8855,10
8900,10
8937,10
8955,10
8995,10
9007,10
9015,10
9043,10
9045,10
9047,10
9061,10
9087,10
9088,10
9091,10
9098,10
9106,10
9107,10
9135,10
9136,10
9172,10
9204,10
9228,10
9252,10
9282,10
9287,10
9288,10
9291,10
9303,10
9314,10
9332,10
9347,10
9356,10
9365,10
9371,10
9376,10
9392,10
9403,10
9433,10
9465,10
9496,10
9501,10
9521,10
9545,10
9575,10
9690,10
9691,10
9724,10
9736,10
9760,10
9768,10
9770,10
9790,10
9793,10
9798,10
9806,10
9811,10
9824,10
9862,10
9874,10
9875,10
9878,10
9880,10
9885,10
9893,10
9904,10
9917,10
9919,10
9924,10
9979,10
9982,10
9999,10
10015,10
10017,10
10033,10
10056,10
10057,10
10058,10
10059,10
10060,10
10061,10
10075,10
10077,10
10087,10
10092,10
10098,10
10105,10
10115,10
10149,10
10155,10
10199,10
10218,10
10236,10
10239,10
10245,10
10260,10
10270,10
10302,10
10330,10
10347,10
10350,10
10357,10
10359,10
10444,10
10447,10
10456,10
10470,10
10524,10
10527,10
10528,10
10534,10
10545,10
10547,10
10549,10
10582,10
10589,10
10594,10
10628,10
10629,10
10639,10
10684,10
10685,10
10687,10
10702,10
10736,10
10740,10
10751,10
10764,10
10821,10
10827,10
10842,10
10893,10
10904,10
10916,10
10917,10
10924,10
11005,10
11009,10
11019,10
11049,10
11053,10
11061,10
11069,10
11073,10
11266,10
11319,10
11355,10
11359,10
11375,10
11385,10
11389,10
11457,10
11521,10
11569,10
11633,10
11659,10
11681,10
11687,10
11705,10
11713,10
11717,10
11735,10
11737,10
11741,10
11743,10
11757,10
11773,10
11783,10
11789,10
11827,10
11835,10
11841,10
11853,10
11859,10
12001,10
12049,10
12065,10
12113,10
12115,10
12141,10
12185,10
12191,10
12221,10
12231,10
12267,10
12293,10
12341,10
12355,10
12367,10
12371,10
12461,10
12487,10
12565,10
12611,10
12657,10
12671,10
12685,10
12755,10
12759,10
12783,10
12789,10
12793,10
12803,10
12809,10
12859,10
12907,10
12917,10
12929,10
12963,10
12965,10
12967,10
13125,10
13161,10
13169,10
13173,10
13183,10
13195,10
13201,10
13215,10
13221,10
13251,10
13271,10
13309,10
13407,10
13441,10
13541,10
13667,10
13669,10
13769,10
13795,10
13799,10
13931,10
13935,10
13971,10
13993,10
14047,10
14075,10
14093,10
14123,10
14181,10
14231,10
14235,10
14253,10
14333,10
14349,10
14359,10
14381,10
14407,10
14467,10
14479,10
14513,10
14537,10
14645,10
14663,10
14713,10
14751,10
14765,10
14829,10
14833,10
14837,10
14913,10
14921,10
14935,10
14947,10
14957,10
15015,10
15085,10
15093,10
15095,10
15109,10
15133,10
15141,10
15307,10
15313,10
15315,10
15323,10
15359,10
15439,10
15455,10
15479,10
15489,10
15505,10
15577,10
15579,10
15613,10
15617,10
15663,10
15751,10
15769,10
15809,10
15813,10
15883,10
15905,10
15913,10
15915,10
15925,10
15933,10
15937,10
16007,10
16009,10
16011,10
16021,10
16027,10
16033,10
16035,10
16049,10
16067,10
16101,10
16143,10
16157,10
16211,10
16239,10
16253,10
16355,10
16363,10
16381,10
16385,10
16419,10
16444,10
16468,10
16480,10
16482,10
16518,10
16556,10
16574,10
16576,10
16586,10
16590,10
16664,10
16678,10
16680,10
16702,10
16726,10
16738,10
16756,10
16870,10
16890,10
16904,10
16910,10
16912,10
16928,10
16988,10
17004,10
17006,10
17115,10
17137,10
17201,10
17219,10
17233,10
17247,10
17265,10
17291,10
17325,10
17357,10
17391,10
17419,10
17481,10
17483,10
17497,10
17505,10
17535,10
17551,10
17673,10
17681,10
17687,10
17699,10
17743,10
17811,10
17815,10
17855,10
17873,10
17901,10
17909,10
17951,10
17955,10
17969,10
17983,10
17985,10
17987,10
17989,10
18029,10
18033,10
18055,10
18081,10
18083,10
18085,10
18087,10
18115,10
18153,10
18277,10
18311,10
18313,10
18321,10
18329,10
18331,10
18355,10
18357,10
18393,10
18441,10
18447,10
18523,10
18561,10
18591,10
18661,10
18677,10
18767,10
18819,10
18821,10
18827,10
18851,10
18937,10
18939,10
18941,10
18943,10
19009,10
19073,10
19099,10
19109,10
19123,10
19209,10
19213,10
19231,10
19235,10
19237,10
19239,10
19291,10
19315,10
19369,10
19397,10
19437,10
19447,10
19489,10
19497,10
19511,10
19517,10
19573,10
19581,10
19619,10
19645,10
19653,10
19681,10
19687,10
19703,10
19731,10
19769,10
19781,10
19815,10
19843,10
19871,10
19877,10
19909,10
19951,10
19959,10
19965,10
20021,10
20027,10
20053,10
20159,10
20173,10
20189,10
20231,10
20267,10
20383,10
20423,10
20431,10
20479,10
20507,10
20509,10
20533,10
20543,10
20545,10
20655,10
20673,10
20723,10
20743,10
20767,10
20785,10
20799,10
20853,10
20869,10
20871,10
20961,10
20963,10
20965,10
20973,10
21019,10
21021,10
21033,10
21037,10
21085,10
21099,10
21163,10
21167,10
21179,10
21195,10
21235,10
21291,10
21293,10
21295,10
21297,10
21305,10
21407,10
21415,10
21473,10
21509,10
21545,10
21547,10
21563,10
21569,10
21571,10
21591,10
21595,10
21607,10
21639,10
21695,10
21703,10
21833,10
21843,10
21881,10
21933,10
21935,10
21937,10
21941,10
21943,10
21945,10
21947,10
21951,10
21953,10
21955,10
21957,10
21959,10
21961,10
21963,10
21967,10
21969,10
21971,10
21973,10
21975,10
21997,10
21999,10
22035,10
22037,10
22043,10
22097,10
22101,10
22113,10
22117,10
22147,10
22199,10
22225,10
22231,10
22271,10
22295,10
22297,10
22319,10
22327,10
22347,10
22381,10
22385,10
22393,10
22415,10
22421,10
22433,10
22441,10
22445,10
22447,10
22449,10
22451,10
22455,10
22457,10
22459,10
22461,10
22465,10
22477,10
22479,10
22481,10
22483,10
22485,10
22487,10
22489,10
22491,10
22493,10
22495,10
22497,10
22499,10
22547,10
22563,10
22565,10
22569,10
22571,10
22573,10
22575,10
22577,10
22591,10
22603,10
22605,10
22607,10
22611,10
22613,10
22615,10
22617,10
22621,10
22623,10
22625,10
22627,10
22637,10
22643,10
22647,10
22649,10
22651,10
22653,10
22661,10
22663,10
22683,10
22693,10
22695,10
22699,10
22733,10
22777,10
22827,10
22877,10
22943,10
22955,10
22979,10
22981,10
22983,10
22985,10
23029,10
23061,10
23083,10
23107,10
23209,10
23233,10
23299,10
23301,10
23311,10
23321,10
23343,10
23385,10
23409,10
23459,10
23515,10
23523,10
23555,10
23617,10
23641,10
23643,10
23645,10
23661,10
23675,10
23707,10
23709,10
23713,10
23721,10
23727,10
23729,10
23739,10
23755,10
23763,10
23801,10
23815,10
23825,10
23849,10
23915,10
23945,10
23975,10
24011,10
24019,10
24045,10
24071,10
24133,10
24171,10
24211,10
24231,10
24259,10
24261,10
24439,10
24455,10
24459,10
24471,10
24543,10
24603,10
24619,10
24669,10
24705,10
24719,10
24873,10
24883,10
24991,10
25011,10
25013,10
25015,10
25027,10
25029,10
25049,10
25059,10
25157,10
25161,10
25193,10
25283,10
25285,10
25345,10
25363,10
25365,10
25389,10
25397,10
25431,10
25491,10
25519,10
25537,10
25597,10
25599,10
25607,10
25681,10
25717,10
25805,10
25873,10
25943,10
26043,10
26053,10
26057,10
26087,10
26133,10
26149,10
26165,10
26279,10
26303,10
26337,10
26345,10
26441,10
26449,10
27369,10
27371,10
27373,10
27389,10
27413,10
27437,10
27491,10
27493,10
27495,10
27497,10
27501,10
27525,10
27539,10
27569,10
27571,10
27631,10
27683,10
27721,10
27723,10
27789,10
27821,10
27825,10
27847,10
27891,10
27899,10
27949,10
27951,10
27965,10
27991,10
28045,10
28053,10
28093,10
28103,10
28121,10
28149,10
28215,10
28221,10
28237,10
28249,10
28285,10
28351,10
28431,10
28447,10
28497,10
28511,10
28537,10
28539,10
28553,10
28555,10
28569,10
28579,10
28603,10
28623,10
28669,10
28675,10
28683,10
28701,10
28755,10
28759,10
28775,10
28805,10
28829,10
28833,10
28853,10
28907,10
29017,10
29027,10
29087,10
29089,10
29135,10
29207,10
29231,10
29353,10
29357,10
29369,10
29413,10
29419,10
29427,10
29429,10
29433,10
29469,10
29475,10
29481,10
29485,10
29491,10
29499,10
29527,10
29529,10
29537,10
29539,10
29541,10
29545,10
29547,10
29549,10
29551,10
29687,10
29785,10
29803,10
29855,10
29863,10
29868,10
29876,10
29886,10
29893,10
29901,10
29910,10
29935,10
29936,10
29937,10
29976,10
30027,10
30028,10
30029,10
30030,10
30057,10
30060,10
30064,10
30079,10
30091,10
30100,10
30103,10
30123,10
30145,10
30155,10
30166,10
30206,10
30232,10
30263,10
30264,10
30296,10
30307,10
30321,10
30343,10
30347,10
30349,10
30360,10
30363,10
30365,10
30370,10
30382,10
30385,10
30409,10
30458,10
30463,10
30464,10
30468,10
30503,10
30544,10
30547,10
30679,10
30686,10
30694,10
30695,10
30709,10
30736,10
30749,10
30757,10
30761,10
30778,10
30782,10
30831,10
30873,10
30885,10
30901,10
30909,10
30911,10
30915,10
30919,10
30922,10
30923,10
30927,10
30929,10
30931,10
30932,10
30933,10
30954,10
30957,10
30967,10
30970,10
30979,10
31044,10
31057,10
31070,10
31128,10
31133,10
31138,10
31147,10
31149,10
31156,10
31168,10
31173,10
31201,10
31205,10
31231,10
31236,10
31240,10
31246,10
31283,10
31289,10
31297,10
31299,10
31318,10
31339,10
31348,10
31389,10
31402,10
31403,10
31442,10
31452,10
31456,10
31476,10
31483,10
31490,10
31493,10
31506,10
31507,10
31537,10
31562,10
31592,10
31593,10
31598,10
31629,10
31631,10
31637,10
31645,10
31667,10
31672,10
31675,10
31676,10
31678,10
31706,10
31710,10
31722,10
31733,10
31736,10
31737,10
31741,10
31750,10
31764,10
31765,10
31815,10
31821,10
31827,10
31838,10
31845,10
31851,10
31859,10
31884,10
31892,10
31893,10
31911,10
31912,10
31927,10
31941,10
31967,10
32011,10
32014,10
32016,10
32041,10
32051,10
32083,10
32094,10
32105,10
32152,10
32160,10
32171,10
32202,10
32230,10
32237,10
32256,10
32257,10
32269,10
32270,10
32288,10
32297,10
32313,10
32343,10
32346,10
32359,10
32360,10
32365,10
32369,10
32370,10
32379,10
32380,10
32407,10
32415,10
32437,10
32534,10
32563,10
32574,10
32580,10
32582,10
32593,10
32595,10
32596,10
32606,10
32608,10
32613,10
32615,10
32618,10
32621,10
32622,10
32623,10
32660,10
32670,10
32676,10
32697,10
32698,10
32707,10
32716,10
32732,10
32751,10
32788,10
32796,10
32797,10
32801,10
32879,10
32887,10
32900,10
32902,10
32924,10
32926,10
32930,10
32933,10
32936,10
32937,10
32951,10
32979,10
32989,10
33003,10
33011,10
33018,10
33019,10
33023,10
33032,10
33038,10
33047,10
33049,10
33050,10
33075,10
33087,10
33089,10
33115,10
33116,10
33132,10
33133,10
33134,10
33135,10
33136,10
33144,10
33164,10
33183,10
33195,10
33204,10
33206,10
33208,10
33254,10
33262,10
33267,10
33278,10
33286,10
33299,10
33305,10
33309,10
33314,10
33323,10
33335,10
33337,10
33338,10
33343,10
33344,10
33349,10
33352,10
33354,10
33372,10
33387,10
33433,10
33465,10
33478,10
33489,10
33502,10
33506,10
33508,10
33519,10
33520,10
33527,10
33528,10
33529,10
33536,10
33546,10
33547,10
33558,10
33578,10
33581,10
33583,10
33588,10
33599,10
33600,10
33601,10
33602,10
33603,10
33604,10
33606,10
33630,10
33663,10
33669,10
33672,10
33674,10
33691,10
33697,10
33703,10
33704,10
33709,10
33712,10
33717,10
33724,10
33728,10
33729,10
33730,10
33756,10
33758,10
33759,10
33760,10
33762,10
33763,10
33764,10
33772,10
33773,10
33779,10
33834,10
33846,10
33850,10
33883,10
33888,10
33889,10
33914,10
33950,10
33966,10
33988,10
34012,10
34034,10
34037,10
34038,10
34055,10
34076,10
34083,10
34086,10
34100,10
34104,10
34114,10
34129,10
34151,10
34161,10
34176,10
34187,10
34188,10
34189,10
34190,10
34191,10
34192,10
34193,10
34198,10
34222,10
34223,10
34225,10
34227,10
34258,10
34261,10
34279,10
34284,10
34290,10
34300,10
34302,10
34321,10
34325,10
34338,10
34346,10
34374,10
34375,10
34376,10
34394,10
34416,10
34420,10
34428,10
34445,10
34451,10
34454,10
34455,10
34458,10
34465,10
34475,10
34486,10
34497,10
34514,10
34525,10
34528,10
34541,10
34544,10
34547,10
34549,10
34561,10
34566,10
34572,10
34577,10
34592,10
34599,10
34601,10
34604,10
34613,10
34626,10
34642,10
34651,10
34655,10
34661,10
34662,10
34670,10
34675,10
34712,10
34724,10
34745,10
34754,10
34766,10
34779,10
34782,10
34815,10
34826,10
34830,10
34834,10
34843,10
34844,10
34845,10
34847,10
34862,10
34863,10
34866,10
34871,10
34887,10
34893,10
34904,10
34905,10
34927,10
34936,10
34939,10
34941,10
34946,10
34948,10
34957,10
34969,10
34974,10
34990,10
35008,10
35009,10
35029,10
35039,10
35049,10
35050,10
35051,10
35052,10
35053,10
35061,10
35062,10
35063,10
35072,10
35073,10
35075,10
35084,10
35090,10
35098,10
35122,10
35131,10
35145,10
35153,10
35169,10
35171,10
35203,10
35206,10
35241,10
35250,10
35251,10
35263,10
35265,10
35266,10
35281,10
35297,10
35320,10
35326,10
35347,10
35353,10
35363,10
35372,10
35379,10
35383,10
35400,10
35411,10
35417,10
35418,10
35432,10
35433,10
35465,10
35472,10
35473,10
35488,10
35489,10
35490,10
35492,10
35508,10
35557,10
35559,10
35589,10
35594,10
35609,10
35616,10
35618,10
35621,10
35625,10
35626,10
35633,10
35635,10
35643,10
35650,10
35656,10
35676,10
35684,10
35695,10
35706,10
35740,10
35749,10
35757,10
35776,10
35790,10
35814,10
35823,10
35828,10
35851,10
35946,10
35956,10
35965,10
35972,10
35988,10
35997,10
35999,10
36000,10
36015,10
36016,10
36023,10
36029,10
36040,10
36064,10
36094,10
36097,10
36099,10
36119,10
36144,10
36148,10
36156,10
36160,10
36163,10
36196,10
36215,10
36228,10
36229,10
36231,10
36239,10
36240,10
36241,10
36242,10
36246,10
36286,10
36290,10
36291,10
36316,10
36318,10
36345,10
36368,10
36407,10
36419,10
36428,10
36432,10
36440,10
36444,10
36447,10
36455,10
36458,10
36474,10
36480,10
36486,10
36497,10
36506,10
36510,10
36511,10
36549,10
36551,10
36561,10
36574,10
36575,10
36577,10
36587,10
36591,10
36593,10
36619,10
36637,10
36638,10
36639,10
36641,10
36642,10
36643,10
36657,10
36661,10
36686,10
36688,10
36700,10
36712,10
36720,10
36722,10
36729,10
36732,10
36754,10
36757,10
36762,10
36777,10
36789,10
36790,10
36791,10
36797,10
36798,10
36804,10
36805,10
36825,10
36834,10
36847,10
36858,10
36861,10
36862,10
36882,10
36884,10
36902,10
36910,10
36915,10
36923,10
36927,10
36936,10
36946,10
36955,10
36995,10
37029,10
37031,10
37050,10
37051,10
37055,10
37087,10
37095,10
37109,10
37149,10
37150,10
37154,10
37164,10
37169,10
37172,10
37176,10
37179,10
37184,10
37185,10
37186,10
37187,10
37202,10
37208,10
37210,10
37225,10
37232,10
37254,10
37262,10
37265,10
37268,10
37272,10
37286,10
37294,10
37300,10
37302,10
37328,10
37345,10
37346,10
37347,10
37348,10
37349,10
37364,10
37387,10
37393,10
37407,10
37420,10
37426,10
37428,10
37430,10
37446,10
37449,10
37460,10
37472,10
37482,10
37484,10
37497,10
37501,10
37505,10
37514,10
37515,10
37544,10
37545,10
37546,10
37552,10
37554,10
37555,10
37564,10
37576,10
37586,10
37587,10
37591,10
37595,10
37599,10
37601,10
37623,10
37642,10
37651,10
37661,10
37663,10
37672,10
37675,10
37716,10
37744,10
37753,10
37779,10
37781,10
37798,10
37799,10
37806,10
37822,10
37823,10
37856,10
37865,10
37885,10
37887,10
37888,10
37894,10
37895,10
37896,10
37902,10
37910,10
37936,10
37937,10
37938,10
37952,10
37964,10
37966,10
37968,10
37973,10
37978,10
37980,10
37984,10
37986,10
37987,10
37992,10
38000,10
38007,10
38010,10
38015,10
38021,10
38022,10
38024,10
38038,10
38040,10
38046,10
38062,10
38083,10
38084,10
38085,10
38086,10
38087,10
38107,10
38112,10
38121,10
38122,10
38150,10
38153,10
38196,10
38198,10
38199,10
38220,10
38234,10
38268,10
38290,10
38297,10
38357,10
38360,10
38361,10
38365,10
38372,10
38386,10
38395,10
38413,10
38414,10
38416,10
38431,10
38433,10
38435,10
38436,10
38444,10
38449,10
38450,10
38467,10
38469,10
38472,10
38480,10
38481,10
38484,10
38489,10
38490,10
38491,10
38528,10
38530,10
38538,10
38539,10
38544,10
38555,10
38557,10
38558,10
38572,10
38573,10
38578,10
38585,10
38601,10
38621,10
38650,10
38659,10
38668,10
38672,10
38673,10
38688,10
38689,10
38690,10
38693,10
38740,10
38741,10
38743,10
38744,10
38768,10
38775,10
38777,10
38783,10
38790,10
38793,10
38807,10
38826,10
38830,10
38843,10
38850,10
38854,10
38891,10
38906,10
38909,10
38910,10
38919,10
38931,10
38936,10
38937,10
38940,10
38959,10
38985,10
38990,10
39002,10
39011,10
39018,10
39023,10
39024,10
39030,10
39039,10
39040,10
39063,10
39067,10
39071,10
39080,10
39116,10
39119,10
39123,10
39141,10
39178,10
39188,10
39191,10
39192,10
39196,10
39199,10
39235,10
39239,10
39247,10
39249,10
39272,10
39274,10
39292,10
39315,10
39324,10
39325,10
39328,10
39329,10
39334,10
39335,10
39355,10
39374,10
39382,10
39384,10
39405,10
39410,10
39415,10
39416,10
39417,10
39435,10
39468,10
39490,10
39514,10
39518,10
39519,10
39523,10
39531,10
39535,10
39538,10
39546,10
39551,10
39567,10
39572,10
39575,10
39576,10
39587,10
39597,10
39607,10
39610,10
39617,10
39621,10
39622,10
39629,10
39638,10
39653,10
39674,10
39677,10
39679,10
39680,10
39690,10
39701,10
39708,10
39728,10
39741,10
39760,10
39767,10
39769,10
39781,10
39795,10
39799,10
39810,10
39811,10
39823,10
39827,10
39842,10
39851,10
39906,10
39912,10
39921,10
39931,10
39938,10
39947,10
39972,10
39988,10
39993,10
40005,10
40010,10
40024,10
40031,10
40060,10
40062,10
40064,10
40066,10
40073,10
40074,10
40078,10
40083,10
40091,10
40092,10
40102,10
40103,10
40111,10
40134,10
40143,10
40145,10
40156,10
40179,10
40180,10
40182,10
40194,10
40206,10
40211,10
40217,10
40221,10
40233,10
40239,10
40242,10
40244,10
40252,10
40256,10
40283,10
40320,10
40327,10
40336,10
40347,10
40351,10
40356,10
40357,10
40368,10
40395,10
40397,10
40405,10
40429,10
40434,10
40435,10
40436,10
40437,10
40453,10
40454,10
40456,10
40473,10
40474,10
40482,10
40485,10
40486,10
40487,10
40489,10
40496,10
40497,10
40506,10
40507,10
40519,10
40526,10
40540,10
40550,10
40570,10
40571,10
40586,10
40587,10
40590,10
40594,10
40595,10
40597,10
40610,10
40623,10
40636,10
40644,10
40658,10
40708,10
40722,10
40734,10
40735,10
40748,10
40750,10
40761,10
40762,10
40780,10
40783,10
40813,10
40815,10
40823,10
40832,10
40834,10
40841,10
40844,10
40849,10
40851,10
40861,10
40863,10
40873,10
40876,10
40881,10
40897,10
40901,10
40906,10
40909,10
40934,10
40940,10
40960,10
40961,10
40964,10
40966,10
40974,10
40982,10
40983,10
40991,10
41028,10
41029,10
41053,10
41074,10
41078,10
41079,10
41081,10
41084,10
41093,10
41094,10
41102,10
41109,10
41135,10
41139,10
41153,10
41199,10
41210,10
41215,10
41217,10
41219,10
41222,10
41224,10
41250,10
41276,10
41277,10
41286,10
41293,10
41296,10
41312,10
41341,10
41353,10
41374,10
41375,10
41379,10
41380,10
41383,10
41392,10
41402,10
41405,10
41409,10
41456,10
41466,10
41467,10
41468,10
41487,10
41488,10
41491,10
41494,10
41497,10
41514,10
41519,10
41528,10
41529,10
41546,10
41549,10
41567,10
41573,10
41574,10
41589,10
41590,10
41612,10
41623,10
41636,10
41637,10
41667,10
41674,10
41688,10
41710,10
41762,10
41776,10
41777,10
41778,10
41785,10
41802,10
41808,10
41834,10
41848,10
41854,10
41884,10
41899,10
41911,10
41913,10
41915,10
41918,10
41923,10
41930,10
41951,10
42008,10
42009,10
42030,10
42033,10
42054,10
42055,10
42070,10
42071,10
42072,10
42082,10
42089,10
42106,10
42135,10
42136,10
42137,10
42138,10
42139,10
42144,10
42146,10
42147,10
42156,10
42158,10
42163,10
42166,10
42174,10
42178,10
42183,10
42191,10
42192,10
42203,10
42209,10
42214,10
42223,10
42235,10
42266,10
42268,10
42282,10
42284,10
42285,10
42286,10
42291,10
42292,10
42302,10
42320,10
42332,10
42340,10
42366,10
42367,10
42372,10
42373,10
42422,10
42429,10
42441,10
42446,10
42447,10
42448,10
42451,10
42465,10
42485,10
42486,10
42500,10
42501,10
42509,10
42544,10
42571,10
42587,10
42625,10
42627,10
42670,10
42685,10
42725,10
42745,10
42754,10
42776,10
42794,10
42803,10
42815,10
42826,10
42832,10
42835,10
42853,10
42854,10
42855,10
42862,10
42863,10
42875,10
42876,10
42893,10
42898,10
42914,10
42916,10
42944,10
42947,10
42955,10
42969,10
42984,10
42990,10
43196,10
43299,10
43309,10
43387,10
43396,10
43433,10
43438,10
43439,10
43523,10
43565,10
43568,10
43581,10
43626,10
43629,10
43684,10
43697,10
43727,10
43729,10
43760,10
43772,10
43793,10
43823,10
43831,10
43834,10
43836,10
43837,10
43838,10
43841,10
43842,10
43843,10
43844,10
43845,10
43846,10
43848,10
43850,10
43860,10
43865,10
43871,10
43891,10
43893,10
43894,10
43895,10
43896,10
43897,10
43899,10
43903,10
43908,10
43947,10
43948,10
44037,10
44047,10
44060,10
44061,10
44062,10
44065,10
44067,10
44068,10
44069,10
44071,10
44073,10
44075,10
44076,10
44096,10
44100,10
44132,10
44133,10
44174,10
44176,10
44177,10
44178,10
44181,10
44188,10
44191,10
44196,10
44203,10
44209,10
44212,10
44213,10
44218,10
44221,10
44225,10
44248,10
44273,10
44276,10
44278,10
44279,10
44280,10
44282,10
44283,10
44285,10
44286,10
44302,10
44303,10
44350,10
44351,10
44353,10
44363,10
44365,10
44389,10
44406,10
44408,10
44410,10
44411,10
44412,10
44467,10
44468,10
44469,10
44470,10
44471,10
44472,10
44474,10
44475,10
44487,10
44500,10
44501,10
44511,10
44513,10
44518,10
44520,10
44521,10
44522,10
44523,10
44524,10
44525,10
44526,10
44529,10
44530,10
44541,10
44542,10
44543,10
44544,10
44545,10
44557,10
44558,10
44571,10
44573,10
44574,10
44587,10
44591,10
44615,10
44622,10
44623,10
44630,10
44634,10
44637,10
44639,10
44640,10
44641,10
44649,10
44653,10
44656,10
44657,10
44665,10
44666,10
44667,10
44668,10
44674,10
44676,10
44677,10
44679,10
44680,10
44688,10
44689,10
44691,10
44692,10
44695,10
44696,10
44697,10
44699,10
44705,10
44712,10
44713,10
44723,10
44724,10
44725,10
44727,10
44728,10
44729,10
44731,10
44732,10
44733,10
44734,10
44736,10
44737,10
44739,10
44740,10
44742,10
44743,10
44746,10
44748,10
44749,10
44750,10
44753,10
44754,10
44755,10
44756,10
44757,10
44758,10
44760,10
44762,10
44763,10
44764,10
44765,10
44766,10
44767,10
44768,10
44769,10
44770,10
44771,10
44772,10
44773,10
44774,10
44777,10
44778,10
44779,10
44781,10
44782,10
44787,10
44788,10
44795,10
44797,10
44798,10
44799,10
44801,10
44802,10
44803,10
44806,10
44807,10
44810,10
44811,10
44812,10
44813,10
44814,10
44815,10
44816,10
44820,10
44821,10
44825,10
44827,10
44829,10
44831,10
44832,10
44833,10
44834,10
44842,10
44843,10
44844,10
44846,10
44847,10
44850,10
44851,10
44854,10
44855,10
44857,10
44860,10
44861,10
44862,10
44863,10
44865,10
44866,10
44867,10
44869,10
44872,10
44875,10
44879,10
44880,10
44881,10
44885,10
44886,10
44887,10
44889,10
44896,10
44897,10
44898,10
44899,10
44900,10
44901,10
44903,10
44904,10
44906,10
44907,10
44908,10
44909,10
44910,10
44911,10
44912,10
44914,10
44915,10
44916,10
44917,10
44918,10
44919,10
44920,10
44921,10
44922,10
44923,10
44924,10
44925,10
44926,10
44927,10
44928,10
44929,10
44936,10
44942,10
44943,10
44946,10
44948,10
44950,10
44951,10
44952,10
44953,10
44957,10
44958,10
44959,10
44962,10
44963,10
44964,10
44965,10
44966,10
44967,10
44969,10
44971,10
44972,10
44973,10
44974,10
44975,10
44976,10
44977,10
44978,10
44979,10
44980,10
44983,10
45011,10
45012,10
45014,10
45015,10
45016,10
45017,10
45018,10
45019,10
45020,10
45021,10
45022,10
45023,10
45024,10
45026,10
45027,10
45032,10
45033,10
45034,10
45036,10
45037,10
45038,10
45039,10
45040,10
45042,10
45043,10
45044,10
45046,10
45047,10
45049,10
45050,10
45051,10
45052,10
45056,10
45059,10
45060,10
45063,10
45064,10
45065,10
45066,10
45067,10
45069,10
45072,10
45075,10
45078,10
45079,10
45081,10
45083,10
45085,10
45088,10
45089,10
45090,10
45091,10
45092,10
45093,10
45094,10
45095,10
45096,10
45097,10
45098,10
45099,10
45100,10
45101,10
45105,10
45107,10
45111,10
45112,10
45113,10
45114,10
45115,10
45118,10
45119,10
45121,10
45124,10
45133,10
45142,10
45151,10
45152,10
45153,10
45154,10
45169,10
45175,10
45177,10
45178,10
45179,10
45189,10
45190,10
45192,10
45194,10
45195,10
45196,10
45197,10
45198,10
45203,10
45208,10
45213,10
45214,10
45221,10
45222,10
45223,10
45224,10
45225,10
45232,10
45233,10
45234,10
45235,10
45242,10
45243,10
45244,10
45246,10
45262,10
45281,10
45282,10
45297,10
45298,10
45299,10
45304,10
45313,10
45327,10
45328,10
45329,10
45330,10
45344,10
45345,10
45347,10
45348,10
45350,10
45364,10
45365,10
45366,10
45367,10
45368,10
45369,10
45370,10
45371,10
45376,10
45378,10
45379,10
45381,10
45406,10
45407,10
45408,10
45409,10
45410,10
45411,10
45412,10
45413,10
45415,10
45416,10
45417,10
45418,10
45432,10
45433,10
45434,10
45435,10
45436,10
45437,10
45438,10
45439,10
45440,10
45441,10
45442,10
45443,10
45448,10
45464,10
45466,10
45469,10
45470,10
45471,10
45472,10
45473,10
45474,10
45475,10
45476,10
45480,10
45481,10
45483,10
45484,10
45486,10
45494,10
45495,10
45496,10
45497,10
45498,10
45499,10
45500,10
45501,10
45502,10
45503,10
45504,10
45505,10
45506,10
45507,10
45508,10
45509,10
45510,10
45511,10
45512,10
45513,10
45533,10
45538,10
45540,10
45558,10
45560,10
45567,10
45571,10
45572,10
45574,10
45576,10
45599,10
45600,10
45611,10
45622,10
45627,10
45643,10
45654,10
45658,10
45665,10
45691,10
45692,10
45693,10
45694,10
45695,10
45709,10
45710,10
45713,10
45753,10
45780,10
45805,10
45818,10
45831,10
45832,10
45833,10
45835,10
45837,10
45839,10
45843,10
45844,10
45845,10
45846,10
45847,10
45848,10
45850,10
45851,10
45852,10
45853,10
45857,10
45878,10
45891,10
45893,10
45899,10
45906,10
45909,10
45925,10
45938,10
45952,10
45956,10
45957,10
45958,10
45959,10
45960,10
45961,10
45962,10
45964,10
45968,10
45983,10
45985,10
45990,10
45994,10
46039,10
46041,10
46043,10
46046,10
46047,10
46048,10
46052,10
46054,10
46057,10
46058,10
46059,10
46060,10
46061,10
46070,10
46074,10
46076,10
46077,10
46078,10
46089,10
46141,10
46144,10
46156,10
46162,10
46167,10
46179,10
46180,10
46182,10
46189,10
46203,10
46204,10
46207,10
46227,10
46230,10
46231,10
46232,10
46233,10
46236,10
46237,10
46240,10
46241,10
46243,10
46244,10
46246,10
46247,10
46249,10
46253,10
46254,10
46257,10
46258,10
46261,10
46264,10
46265,10
46271,10
46273,10
46280,10
46285,10
46286,10
46290,10
46291,10
46292,10
46296,10
46297,10
46302,10
46304,10
46319,10
46329,10
46330,10
46332,10
46334,10
46339,10
46340,10
46347,10
46350,10
46361,10
46362,10
46363,10
46364,10
46366,10
46368,10
46371,10
46376,10
46380,10
46386,10
46392,10
46403,10
46404,10
46405,10
46406,10
46408,10
46413,10
46414,10
46420,10
46422,10
46424,10
46425,10
46426,10
46436,10
46441,10
46442,10
46446,10
46448,10
46449,10
46450,10
46451,10
46452,10
46453,10
46460,10
46464,10
46467,10
46474,10
46475,10
46485,10
46491,10
46494,10
46495,10
46496,10
46499,10
46500,10
46501,10
46503,10
46504,10
46526,10
46527,10
46529,10
46530,10
46531,10
46569,10
46587,10
46639,10
46641,10
46650,10
46652,10
46687,10
46704,10
46737,10
46742,10
46745,10
46746,10
46747,10
46755,10
46756,10
46757,10
46760,10
46763,10
46764,10
46765,10
46766,10
46769,10
46770,10
46771,10
46772,10
46773,10
46786,10
46808,10
46821,10
46844,10
46879,10
46880,10
46881,10
46882,10
46886,10
46888,10
46890,10
46892,10
46902,10
46912,10
46921,10
46924,10
46925,10
46926,10
46927,10
46928,10
46929,10
46930,10
46931,10
46932,10
46933,10
46934,10
46937,10
46938,10
46944,10
46945,10
46947,10
46958,10
46966,10
46968,10
46969,10
46971,10
46985,10
46994,10
47022,10
47024,10
47044,10
47055,10
47082,10
47086,10
47088,10
47089,10
47094,10
47097,10
47111,10
47112,10
47120,10
47132,10
47133,10
47138,10
47147,10
47155,10
47156,10
47159,10
47160,10
47161,10
47162,10
47163,10
47164,10
47184,10
47185,10
47186,10
47187,10
47188,10
47190,10
47199,10
47200,10
47201,10
47203,10
47210,10
47213,10
47214,10
47225,10
47228,10
47235,10
47237,10
47239,10
47240,10
47241,10
47250,10
47258,10
47259,10
47274,10
47276,10
47278,10
47281,10
47282,10
47284,10
47285,10
47286,10
47288,10
47289,10
47292,10
47293,10
47294,10
47298,10
47321,10
47322,10
47335,10
47343,10
47358,10
47359,10
47360,10
47362,10
47367,10
47371,10
47374,10
47378,10
47379,10
47380,10
47381,10
47382,10
47383,10
47384,10
47385,10
47386,10
47391,10
47392,10
47393,10
47394,10
47403,10
47405,10
47430,10
47441,10
47442,10
47443,10
47448,10
47450,10
47451,10
47452,10
47458,10
47459,10
47460,10
47464,10
47465,10
47466,10
47468,10
47469,10
47470,10
47471,10
47472,10
47473,10
47474,10
47475,10
47476,10
47477,10
47480,10
47484,10
47485,10
47488,10
47489,10
47490,10
47491,10
47492,10
47494,10
47495,10
47496,10
47506,10
47512,10
47513,10
47514,10
47515,10
47516,10
47520,10
47521,10
47522,10
47524,10
47525,10
47535,10
47541,10
47544,10
47546,10
47547,10
47551,10
47552,10
47554,10
47555,10
47556,10
47559,10
47560,10
47563,10
47564,10
47565,10
47566,10
47567,10
47568,10
47569,10
47570,10
47571,10
47577,10
47578,10
47579,10
47580,10
47582,10
47583,10
47585,10
47587,10
47588,10
47593,10
47616,10
47629,10
47639,10
47646,10
47647,10
47648,10
47649,10
47653,10
47668,10
47674,10
47675,10
47676,10
47678,10
47679,10
47680,10
47681,10
47696,10
47698,10
47704,10
47708,10
47711,10
47714,10
47718,10
47732,10
47735,10
47741,10
47749,10
47750,10
47770,10
47771,10
47772,10
47773,10
47777,10
47778,10
47790,10
47791,10
47792,10
47795,10
47808,10
47812,10
47813,10
47820,10
47821,10
47822,10
47823,10
47824,10
47825,10
47826,10
47827,10
47830,10
47831,10
47832,10
47842,10
47845,10
47847,10
47848,10
47850,10
47851,10
47853,10
47854,10
47855,10
47857,10
47859,10
47860,10
47863,10
47865,10
47867,10
47869,10
47875,10
47876,10
47879,10
47880,10
47884,10
47891,10
47892,10
47893,10
47894,10
47895,10
47896,10
47897,10
47898,10
47899,10
47905,10
47906,10
47907,10
47908,10
47909,10
47910,10
47911,10
47922,10
47929,10
47933,10
47934,10
47936,10
47939,10
47941,10
47943,10
47952,10
47963,10
47964,10
47966,10
47969,10
47974,10
47980,10
47981,10
47997,10
48000,10
48006,10
48024,10
48028,10
48048,10
48054,10
48063,10
48066,10
48069,10
48097,10
48105,10
48113,10
48116,10
48120,10
48121,10
48125,10
48130,10
48141,10
48145,10
48148,10
48151,10
48154,10
48156,10
48160,10
48165,10
48166,10
48169,10
48170,10
48174,10
48189,10
48190,10
48192,10
48193,10
48197,10
48200,10
48202,10
48206,10
48207,10
48209,10
48212,10
48213,10
48215,10
48216,10
48223,10
48225,10
48226,10
48227,10
48228,10
48229,10
48238,10
48239,10
48240,10
48241,10
48242,10
48245,10
48250,10
48253,10
48255,10
48260,10
48263,10
48266,10
48283,10
48284,10
48285,10
48287,10
48294,10
48297,10
48298,10
48299,10
48307,10
48309,10
48316,10
48320,10
48322,10
48327,10
48332,10
48334,10
48338,10
48339,10
48340,10
48343,10
48363,10
48369,10
48375,10
48391,10
48411,10
48413,10
48414,10
48415,10
48417,10
48418,10
48420,10
48438,10
48441,10
48470,10
48471,10
48480,10
48486,10
48502,10
48505,10
48543,10
48555,10
48556,10
48561,10
48580,10
48585,10
48589,10
48614,10
48641,10
48684,10
48727,10
48742,10
48754,10
48760,10
48761,10
48776,10
48777,10
48784,10
48804,10
48824,10
48842,10
48844,10
48853,10
48857,10
48866,10
48867,10
48868,10
48873,10
48874,10
48891,10
48895,10
48896,10
48897,10
48903,10
48941,10
48942,10
48954,10
48956,10
48962,10
48965,10
48976,10
48981,10
48997,10
49032,10
49095,10
49098,10
49109,10
49114,10
49125,10
49143,10
49144,10
49154,10
49165,10
49170,10
49214,10
49215,10
49220,10
49223,10
49228,10
49233,10
49236,10
49274,10
49276,10
49277,10
49284,10
49297,10
49305,10
49316,10
49318,10
49321,10
49348,10
49351,10
49361,10
49366,10
49367,10
49385,10
49386,10
49391,10
49398,10
49399,10
49409,10
49423,10
49426,10
49432,10
49433,10
49438,10
49448,10
49457,10
49458,10
49467,10
49513,10
49514,10
49515,10
49522,10
49523,10
49558,10
49565,10
49569,10
49570,10
49571,10
49572,10
49573,10
49574,10
49592,10
49612,10
49613,10
49618,10
49700,10
49701,10
49703,10
49730,10
49742,10
49755,10
49757,10
49759,10
49771,10
49778,10
49782,10
49784,10
49785,10
49794,10
49825,10
49841,10
49842,10
49844,10
49849,10
49851,10
49873,10
49877,10
49889,10
49891,10
49893,10
49894,10
49926,10
49930,10
49938,10
49942,10
49952,10
49967,10
49978,10
49979,10
49980,10
49981,10
50002,10
50019,10
50025,10
50060,10
50091,10
50114,10
50123,10
50168,10
50175,10
50176,10
50184,10
50194,10
50205,10
50207,10
50217,10
50220,10
50230,10
50234,10
50235,10
50240,10
50271,10
50274,10
50275,10
50280,10
50281,10
50282,10
50290,10
50291,10
50299,10
50300,10
50306,10
50313,10
50315,10
50318,10
50324,10
50343,10
50348,10
50349,10
50360,10
50378,10
50383,10
50392,10
50396,10
50398,10
50399,10
50404,10
50405,10
50406,10
50407,10
50410,10
50421,10
50427,10
50430,10
50432,10
50433,10
50441,10
50444,10
50446,10
50461,10
50474,10
50481,10
50501,10
50521,10
50537,10
50538,10
50539,10
50553,10
50565,10
50571,10
50581,10
50582,10
50583,10
50588,10
50590,10
50594,10
50603,10
50607,10
50633,10
50636,10
50647,10
50652,10
50657,10
50664,10
50667,10
50673,10
50697,10
50713,10
50727,10
50738,10
50768,10
50770,10
50794,10
50799,10
50810,10
50849,10
50854,10
50864,10
50869,10
50880,10
50898,10
50916,10
50923,10
50925,10
50932,10
50953,10
50955,10
50963,10
50983,10
51005,10
51006,10
51008,10
51009,10
51019,10
51020,10
51036,10
51037,10
51038,10
51039,10
51043,10
51064,10
51105,10
51116,10
51122,10
51128,10
51131,10
51145,10
51157,10
51162,10
51179,10
51190,10
51195,10
51196,10
51197,10
51198,10
51207,10
51212,10
51213,10
51215,10
51216,10
51219,10
51234,10
51239,10
51240,10
51241,10
51245,10
51252,10
51263,10
51274,10
51278,10
51280,10
51287,10
51291,10
51297,10
51309,10
51334,10
51335,10
51336,10
51340,10
51349,10
51356,10
51357,10
51361,10
51366,10
51368,10
51376,10
51383,10
51385,10
51387,10
51390,10
51404,10
51405,10
51410,10
51457,10
51458,10
51462,10
51473,10
51488,10
51490,10
51495,10
51504,10
51517,10
51520,10
51521,10
51532,10
51544,10
51552,10
51553,10
51558,10
51562,10
51563,10
51564,10
51584,10
51601,10
51616,10
51623,10
51632,10
51645,10
51648,10
51655,10
51656,10
51677,10
51681,10
51693,10
51706,10
51711,10
51716,10
51726,10
51735,10
51758,10
51759,10
51760,10
51764,10
51769,10
51778,10
51780,10
51791,10
51794,10
51796,10
51821,10
51834,10
51836,10
51860,10
51861,10
51863,10
51864,10
51865,10
51866,10
51867,10
51868,10
51873,10
51877,10
51879,10
51881,10
51897,10
51898,10
51920,10
51923,10
51934,10
51937,10
51938,10
51939,10
51941,10
51958,10
51964,10
51996,10
52002,10
52019,10
52028,10
52029,10
52045,10
52046,10
52047,10
52082,10
52095,10
52101,10
52107,10
52130,10
52137,10
52149,10
52151,10
52173,10
52178,10
52180,10
52186,10
52195,10
52199,10
52211,10
52214,10
52221,10
52225,10
52226,10
52237,10
52238,10
52239,10
52240,10
52243,10
52257,10
52265,10
52273,10
52274,10
52292,10
52295,10
52299,10
52308,10
52316,10
52319,10
52347,10
52355,10
52357,10
52359,10
52367,10
52368,10
52372,10
52378,10
52420,10
52446,10
52452,10
52460,10
52461,10
52473,10
52475,10
52482,10
52519,10
52522,10
52547,10
52552,10
52554,10
52558,10
52583,10
52597,10
52608,10
52610,10
52611,10
52612,10
52619,10
52623,10
52635,10
52648,10
52657,10
52680,10
52684,10
52691,10
52701,10
52706,10
52713,10
52735,10
52736,10
52744,10
52754,10
52755,10
52761,10
52765,10
52769,10
52810,10
52816,10
52824,10
52830,10
52836,10
52870,10
52878,10
52880,10
52884,10
52887,10
52890,10
52897,10
52907,10
52908,10
52921,10
52934,10
52935,10
52949,10
52955,10
52962,10
52969,10
52976,10
52977,10
52985,10
52991,10
52995,10
52996,10
53032,10
53055,10
53074,10
53075,10
53085,10
53092,10
53097,10
53111,10
53125,10
53127,10
53130,10
53135,10
53162,10
53179,10
53196,10
53200,10
53205,10
53209,10
53235,10
53236,10
53248,10
53249,10
53251,10
53254,10
53263,10
53272,10
53274,10
53367,10
53371,10
53372,10
53397,10
53406,10
53418,10
53424,10
53428,10
53432,10
53434,10
53437,10
53438,10
53439,10
53446,10
53448,10
53450,10
53473,10
53476,10
53477,10
53488,10
53492,10
53494,10
53498,10
53514,10
53516,10
53520,10
53529,10
53573,10
53580,10
53588,10
53590,10
53593,10
53601,10
53613,10
53618,10
53619,10
53626,10
53639,10
53662,10
53669,10
53670,10
53672,10
53673,10
53676,10
53685,10
53686,10
53687,10
53716,10
53720,10
53730,10
53748,10
53776,10
53833,10
53835,10
53842,10
53860,10
53861,10
53873,10
53874,10
53876,10
53878,10
53880,10
53881,10
53882,10
53889,10
53890,10
53905,10
53911,10
53913,10
53919,10
53939,10
53940,10
53942,10
53943,10
53944,10
53945,10
53948,10
53955,10
53958,10
53963,10
53964,10
53965,10
53975,10
53977,10
53980,10
53981,10
53982,10
53983,10
53984,10
53985,10
53986,10
53987,10
53998,10
54000,10
54015,10
54021,10
54033,10
54050,10
54062,10
54065,10
54084,10
54094,10
54096,10
54101,10
54103,10
54121,10
54122,10
54123,10
54124,10
54127,10
54128,10
54135,10
54141,10
54197,10
54210,10
54214,10
54228,10
54229,10
54250,10
54261,10
54265,10
54285,10
54308,10
54312,10
54329,10
54344,10
54346,10
54354,10
54361,10
54362,10
54364,10
54380,10
54388,10
54402,10
54403,10
54404,10
54422,10
54431,10
54437,10
54444,10
54447,10
54449,10
54456,10
54464,10
54468,10
54505,10
54506,10
54519,10
54535,10
54544,10
54560,10
54562,10
54563,10
54565,10
54591,10
54595,10
54603,10
54616,10
54623,10
54631,10
54632,10
54633,10
54637,10
54644,10
54646,10
54647,10
54648,10
54650,10
54655,10
54667,10
54671,10
54684,10
54687,10
54688,10
54705,10
54715,10
54716,10
54717,10
54722,10
54723,10
54725,10
54736,10
54737,10
54738,10
54741,10
54743,10
54746,10
54750,10
54754,10
54760,10
54762,10
54767,10
54772,10
54779,10
54835,10
54837,10
54842,10
54852,10
54853,10
54854,10
54857,10
54869,10
54876,10
54880,10
54912,10
54913,10
54914,10
54916,10
54917,10
54928,10
54931,10
54947,10
54949,10
54974,10
54989,10
54991,10
54996,10
54997,10
55004,10
55014,10
55015,10
55019,10
55047,10
55059,10
55063,10
55081,10
55082,10
55087,10
55107,10
55115,10
55130,10
55150,10
55151,10
55176,10
55179,10
55186,10
55192,10
55196,10
55207,10
55214,10
55216,10
55229,10
55231,10
55261,10
55265,10
55271,10
55278,10
55279,10
55284,10
55287,10
55288,10
55289,10
55302,10
55315,10
55339,10
55344,10
55371,10
55372,10
55394,10
55453,10
55454,10
55516,10
55534,10
55535,10
55541,10
55562,10
55563,10
55576,10
55578,10
55580,10
55585,10
55586,10
55587,10
55592,10
55599,10
55603,10
55604,10
55605,10
55608,10
55609,10
55610,10
55611,10
55643,10
55646,10
55647,10
55655,10
55657,10
55659,10
55660,10
55684,10
55693,10
55694,10
55701,10
55702,10
55704,10
55717,10
54693,10
55719,10
55720,10
55721,10
55722,10
55723,10
55726,10
55731,10
55732,10
55733,10
15,19
17,19
22,19
23,19
52,19
96,19
170,19
183,19
234,19
263,19
264,19
265,19
287,19
288,19
292,19
311,19
312,19
313,19
314,19
359,19
386,19
388,19
390,19
406,19
425,19
476,19
551,19
558,19
627,19
691,19
729,19
764,19
814,19
815,19
995,19
1041,19
1042,19
1065,19
1083,19
1175,19
1185,19
1186,19
1190,19
1209,19
1316,19
1317,19
1327,19
1328,19
1396,19
1409,19
1512,19
1539,19
1540,19
1550,19
1596,19
1614,19
1668,19
1669,19
1670,19
1674,19
1707,19
1764,19
1771,19
1842,19
1846,19
1859,19
1861,19
2008,19
2009,19
2050,19
2052,19
2112,19
2116,19
2117,19
2118,19
2119,19
2120,19
2121,19
2122,19
2159,19
2180,19
2183,19
2224,19
2228,19
2283,19
2309,19
2316,19
2386,19
2402,19
2415,19
2416,19
2490,19
2491,19
2492,19
2493,19
2498,19
2499,19
2602,19
2631,19
2682,19
2684,19
2703,19
2748,19
2752,19
2758,19
2920,19
2921,19
2922,19
2986,19
3009,19
3012,19
3053,19
3081,19
3111,19
3116,19
3131,19
3137,19
3213,19
3226,19
3272,19
3273,19
3274,19
3275,19
3276,19
3277,19
3278,19
3279,19
3280,19
3281,19
3433,19
3438,19
3482,19
3568,19
3768,19
3769,19
3791,19
3806,19
3825,19
3827,19
3844,19
3870,19
3874,19
3887,19
4053,19
4062,19
4121,19
4176,19
4298,19
4339,19
4440,19
4444,19
4621,19
5028,19
5029,19
5040,19
5085,19
5141,19
5197,19
5200,19
5217,19
5231,19
5258,19
5273,19
5287,19
5589,19
5674,19
5675,19
5751,19
5812,19
5814,19
5826,19
5832,19
5834,19
5872,19
5941,19
5962,19
5967,19
5968,19
5994,19
5996,19
6076,19
6310,19
6392,19
6418,19
6840,19
6842,19
7048,19
7092,19
7155,19
7247,19
7479,19
7498,19
7501,19
7525,19
7655,19
7661,19
7720,19
7793,19
7836,19
8042,19
8156,19
8179,19
8196,19
8216,19
8245,19
8316,19
8410,19
8423,19
8490,19
8522,19
8542,19
8632,19
8786,19
8953,19
9028,19
9032,19
9077,19
9078,19
9124,19
9163,19
9164,19
9165,19
9166,19
9177,19
9201,19
9205,19
9242,19
9243,19
9244,19
9284,19
9424,19
9665,19
9693,19
9744,19
9890,19
9905,19
9916,19
9949,19
10109,19
10257,19
10323,19
10346,19
10360,19
10370,19
10435,19
10507,19
10554,19
10563,19
10572,19
10573,19
10627,19
10731,19
10774,19
10780,19
10800,19
10886,19
10964,19
10979,19
10999,19
11371,19
11593,19
11689,19
11697,19
11763,19
11771,19
11857,19
11917,19
11919,19
12069,19
12117,19
12449,19
12585,19
12863,19
12875,19
12899,19
13073,19
13231,19
13245,19
13261,19
13449,19
13837,19
13839,19
13947,19
14397,19
15125,19
15487,19
15785,19
15807,19
15875,19
15977,19
15993,19
16051,19
16149,19
16486,19
16514,19
16552,19
16572,19
16650,19
16824,19
16894,19
16916,19
17092,19
17100,19
17102,19
17104,19
17249,19
17259,19
17307,19
17313,19
17315,19
17317,19
17321,19
17439,19
17441,19
17443,19
17445,19
17447,19
17659,19
17665,19
17669,19
17671,19
17819,19
17821,19
17893,19
18005,19
18061,19
18063,19
18097,19
18177,19
18179,19
18327,19
18339,19
18341,19
18377,19
18443,19
18475,19
18507,19
18619,19
18689,19
18759,19
18983,19
19049,19
19063,19
19151,19
19271,19
19515,19
19647,19
19669,19
19671,19
19887,19
19943,19
19947,19
19973,19
20143,19
20155,19
20237,19
20583,19
21009,19
21185,19
21201,19
21479,19
21707,19
21755,19
22111,19
22125,19
22135,19
22197,19
22205,19
22215,19
22265,19
22335,19
22605,19
22609,19
22673,19
22831,19
22851,19
23011,19
23245,19
23537,19
23737,19
23759,19
24237,19
24277,19
24347,19
24415,19
24549,19
24713,19
24817,19
25051,19
25299,19
25303,19
25341,19
25755,19
25967,19
26453,19
27561,19
27577,19
27663,19
27837,19
27915,19
28035,19
28391,19
28489,19
28775,19
28813,19
28891,19
29073,19
29431,19
29501,19
29583,19
29603,19
29755,19
29834,19
30205,19
30230,19
30311,19
30364,19
30413,19
30415,19
30652,19
30790,19
30914,19
30968,19
30998,19
31049,19
31051,19
31177,19
31211,19
31237,19
31422,19
31464,19
31465,19
31491,19
31519,19
31559,19
31575,19
31581,19
31588,19
31608,19
31658,19
31668,19
31693,19
31754,19
31783,19
31883,19
31942,19
32190,19
32324,19
32454,19
32483,19
32494,19
32686,19
32816,19
32817,19
32831,19
32835,19
32869,19
32870,19
32871,19
32881,19
32886,19
32935,19
32943,19
32947,19
32995,19
33031,19
33283,19
33302,19
33325,19
33473,19
33498,19
33499,19
33533,19
33543,19
33544,19
33566,19
33733,19
33746,19
33798,19
33845,19
34008,19
34032,19
34178,19
34238,19
34239,19
34307,19
34323,19
34349,19
34367,19
34443,19
34453,19
34513,19
34519,19
34543,19
34548,19
34614,19
34615,19
34636,19
34694,19
34695,19
34707,19
34716,19
34734,19
34784,19
34825,19
34901,19
35025,19
35110,19
35111,19
35183,19
35191,19
35249,19
35321,19
35327,19
35382,19
35455,19
35500,19
35528,19
35529,19
35574,19
35605,19
35658,19
35698,19
35789,19
35806,19
35880,19
35912,19
35983,19
36062,19
36118,19
36119,19
36297,19
36563,19
36565,19
36653,19
36704,19
36934,19
36952,19
36993,19
37007,19
37206,19
37259,19
37283,19
37290,19
37358,19
37379,19
37403,19
37619,19
37620,19
37703,19
37775,19
37814,19
37916,19
37960,19
37965,19
37972,19
37990,19
38067,19
38068,19
38069,19
38091,19
38098,19
38119,19
38120,19
38138,19
38157,19
38177,19
38235,19
38274,19
38400,19
38529,19
38554,19
38646,19
38647,19
38648,19
38731,19
38882,19
38883,19
38921,19
39014,19
39226,19
39227,19
39271,19
39282,19
39352,19
39498,19
39505,19
39527,19
39555,19
39566,19
39574,19
39583,19
39699,19
39800,19
39966,19
40155,19
40262,19
40267,19
40349,19
40350,19
40372,19
40488,19
40504,19
40606,19
40679,19
40694,19
40729,19
40769,19
40776,19
40786,19
40832,19
40850,19
41105,19
41111,19
41266,19
41298,19
41439,19
41586,19
41783,19
41842,19
41951,19
42245,19
42321,19
42395,19
42668,19
42774,19
42798,19
42829,19
42922,19
42923,19
42940,19
42941,19
43412,19
43417,19
43556,19
43756,19
43982,19
44014,19
44274,19
44637,19
44673,19
44674,19
44712,19
44744,19
44838,19
45069,19
45079,19
45187,19
45482,19
45585,19
45649,19
45984,19
46000,19
46068,19
46118,19
46228,19
46260,19
46324,19
46392,19
46478,19
46853,19
46854,19
46855,19
46856,19
47104,19
47612,19
47809,19
47866,19
48218,19
48290,19
48347,19
48406,19
48452,19
48455,19
48456,19
48510,19
48517,19
48536,19
48830,19
48850,19
49052,19
49078,19
49258,19
49283,19
49363,19
49376,19
49556,19
49581,19
49596,19
49664,19
49691,19
49913,19
49969,19
49975,19
50099,19
50185,19
50209,19
50248,19
50379,19
50533,19
50552,19
50999,19
51048,19
51085,19
51125,19
51221,19
51225,19
51288,19
51300,19
51318,19
51333,19
51482,19
51761,19
51781,19
51877,19
51880,19
51887,19
51957,19
51974,19
52032,19
52033,19
52159,19
52210,19
52229,19
52322,19
52551,19
52614,19
52615,19
52616,19
52618,19
52622,19
52640,19
52641,19
52737,19
52738,19
52742,19
52750,19
52753,19
52771,19
52826,19
52917,19
53222,19
53526,19
53575,19
53670,19
53675,19
53749,19
53828,19
53923,19
54004,19
54028,19
54119,19
54352,19
54547,19
54730,19
54803,19
54838,19
54859,19
54865,19
54866,19
54928,19
54939,19
55105,19
55194,19
55231,19
55318,19
55319,19
55374,19
55531,19
55539,19
55570,19
16,6
17,6
24,6
25,6
28,6
45,6
49,6
50,6
52,6
53,6
57,6
59,6
61,6
63,6
64,6
65,6
66,6
71,6
72,6
74,6
76,6
77,6
79,6
86,6
96,6
99,6
100,6
102,6
103,6
105,6
107,6
108,6
109,6
110,6
111,6
112,6
114,6
115,6
116,6
117,6
118,6
119,6
122,6
125,6
126,6
127,6
129,6
130,6
131,6
133,6
135,6
145,6
146,6
151,6
154,6
157,6
161,6
162,6
163,6
167,6
174,6
178,6
179,6
188,6
189,6
190,6
191,6
192,6
193,6
196,6
197,6
200,6
201,6
204,6
205,6
209,6
210,6
212,6
213,6
214,6
215,6
216,6
217,6
221,6
222,6
223,6
225,6
227,6
229,6
230,6
231,6
232,6
233,6
235,6
236,6
240,6
241,6
242,6
243,6
245,6
246,6
248,6
250,6
251,6
253,6
254,6
255,6
259,6
260,6
261,6
262,6
268,6
275,6
276,6
277,6
278,6
280,6
281,6
288,6
289,6
291,6
293,6
294,6
296,6
297,6
298,6
301,6
303,6
304,6
305,6
306,6
307,6
309,6
310,6
316,6
318,6
319,6
321,6
324,6
327,6
330,6
331,6
332,6
333,6
334,6
335,6
337,6
343,6
348,6
350,6
351,6
352,6
353,6
354,6
357,6
365,6
366,6
367,6
370,6
371,6
372,6
373,6
374,6
375,6
377,6
378,6
379,6
382,6
383,6
386,6
394,6
400,6
402,6
403,6
404,6
407,6
412,6
415,6
416,6
418,6
419,6
421,6
422,6
423,6
424,6
425,6
426,6
427,6
428,6
429,6
430,6
435,6
440,6
443,6
445,6
454,6
456,6
458,6
469,6
470,6
471,6
482,6
485,6
487,6
488,6
489,6
490,6
495,6
501,6
502,6
505,6
507,6
508,6
509,6
510,6
511,6
512,6
516,6
517,6
519,6
521,6
524,6
527,6
528,6
533,6
534,6
535,6
536,6
538,6
539,6
540,6
541,6
545,6
550,6
552,6
553,6
554,6
555,6
557,6
563,6
564,6
566,6
569,6
573,6
576,6
579,6
580,6
581,6
582,6
587,6
588,6
590,6
591,6
596,6
599,6
601,6
602,6
603,6
604,6
605,6
606,6
607,6
610,6
612,6
615,6
623,6
624,6
625,6
626,6
629,6
630,6
631,6
632,6
635,6
636,6
637,6
641,6
644,6
646,6
648,6
649,6
650,6
651,6
652,6
653,6
654,6
655,6
656,6
659,6
660,6
664,6
667,6
668,6
669,6
673,6
681,6
682,6
683,6
686,6
691,6
693,6
694,6
695,6
696,6
705,6
706,6
707,6
710,6
712,6
714,6
715,6
718,6
721,6
722,6
727,6
729,6
738,6
741,6
744,6
746,6
749,6
750,6
751,6
759,6
761,6
763,6
764,6
765,6
766,6
767,6
769,6
773,6
776,6
779,6
780,6
781,6
783,6
785,6
786,6
788,6
792,6
793,6
796,6
797,6
799,6
800,6
808,6
810,6
811,6
813,6
814,6
816,6
817,6
818,6
824,6
831,6
833,6
836,6
837,6
840,6
841,6
842,6
846,6
849,6
850,6
851,6
852,6
853,6
854,6
859,6
860,6
861,6
863,6
866,6
867,6
868,6
869,6
870,6
872,6
874,6
875,6
880,6
881,6
882,6
883,6
886,6
891,6
892,6
893,6
894,6
895,6
896,6
898,6
899,6
900,6
901,6
902,6
903,6
904,6
905,6
906,6
907,6
908,6
910,6
914,6
916,6
918,6
920,6
921,6
932,6
933,6
940,6
941,6
942,6
949,6
951,6
952,6
961,6
964,6
965,6
966,6
968,6
974,6
980,6
981,6
982,6
983,6
984,6
986,6
987,6
988,6
990,6
991,6
992,6
993,6
996,6
997,6
998,6
999,6
1002,6
1003,6
1006,6
1007,6
1008,6
1009,6
1010,6
1011,6
1012,6
1014,6
1015,6
1017,6
1018,6
1022,6
1025,6
1035,6
1045,6
1046,6
1050,6
1053,6
1056,6
1057,6
1058,6
1059,6
1060,6
1062,6
1064,6
1066,6
1070,6
1075,6
1078,6
1082,6
1086,6
1087,6
1093,6
1098,6
1100,6
1101,6
1103,6
1104,6
1105,6
1106,6
1110,6
1111,6
1112,6
1117,6
1118,6
1119,6
1120,6
1121,6
1122,6
1127,6
1128,6
1129,6
1132,6
1133,6
1138,6
1146,6
1147,6
1149,6
1151,6
1152,6
1155,6
1158,6
1159,6
1161,6
1162,6
1164,6
1168,6
1170,6
1171,6
1172,6
1175,6
1180,6
1181,6
1184,6
1185,6
1187,6
1188,6
1191,6
1193,6
1194,6
1195,6
1196,6
1198,6
1199,6
1210,6
1214,6
1217,6
1218,6
1219,6
1221,6
1226,6
1228,6
1231,6
1232,6
1233,6
1234,6
1235,6
1247,6
1249,6
1250,6
1251,6
1261,6
1271,6
1278,6
1280,6
1283,6
1284,6
1288,6
1289,6
1293,6
1295,6
1296,6
1297,6
1298,6
1300,6
1311,6
1312,6
1313,6
1328,6
1331,6
1333,6
1335,6
1337,6
1363,6
1364,6
1366,6
1367,6
1368,6
1369,6
1370,6
1372,6
1375,6
1376,6
1383,6
1397,6
1398,6
1399,6
1400,6
1405,6
1411,6
1412,6
1413,6
1414,6
1415,6
1416,6
1417,6
1418,6
1419,6
1420,6
1421,6
1422,6
1423,6
1424,6
1425,6
1426,6
1427,6
1428,6
1429,6
1430,6
1431,6
1432,6
1433,6
1434,6
1435,6
1436,6
1437,6
1438,6
1439,6
1440,6
1450,6
1452,6
1453,6
1469,6
1470,6
1471,6
1472,6
1473,6
1474,6
1475,6
1476,6
1477,6
1478,6
1481,6
1485,6
1486,6
1487,6
1489,6
1496,6
1498,6
1500,6
1501,6
1502,6
1503,6
1505,6
1506,6
1509,6
1514,6
1515,6
1516,6
1517,6
1525,6
1527,6
1528,6
1531,6
1532,6
1533,6
1534,6
1538,6
1543,6
1546,6
1547,6
1552,6
1555,6
1558,6
1559,6
1562,6
1564,6
1565,6
1568,6
1569,6
1570,6
1573,6
1577,6
1578,6
1579,6
1581,6
1584,6
1588,6
1590,6
1591,6
1592,6
1593,6
1596,6
1597,6
1600,6
1604,6
1608,6
1613,6
1617,6
1619,6
1620,6
1621,6
1623,6
1625,6
1630,6
1641,6
1642,6
1643,6
1648,6
1654,6
1655,6
1656,6
1658,6
1659,6
1668,6
1669,6
1670,6
1672,6
1679,6
1683,6
1684,6
1685,6
1694,6
1698,6
1701,6
1707,6
1709,6
1710,6
1711,6
1719,6
1720,6
1722,6
1725,6
1728,6
1732,6
1734,6
1738,6
1741,6
1743,6
1744,6
1748,6
1749,6
1750,6
1751,6
1752,6
1753,6
1754,6
1755,6
1756,6
1757,6
1758,6
1769,6
1778,6
1786,6
1790,6
1794,6
1795,6
1796,6
1797,6
1798,6
1802,6
1803,6
1805,6
1806,6
1807,6
1808,6
1813,6
1816,6
1817,6
1830,6
1836,6
1837,6
1840,6
1841,6
1844,6
1847,6
1851,6
1852,6
1853,6
1855,6
1856,6
1858,6
1865,6
1869,6
1872,6
1874,6
1883,6
1884,6
1885,6
1886,6
1887,6
1888,6
1891,6
1892,6
1893,6
1894,6
1898,6
1900,6
1902,6
1907,6
1909,6
1911,6
1913,6
1915,6
1918,6
1919,6
1920,6
1921,6
1922,6
1923,6
1924,6
1925,6
1929,6
1930,6
1931,6
1936,6
1939,6
1940,6
1944,6
1953,6
1955,6
1957,6
1960,6
1961,6
1962,6
1972,6
1980,6
1988,6
1989,6
1990,6
1992,6
1994,6
1996,6
2000,6
2004,6
2006,6
2008,6
2009,6
2010,6
2011,6
2012,6
2013,6
2014,6
2015,6
2020,6
2021,6
2023,6
2024,6
2026,6
2027,6
2032,6
2033,6
2034,6
2036,6
2037,6
2038,6
2039,6
2041,6
2043,6
2044,6
2045,6
2046,6
2049,6
2050,6
2053,6
2057,6
2058,6
2059,6
2067,6
2072,6
2074,6
2075,6
2079,6
2080,6
2081,6
2084,6
2085,6
2086,6
2087,6
2097,6
2098,6
2102,6
2104,6
2108,6
2126,6
2130,6
2131,6
2132,6
2142,6
2147,6
2150,6
2152,6
2163,6
2165,6
2166,6
2168,6
2171,6
2172,6
2180,6
2183,6
2198,6
2205,6
2206,6
2207,6
2217,6
2221,6
2222,6
2228,6
2229,6
2232,6
2233,6
2234,6
2237,6
2244,6
2248,6
2251,6
2258,6
2259,6
2260,6
2263,6
2277,6
2278,6
2280,6
2281,6
2284,6
2287,6
2289,6
2302,6
2303,6
2304,6
2305,6
2306,6
2307,6
2309,6
2313,6
2317,6
2322,6
2330,6
2332,6
2335,6
2336,6
2363,6
2367,6
2384,6
2385,6
2386,6
2388,6
2390,6
2391,6
2392,6
2393,6
2397,6
2398,6
2399,6
2400,6
2403,6
2406,6
2407,6
2408,6
2409,6
2414,6
2417,6
2421,6
2422,6
2424,6
2450,6
2454,6
2457,6
2458,6
2459,6
2460,6
2463,6
2464,6
2465,6
2466,6
2469,6
2471,6
2473,6
2474,6
2485,6
2486,6
2489,6
2490,6
2494,6
2497,6
2501,6
2503,6
2508,6
2512,6
2513,6
2515,6
2518,6
2520,6
2522,6
2524,6
2525,6
2526,6
2527,6
2529,6
2535,6
2540,6
2550,6
2552,6
2564,6
2566,6
2570,6
2571,6
2578,6
2580,6
2589,6
2597,6
2602,6
2605,6
2606,6
2607,6
2611,6
2615,6
2617,6
2625,6
2629,6
2630,6
2631,6
2632,6
2633,6
2634,6
2645,6
2648,6
2649,6
2651,6
2652,6
2653,6
2655,6
2656,6
2657,6
2661,6
2662,6
2664,6
2665,6
2666,6
2668,6
2670,6
2673,6
2674,6
2677,6
2679,6
2681,6
2687,6
2692,6
2693,6
2699,6
2700,6
2701,6
2708,6
2710,6
2712,6
2716,6
2719,6
2721,6
2723,6
2725,6
2727,6
2730,6
2732,6
2736,6
2742,6
2743,6
2744,6
2745,6
2748,6
2749,6
2750,6
2757,6
2762,6
2766,6
2768,6
2771,6
2780,6
2784,6
2790,6
2791,6
2796,6
2805,6
2806,6
2809,6
2813,6
2814,6
2815,6
2818,6
2820,6
2822,6
2823,6
2824,6
2827,6
2832,6
2835,6
2836,6
2837,6
2839,6
2840,6
2847,6
2851,6
2883,6
2884,6
2885,6
2892,6
2897,6
2901,6
2903,6
2907,6
2910,6
2912,6
2917,6
2923,6
2930,6
2933,6
2934,6
2942,6
2947,6
2948,6
2951,6
2954,6
2963,6
2967,6
2971,6
2985,6
2986,6
2993,6
3000,6
3001,6
3006,6
3008,6
3019,6
3020,6
3021,6
3023,6
3026,6
3031,6
3033,6
3036,6
3037,6
3040,6
3057,6
3058,6
3065,6
3073,6
3077,6
3078,6
3085,6
3090,6
3091,6
3092,6
3095,6
3109,6
3112,6
3113,6
3114,6
3121,6
3125,6
3129,6
3130,6
3136,6
3138,6
3155,6
3157,6
3159,6
3164,6
3165,6
3174,6
3175,6
3180,6
3182,6
3185,6
3193,6
3203,6
3210,6
3211,6
3213,6
3219,6
3221,6
3225,6
3228,6
3229,6
3230,6
3232,6
3239,6
3243,6
3247,6
3265,6
3266,6
3272,6
3273,6
3274,6
3275,6
3276,6
3277,6
3278,6
3279,6
3280,6
3281,6
3290,6
3292,6
3295,6
3298,6
3300,6
3312,6
3313,6
3322,6
3328,6
3329,6
3332,6
3345,6
3349,6
3352,6
3358,6
3375,6
3391,6
3402,6
3406,6
3410,6
3414,6
3417,6
3418,6
3419,6
3421,6
3432,6
3437,6
3447,6
3449,6
3455,6
3458,6
3464,6
3467,6
3470,6
3472,6
3482,6
3483,6
3484,6
3485,6
3500,6
3503,6
3512,6
3514,6
3516,6
3517,6
3519,6
3535,6
3545,6
3546,6
3547,6
3550,6
3568,6
3575,6
3577,6
3588,6
3593,6
3597,6
3604,6
3613,6
3615,6
3616,6
3618,6
3619,6
3620,6
3627,6
3630,6
3633,6
3638,6
3640,6
3654,6
3659,6
3660,6
3672,6
3674,6
3683,6
3686,6
3689,6
3690,6
3702,6
3704,6
3712,6
3723,6
3727,6
3731,6
3735,6
3736,6
3737,6
3738,6
3745,6
3759,6
3778,6
3787,6
3799,6
3806,6
3810,6
3823,6
3837,6
3841,6
3849,6
3853,6
3858,6
3861,6
3863,6
3869,6
3875,6
3878,6
3881,6
3884,6
3886,6
3889,6
3901,6
3909,6
3910,6
3915,6
3923,6
3929,6
3937,6
3946,6
3947,6
3948,6
3952,6
3954,6
3956,6
3958,6
3962,6
3965,6
3973,6
3974,6
3975,6
3977,6
3991,6
4015,6
4021,6
4028,6
4031,6
4033,6
4038,6
4042,6
4049,6
4051,6
4054,6
4056,6
4060,6
4061,6
4063,6
4069,6
4070,6
4075,6
4078,6
4080,6
4082,6
4086,6
4088,6
4101,6
4104,6
4107,6
4114,6
4129,6
4130,6
4136,6
4149,6
4150,6
4154,6
4156,6
4161,6
4162,6
4163,6
4164,6
4166,6
4173,6
4176,6
4182,6
4188,6
4190,6
4192,6
4195,6
4197,6
4200,6
4209,6
4211,6
4214,6
4260,6
4286,6
4314,6
4316,6
4320,6
4331,6
4340,6
4353,6
4361,6
4362,6
4369,6
4375,6
4382,6
4383,6
4389,6
4390,6
4392,6
4417,6
4418,6
4419,6
4420,6
4421,6
4443,6
4444,6
4447,6
4450,6
4451,6
4452,6
4459,6
4469,6
4472,6
4477,6
4504,6
4508,6
4533,6
4536,6
4537,6
4548,6
4550,6
4554,6
4566,6
4578,6
4584,6
4591,6
4598,6
4616,6
4639,6
4640,6
4651,6
4657,6
4660,6
4664,6
4680,6
4682,6
4688,6
4693,6
4712,6
4722,6
4737,6
4742,6
4744,6
4761,6
4772,6
4775,6
4782,6
4786,6
4792,6
4793,6
4794,6
4795,6
4807,6
4811,6
4814,6
4851,6
4853,6
4872,6
4874,6
4898,6
4903,6
4905,6
4910,6
4918,6
4928,6
4935,6
4936,6
4939,6
4962,6
4966,6
4983,6
4985,6
4997,6
4999,6
5005,6
5018,6
5019,6
5025,6
5027,6
5030,6
5042,6
5045,6
5056,6
5060,6
5065,6
5071,6
5074,6
5080,6
5089,6
5091,6
5096,6
5112,6
5118,6
5132,6
5141,6
5147,6
5150,6
5152,6
5162,6
5163,6
5184,6
5197,6
5199,6
5201,6
5207,6
5223,6
5225,6
5233,6
5234,6
5238,6
5240,6
5246,6
5251,6
5262,6
5274,6
5276,6
5277,6
5278,6
5279,6
5287,6
5290,6
5304,6
5305,6
5307,6
5308,6
5314,6
5332,6
5333,6
5343,6
5348,6
5353,6
5375,6
5383,6
5397,6
5419,6
5449,6
5454,6
5462,6
5466,6
5472,6
5473,6
5474,6
5475,6
5477,6
5484,6
5493,6
5520,6
5521,6
5526,6
5529,6
5549,6
5554,6
5578,6
5597,6
5618,6
5628,6
5648,6
5667,6
5670,6
5678,6
5680,6
5681,6
5684,6
5688,6
5690,6
5710,6
5713,6
5715,6
5719,6
5762,6
5764,6
5772,6
5774,6
5781,6
5783,6
5799,6
5810,6
5821,6
5830,6
5833,6
5841,6
5842,6
5844,6
5845,6
5849,6
5865,6
5875,6
5877,6
5880,6
5908,6
5909,6
5914,6
5920,6
5927,6
5931,6
5938,6
5947,6
5955,6
5956,6
5957,6
5958,6
5962,6
5967,6
5968,6
5973,6
5978,6
5983,6
5990,6
5992,6
5994,6
6023,6
6024,6
6028,6
6030,6
6033,6
6062,6
6063,6
6064,6
6067,6
6068,6
6069,6
6073,6
6074,6
6075,6
6076,6
6077,6
6093,6
6095,6
6096,6
6097,6
6098,6
6107,6
6112,6
6115,6
6116,6
6117,6
6119,6
6127,6
6130,6
6131,6
6148,6
6149,6
6156,6
6163,6
6166,6
6178,6
6187,6
6198,6
6201,6
6203,6
6205,6
6206,6
6217,6
6227,6
6234,6
6245,6
6251,6
6261,6
6287,6
6297,6
6299,6
6303,6
6310,6
6311,6
6312,6
6318,6
6324,6
6330,6
6331,6
6347,6
6355,6
6366,6
6377,6
6379,6
6380,6
6413,6
6419,6
6425,6
6431,6
6437,6
6438,6
6443,6
6460,6
6468,6
6484,6
6489,6
6496,6
6505,6
6509,6
6512,6
6520,6
6525,6
6527,6
6528,6
6553,6
6555,6
6557,6
6560,6
6566,6
6567,6
6571,6
6574,6
6582,6
6583,6
6604,6
6609,6
6625,6
6628,6
6629,6
6641,6
6645,6
6654,6
6657,6
6658,6
6674,6
6684,6
6687,6
6693,6
6695,6
6705,6
6707,6
6709,6
6712,6
6713,6
6714,6
6721,6
6727,6
6731,6
6741,6
6743,6
6748,6
6759,6
6760,6
6761,6
6762,6
6779,6
6792,6
6793,6
6796,6
6797,6
6822,6
6828,6
6837,6
6840,6
6862,6
6868,6
6877,6
6878,6
6882,6
6883,6
6885,6
6889,6
6890,6
6896,6
6899,6
6900,6
6907,6
6917,6
6930,6
6932,6
6941,6
6945,6
6946,6
6947,6
6956,6
6958,6
6959,6
6964,6
6965,6
6974,6
6981,6
6984,6
6988,6
6993,6
6994,6
6999,6
7004,6
7016,6
7017,6
7020,6
7021,6
7022,6
7024,6
7026,6
7027,6
7028,6
7029,6
7030,6
7032,6
7041,6
7044,6
7045,6
7054,6
7062,6
7066,6
7082,6
7088,6
7090,6
7092,6
7108,6
7124,6
7148,6
7152,6
7157,6
7158,6
7160,6
7162,6
7164,6
7175,6
7176,6
7177,6
7189,6
7211,6
7243,6
7244,6
7247,6
7255,6
7261,6
7303,6
7305,6
7307,6
7322,6
7329,6
7330,6
7337,6
7375,6
7396,6
7419,6
7427,6
7430,6
7445,6
7446,6
7448,6
7449,6
7450,6
7451,6
7452,6
7461,6
7463,6
7466,6
7468,6
7471,6
7472,6
7474,6
7498,6
7501,6
7505,6
7523,6
7529,6
7540,6
7549,6
7550,6
7561,6
7568,6
7569,6
7575,6
7578,6
7579,6
7590,6
7591,6
7593,6
7596,6
7597,6
7605,6
7617,6
7627,6
7629,6
7643,6
7645,6
7646,6
7647,6
7666,6
7667,6
7669,6
7674,6
7721,6
7723,6
7739,6
7744,6
7745,6
7750,6
7751,6
7759,6
7761,6
7762,6
7768,6
7769,6
7770,6
7774,6
7782,6
7785,6
7791,6
7805,6
7807,6
7808,6
7816,6
7817,6
7857,6
7858,6
7870,6
7882,6
7902,6
7915,6
7939,6
7956,6
7972,6
7980,6
7981,6
8011,6
8022,6
8023,6
8025,6
8038,6
8041,6
8057,6
8062,6
8078,6
8081,6
8097,6
8101,6
8108,6
8109,6
8123,6
8129,6
8130,6
8134,6
8139,6
8140,6
8141,6
8143,6
8150,6
8152,6
8153,6
8154,6
8155,6
8157,6
8158,6
8176,6
8179,6
8180,6
8187,6
8189,6
8190,6
8191,6
8192,6
8196,6
8205,6
8208,6
8213,6
8215,6
8220,6
8228,6
8234,6
8235,6
8240,6
8241,6
8244,6
8245,6
8258,6
8277,6
8310,6
8314,6
8316,6
8317,6
8331,6
8336,6
8339,6
8345,6
8353,6
8355,6
8356,6
8357,6
8358,6
8360,6
8361,6
8362,6
8363,6
8364,6
8365,6
8366,6
8367,6
8368,6
8369,6
8372,6
8373,6
8407,6
8408,6
8409,6
8410,6
8416,6
8417,6
8422,6
8423,6
8424,6
8431,6
8438,6
8440,6
8442,6
8443,6
8457,6
8464,6
8465,6
8479,6
8490,6
8496,6
8500,6
8501,6
8507,6
8516,6
8520,6
8521,6
8522,6
8524,6
8525,6
8532,6
8536,6
8538,6
8546,6
8547,6
8548,6
8550,6
8551,6
8553,6
8557,6
8595,6
8599,6
8604,6
8609,6
8624,6
8630,6
8631,6
8632,6
8634,6
8643,6
8644,6
8647,6
8648,6
8660,6
8664,6
8675,6
8679,6
8687,6
8701,6
8705,6
8706,6
8709,6
8710,6
8716,6
8723,6
8726,6
8749,6
8751,6
8754,6
8763,6
8764,6
8765,6
8767,6
8769,6
8786,6
8792,6
8795,6
8815,6
8829,6
8832,6
8841,6
8842,6
8848,6
8853,6
8857,6
8862,6
8876,6
8883,6
8889,6
8890,6
8891,6
8900,6
8908,6
8909,6
8925,6
8935,6
8952,6
8955,6
8957,6
8958,6
8959,6
8960,6
8961,6
8963,6
8964,6
8965,6
8966,6
8968,6
8985,6
8993,6
9005,6
9007,6
9013,6
9015,6
9023,6
9028,6
9041,6
9055,6
9062,6
9063,6
9070,6
9074,6
9077,6
9078,6
9087,6
9098,6
9100,6
9107,6
9120,6
9127,6
9136,6
9159,6
9175,6
9181,6
9200,6
9201,6
9203,6
9205,6
9220,6
9284,6
9290,6
9303,6
9324,6
9333,6
9334,6
9335,6
9337,6
9339,6
9340,6
9345,6
9347,6
9349,6
9351,6
9355,6
9365,6
9366,6
9379,6
9383,6
9389,6
9396,6
9403,6
9404,6
9421,6
9426,6
9446,6
9451,6
9455,6
9464,6
9471,6
9491,6
9493,6
9498,6
9499,6
9506,6
9510,6
9513,6
9515,6
9518,6
9519,6
9523,6
9533,6
9536,6
9540,6
9542,6
9561,6
9562,6
9563,6
9568,6
9581,6
9587,6
9598,6
9608,6
9611,6
9617,6
9618,6
9627,6
9630,6
9645,6
9673,6
9675,6
9712,6
9716,6
9734,6
9735,6
9736,6
9741,6
9750,6
9754,6
9768,6
9774,6
9776,6
9785,6
9786,6
9790,6
9794,6
9795,6
9796,6
9797,6
9799,6
9810,6
9811,6
9812,6
9817,6
9818,6
9819,6
9821,6
9825,6
9832,6
9834,6
9851,6
9863,6
9865,6
9869,6
9883,6
9884,6
9885,6
9888,6
9895,6
9917,6
9922,6
9924,6
9934,6
9941,6
9947,6
9949,6
9956,6
9958,6
9963,6
9969,6
9973,6
9982,6
9998,6
10000,6
10003,6
10012,6
10016,6
10020,6
10030,6
10033,6
10039,6
10040,6
10045,6
10056,6
10057,6
10058,6
10059,6
10060,6
10061,6
10074,6
10076,6
10079,6
10080,6
10098,6
10108,6
10109,6
10110,6
10114,6
10115,6
10116,6
10119,6
10135,6
10136,6
10139,6
10153,6
10165,6
10172,6
10187,6
10191,6
10194,6
10197,6
10202,6
10207,6
10209,6
10210,6
10213,6
10216,6
10219,6
10232,6
10238,6
10239,6
10241,6
10242,6
10244,6
10247,6
10249,6
10250,6
10258,6
10261,6
10262,6
10263,6
10276,6
10278,6
10297,6
10298,6
10301,6
10302,6
10306,6
10308,6
10321,6
10324,6
10334,6
10338,6
10347,6
10351,6
10353,6
10355,6
10357,6
10359,6
10361,6
10369,6
10378,6
10384,6
10390,6
10391,6
10396,6
10406,6
10431,6
10444,6
10459,6
10460,6
10464,6
10465,6
10469,6
10477,6
10479,6
10495,6
10497,6
10501,6
10502,6
10506,6
10513,6
10521,6
10524,6
10525,6
10527,6
10528,6
10531,6
10532,6
10533,6
10534,6
10536,6
10539,6
10540,6
10541,6
10564,6
10572,6
10573,6
10578,6
10582,6
10594,6
10604,6
10607,6
10611,6
10622,6
10627,6
10633,6
10638,6
10643,6
10647,6
10659,6
10666,6
10671,6
10674,6
10679,6
10684,6
10685,6
10703,6
10711,6
10719,6
10721,6
10723,6
10732,6
10735,6
10737,6
10739,6
10740,6
10765,6
10766,6
10790,6
10792,6
10794,6
10796,6
10797,6
10801,6
10802,6
10805,6
10807,6
10810,6
10813,6
10819,6
10822,6
10823,6
10824,6
10825,6
10834,6
10838,6
10842,6
10847,6
10850,6
10852,6
10855,6
10856,6
10862,6
10863,6
10870,6
10887,6
10889,6
10897,6
10908,6
10916,6
10917,6
10923,6
10928,6
10933,6
10934,6
10936,6
10943,6
10947,6
10948,6
10949,6
10950,6
10953,6
10958,6
10979,6
10987,6
10989,6
10995,6
10997,6
11001,6
11009,6
11013,6
11019,6
11053,6
11069,6
11079,6
11099,6
11161,6
11179,6
11197,6
11203,6
11227,6
11237,6
11239,6
11268,6
11281,6
11299,6
11339,6
11341,6
11359,6
11385,6
11389,6
11445,6
11491,6
11497,6
11499,6
11521,6
11533,6
11541,6
11547,6
11553,6
11589,6
11595,6
11597,6
11609,6
11611,6
11615,6
11617,6
11633,6
11659,6
11661,6
11679,6
11695,6
11697,6
11699,6
11703,6
11715,6
11717,6
11729,6
11731,6
11733,6
11739,6
11761,6
11769,6
11773,6
11777,6
11785,6
11787,6
11791,6
11793,6
11809,6
11813,6
11825,6
11843,6
11853,6
11873,6
11883,6
11889,6
11897,6
11911,6
11933,6
11959,6
12005,6
12015,6
12017,6
12021,6
12037,6
12039,6
12117,6
12123,6
12145,6
12181,6
12185,6
12187,6
12225,6
12231,6
12243,6
12259,6
12279,6
12281,6
12291,6
12293,6
12317,6
12321,6
12341,6
12343,6
12347,6
12351,6
12365,6
12391,6
12393,6
12397,6
12403,6
12431,6
12437,6
12447,6
12455,6
12481,6
12483,6
12485,6
12497,6
12499,6
12501,6
12503,6
12505,6
12549,6
12561,6
12579,6
12581,6
12591,6
12643,6
12663,6
12665,6
12671,6
12673,6
12679,6
12685,6
12699,6
12709,6
12711,6
12727,6
12729,6
12771,6
12781,6
12783,6
12803,6
12809,6
12815,6
12823,6
12835,6
12861,6
12865,6
12881,6
12883,6
12893,6
12921,6
12979,6
12991,6
13055,6
13083,6
13085,6
13087,6
13089,6
13091,6
13139,6
13141,6
13159,6
13169,6
13171,6
13201,6
13203,6
13207,6
13233,6
13245,6
13247,6
13249,6
13251,6
13263,6
13267,6
13287,6
13299,6
13349,6
13357,6
13367,6
13369,6
13377,6
13403,6
13405,6
13409,6
13421,6
13431,6
13433,6
13435,6
13455,6
13457,6
13459,6
13479,6
13499,6
13501,6
13503,6
13505,6
13507,6
13509,6
13511,6
13515,6
13517,6
13519,6
13535,6
13551,6
13561,6
13619,6
13655,6
13659,6
13663,6
13677,6
13681,6
13715,6
13727,6
13767,6
13781,6
13793,6
13799,6
13817,6
13819,6
13821,6
13823,6
13825,6
13827,6
13831,6
13837,6
13839,6
13851,6
13859,6
13927,6
13931,6
13955,6
13965,6
13967,6
13969,6
13983,6
14027,6
14045,6
14067,6
14073,6
14077,6
14093,6
14095,6
14173,6
14199,6
14227,6
14277,6
14349,6
14355,6
14381,6
14511,6
14515,6
14519,6
14527,6
14563,6
14575,6
14583,6
14623,6
14627,6
14631,6
14647,6
14653,6
14675,6
14685,6
14693,6
14713,6
14735,6
14741,6
14743,6
14749,6
14765,6
14811,6
14813,6
14829,6
14835,6
14889,6
14893,6
14935,6
14947,6
14949,6
14957,6
14967,6
15005,6
15015,6
15043,6
15045,6
15067,6
15093,6
15095,6
15109,6
15117,6
15119,6
15125,6
15195,6
15225,6
15313,6
15315,6
15325,6
15335,6
15347,6
15377,6
15379,6
15389,6
15391,6
15417,6
15437,6
15451,6
15479,6
15487,6
15545,6
15591,6
15609,6
15617,6
15633,6
15649,6
15657,6
15687,6
15689,6
15699,6
15711,6
15719,6
15729,6
15731,6
15743,6
15751,6
15771,6
15775,6
15781,6
15783,6
15807,6
15809,6
15865,6
15873,6
15881,6
15893,6
15897,6
15911,6
15913,6
15915,6
15925,6
15927,6
15933,6
15957,6
15961,6
15963,6
15979,6
16051,6
16099,6
16149,6
16157,6
16159,6
16163,6
16169,6
16183,6
16241,6
16245,6
16253,6
16261,6
16273,6
16303,6
16317,6
16319,6
16345,6
16347,6
16353,6
16371,6
16373,6
16377,6
16389,6
16393,6
16395,6
16405,6
16415,6
16436,6
16444,6
16454,6
16480,6
16482,6
16508,6
16514,6
16526,6
16530,6
16590,6
16604,6
16608,6
16610,6
16636,6
16646,6
16648,6
16678,6
16680,6
16694,6
16706,6
16718,6
16726,6
16730,6
16732,6
16738,6
16740,6
16742,6
16774,6
16866,6
16890,6
16906,6
16908,6
16910,6
16912,6
16918,6
16928,6
16934,6
16936,6
16964,6
16970,6
16982,6
16988,6
16994,6
17004,6
17006,6
17074,6
17076,6
17082,6
17113,6
17115,6
17127,6
17131,6
17147,6
17157,6
17159,6
17161,6
17163,6
17205,6
17211,6
17213,6
17215,6
17219,6
17237,6
17263,6
17267,6
17273,6
17291,6
17341,6
17351,6
17359,6
17387,6
17391,6
17397,6
17437,6
17457,6
17487,6
17489,6
17551,6
17573,6
17599,6
17603,6
17605,6
17623,6
17624,6
17643,6
17649,6
17667,6
17669,6
17681,6
17697,6
17699,6
17703,6
17707,6
17719,6
17727,6
17731,6
17733,6
17739,6
17749,6
17753,6
17777,6
17785,6
17823,6
17825,6
17831,6
17835,6
17843,6
17849,6
17855,6
17871,6
17873,6
17875,6
17879,6
17893,6
17895,6
17909,6
17933,6
17989,6
17991,6
18003,6
18041,6
18047,6
18095,6
18099,6
18109,6
18119,6
18121,6
18133,6
18139,6
18149,6
18155,6
18195,6
18197,6
18199,6
18205,6
18241,6
18247,6
18339,6
18341,6
18355,6
18357,6
18365,6
18375,6
18377,6
18389,6
18391,6
18419,6
18425,6
18429,6
18441,6
18457,6
18465,6
18469,6
18489,6
18491,6
18495,6
18497,6
18499,6
18521,6
18523,6
18527,6
18549,6
18599,6
18603,6
18631,6
18635,6
18639,6
18661,6
18669,6
18671,6
18677,6
18679,6
18683,6
18713,6
18745,6
18753,6
18755,6
18773,6
18781,6
18815,6
18817,6
18845,6
18851,6
18857,6
18897,6
18907,6
18937,6
18939,6
18941,6
18943,6
18967,6
19009,6
19021,6
19029,6
19087,6
19109,6
19121,6
19133,6
19157,6
19159,6
19165,6
19207,6
19221,6
19251,6
19255,6
19257,6
19261,6
19291,6
19297,6
19305,6
19351,6
19363,6
19365,6
19369,6
19391,6
19397,6
19431,6
19463,6
19467,6
19469,6
19479,6
19489,6
19495,6
19501,6
19511,6
19535,6
19559,6
19583,6
19585,6
19587,6
19645,6
19671,6
19681,6
19685,6
19697,6
19717,6
19729,6
19745,6
19749,6
19751,6
19753,6
19755,6
19759,6
19773,6
19783,6
19799,6
19811,6
19815,6
19831,6
19841,6
19843,6
19845,6
19849,6
19873,6
19875,6
19879,6
19889,6
19897,6
19901,6
19925,6
19945,6
19959,6
19961,6
19987,6
19991,6
19993,6
19997,6
19999,6
20001,6
20005,6
20023,6
20025,6
20031,6
20033,6
20039,6
20045,6
20047,6
20057,6
20075,6
20077,6
20079,6
20081,6
20083,6
20085,6
20093,6
20095,6
20109,6
20117,6
20123,6
20125,6
20127,6
20141,6
20145,6
20147,6
20153,6
20155,6
20159,6
20185,6
20199,6
20201,6
20221,6
20233,6
20239,6
20241,6
20243,6
20267,6
20329,6
20359,6
20371,6
20383,6
20385,6
20391,6
20431,6
20441,6
20449,6
20453,6
20457,6
20473,6
20479,6
20509,6
20517,6
20539,6
20541,6
20545,6
20557,6
20581,6
20587,6
20603,6
20705,6
20709,6
20713,6
20743,6
20767,6
20811,6
20815,6
20835,6
20843,6
20847,6
20869,6
20871,6
20873,6
20929,6
20931,6
20939,6
20945,6
20955,6
20963,6
20973,6
20977,6
20987,6
20999,6
21033,6
21053,6
21067,6
21073,6
21075,6
21105,6
21161,6
21195,6
21201,6
21241,6
21275,6
21277,6
21291,6
21293,6
21295,6
21297,6
21325,6
21327,6
21353,6
21373,6
21395,6
21427,6
21433,6
21435,6
21439,6
21467,6
21469,6
21475,6
21483,6
21487,6
21489,6
21491,6
21493,6
21495,6
21507,6
21509,6
21525,6
21539,6
21541,6
21545,6
21547,6
21549,6
21561,6
21571,6
21599,6
21635,6
21653,6
21659,6
21671,6
21679,6
21681,6
21695,6
21703,6
21737,6
21775,6
21797,6
21809,6
21833,6
21855,6
21863,6
21867,6
21877,6
21879,6
21899,6
21913,6
21933,6
21935,6
21937,6
21941,6
21943,6
21945,6
21947,6
21951,6
21953,6
21955,6
21957,6
21959,6
21961,6
21963,6
21967,6
21969,6
21971,6
21973,6
21975,6
21997,6
21999,6
22013,6
22035,6
22037,6
22053,6
22057,6
22065,6
22071,6
22113,6
22123,6
22125,6
22145,6
22147,6
22189,6
22219,6
22225,6
22247,6
22275,6
22335,6
22345,6
22361,6
22381,6
22427,6
22439,6
22441,6
22503,6
22511,6
22541,6
22583,6
22585,6
22591,6
22593,6
22595,6
22597,6
22631,6
22633,6
22635,6
22657,6
22669,6
22671,6
22673,6
22675,6
22695,6
22699,6
22709,6
22711,6
22755,6
22757,6
22759,6
22777,6
22785,6
22821,6
22827,6
22835,6
22845,6
22849,6
22851,6
22859,6
22865,6
22877,6
22953,6
22955,6
22959,6
22975,6
22977,6
22979,6
22981,6
22983,6
22985,6
22991,6
22993,6
23013,6
23015,6
23029,6
23037,6
23067,6
23085,6
23089,6
23097,6
23099,6
23107,6
23115,6
23121,6
23149,6
23153,6
23179,6
23183,6
23185,6
23187,6
23189,6
23191,6
23213,6
23225,6
23227,6
23229,6
23237,6
23245,6
23251,6
23269,6
23277,6
23285,6
23289,6
23299,6
23301,6
23313,6
23315,6
23317,6
23327,6
23341,6
23347,6
23359,6
23361,6
23363,6
23367,6
23369,6
23383,6
23409,6
23423,6
23425,6
23427,6
23433,6
23441,6
23459,6
23487,6
23499,6
23511,6
23539,6
23551,6
23575,6
23587,6
23595,6
23597,6
23607,6
23609,6
23613,6
23617,6
23619,6
23627,6
23647,6
23651,6
23673,6
23677,6
23679,6
23697,6
23701,6
23723,6
23729,6
23733,6
23735,6
23737,6
23759,6
23769,6
23779,6
23781,6
23787,6
23815,6
23829,6
23831,6
23847,6
23855,6
23865,6
23867,6
23871,6
23881,6
23885,6
23889,6
23895,6
23903,6
23945,6
23969,6
23971,6
23985,6
24029,6
24031,6
24041,6
24051,6
24071,6
24073,6
24087,6
24089,6
24093,6
24121,6
24123,6
24135,6
24159,6
24169,6
24175,6
24211,6
24227,6
24259,6
24275,6
24355,6
24363,6
24365,6
24373,6
24403,6
24417,6
24437,6
24439,6
24443,6
24447,6
24451,6
24457,6
24465,6
24471,6
24475,6
24501,6
24531,6
24573,6
24577,6
24591,6
24603,6
24627,6
24629,6
24637,6
24663,6
24683,6
24695,6
24699,6
24703,6
24705,6
24713,6
24727,6
24751,6
24763,6
24773,6
24793,6
24797,6
24809,6
24811,6
24833,6
24835,6
24839,6
24845,6
24847,6
24857,6
24877,6
24909,6
24935,6
24969,6
24973,6
24977,6
24981,6
24991,6
25011,6
25045,6
25049,6
25053,6
25057,6
25059,6
25061,6
25063,6
25099,6
25101,6
25117,6
25139,6
25157,6
25159,6
25169,6
25241,6
25253,6
25257,6
25285,6
25313,6
25365,6
25383,6
25389,6
25429,6
25439,6
25441,6
25517,6
25547,6
25589,6
25597,6
25599,6
25635,6
25647,6
25649,6
25661,6
25681,6
25687,6
25719,6
25729,6
25749,6
25809,6
25815,6
25835,6
25859,6
25861,6
25871,6
25875,6
25879,6
25889,6
25891,6
25897,6
25941,6
25963,6
25965,6
25967,6
25973,6
25975,6
25977,6
25979,6
25983,6
25985,6
25987,6
25999,6
26007,6
26009,6
26011,6
26013,6
26015,6
26017,6
26019,6
26023,6
26035,6
26053,6
26057,6
26063,6
26079,6
26085,6
26123,6
26189,6
26213,6
26287,6
26317,6
26331,6
26349,6
26351,6
26395,6
26441,6
27369,6
27371,6
27373,6
27399,6
27441,6
27491,6
27493,6
27509,6
27519,6
27521,6
27525,6
27551,6
27557,6
27559,6
27561,6
27567,6
27571,6
27589,6
27601,6
27613,6
27619,6
27621,6
27629,6
27633,6
27653,6
27681,6
27683,6
27687,6
27709,6
27727,6
27757,6
27785,6
27787,6
27857,6
27887,6
27907,6
27911,6
27927,6
27945,6
27947,6
27957,6
27967,6
28021,6
28025,6
28049,6
28051,6
28057,6
28063,6
28071,6
28089,6
28101,6
28105,6
28155,6
28179,6
28185,6
28207,6
28221,6
28235,6
28237,6
28245,6
28247,6
28251,6
28257,6
28285,6
28297,6
28299,6
28361,6
28367,6
28369,6
28371,6
28377,6
28385,6
28387,6
28405,6
28419,6
28423,6
28427,6
28489,6
28511,6
28531,6
28593,6
28595,6
28603,6
28607,6
28615,6
28617,6
28669,6
28677,6
28685,6
28691,6
28713,6
28809,6
28811,6
28813,6
28815,6
28817,6
28819,6
28825,6
28827,6
28829,6
28861,6
28869,6
28887,6
28911,6
28913,6
28915,6
28925,6
28929,6
28965,6
28977,6
28979,6
28981,6
29017,6
29035,6
29067,6
29087,6
29089,6
29099,6
29105,6
29129,6
29141,6
29163,6
29165,6
29231,6
29233,6
29283,6
29317,6
29351,6
29359,6
29361,6
29363,6
29375,6
29419,6
29437,6
29445,6
29515,6
29583,6
29589,6
29597,6
29611,6
29613,6
29635,6
29673,6
29687,6
29697,6
29701,6
29715,6
29722,6
29729,6
29731,6
29739,6
29746,6
29747,6
29748,6
29749,6
29750,6
29751,6
29752,6
29777,6
29785,6
29786,6
29800,6
29820,6
29821,6
29822,6
29823,6
29825,6
29829,6
29830,6
29831,6
29835,6
29836,6
29842,6
29843,6
29844,6
29846,6
29851,6
29854,6
29860,6
29861,6
29862,6
29865,6
29876,6
29889,6
29901,6
29978,6
29998,6
30013,6
30014,6
30016,6
30026,6
30029,6
30030,6
30046,6
30048,6
30051,6
30052,6
30056,6
30057,6
30083,6
30086,6
30089,6
30090,6
30093,6
30094,6
30095,6
30096,6
30097,6
30098,6
30099,6
30122,6
30124,6
30125,6
30127,6
30138,6
30143,6
30144,6
30148,6
30149,6
30150,6
30151,6
30152,6
30153,6
30154,6
30155,6
30156,6
30166,6
30173,6
30177,6
30178,6
30206,6
30218,6
30232,6
30235,6
30240,6
30246,6
30247,6
30262,6
30267,6
30276,6
30279,6
30290,6
30291,6
30300,6
30307,6
30311,6
30313,6
30334,6
30342,6
30344,6
30355,6
30367,6
30376,6
30379,6
30384,6
30390,6
30395,6
30396,6
30398,6
30403,6
30411,6
30412,6
30417,6
30420,6
30438,6
30442,6
30443,6
30444,6
30446,6
30449,6
30450,6
30453,6
30457,6
30464,6
30470,6
30489,6
30512,6
30519,6
30530,6
30531,6
30537,6
30544,6
30556,6
30567,6
30582,6
30600,6
30602,6
30605,6
30617,6
30625,6
30641,6
30646,6
30648,6
30649,6
30651,6
30652,6
30654,6
30663,6
30673,6
30686,6
30694,6
30704,6
30709,6
30714,6
30721,6
30727,6
30739,6
30743,6
30746,6
30751,6
30752,6
30753,6
30754,6
30767,6
30777,6
30781,6
30782,6
30795,6
30796,6
30803,6
30813,6
30818,6
30826,6
30831,6
30840,6
30860,6
30873,6
30875,6
30885,6
30893,6
30896,6
30902,6
30905,6
30912,6
30919,6
30953,6
30954,6
30988,6
30989,6
30991,6
31018,6
31019,6
31020,6
31033,6
31034,6
31035,6
31052,6
31054,6
31056,6
31070,6
31071,6
31072,6
31073,6
31080,6
31091,6
31096,6
31098,6
31109,6
31115,6
31116,6
31121,6
31138,6
31139,6
31143,6
31145,6
31150,6
31157,6
31158,6
31170,6
31174,6
31178,6
31181,6
31201,6
31202,6
31211,6
31233,6
31234,6
31237,6
31238,6
31239,6
31255,6
31283,6
31298,6
31302,6
31310,6
31317,6
31326,6
31339,6
31344,6
31361,6
31369,6
31370,6
31374,6
31380,6
31404,6
31410,6
31414,6
31417,6
31426,6
31427,6
31436,6
31439,6
31440,6
31442,6
31448,6
31464,6
31465,6
31471,6
31486,6
31491,6
31494,6
31498,6
31499,6
31513,6
31517,6
31519,6
31534,6
31539,6
31540,6
31549,6
31551,6
31555,6
31560,6
31564,6
31566,6
31578,6
31581,6
31592,6
31599,6
31603,6
31604,6
31608,6
31610,6
31621,6
31630,6
31633,6
31636,6
31638,6
31642,6
31643,6
31644,6
31647,6
31667,6
31668,6
31669,6
31670,6
31672,6
31673,6
31674,6
31675,6
31680,6
31683,6
31685,6
31686,6
31690,6
31691,6
31699,6
31704,6
31706,6
31711,6
31715,6
31716,6
31737,6
31738,6
31746,6
31747,6
31750,6
31754,6
31761,6
31771,6
31772,6
31790,6
31793,6
31797,6
31804,6
31807,6
31812,6
31827,6
31845,6
31848,6
31861,6
31865,6
31868,6
31890,6
31898,6
31903,6
31909,6
31918,6
31923,6
31952,6
31953,6
31965,6
31967,6
31978,6
31980,6
31984,6
31997,6
32010,6
32013,6
32014,6
32016,6
32026,6
32038,6
32039,6
32065,6
32084,6
32087,6
32088,6
32094,6
32107,6
32108,6
32122,6
32136,6
32142,6
32143,6
32145,6
32146,6
32147,6
32148,6
32149,6
32151,6
32158,6
32160,6
32174,6
32182,6
32197,6
32214,6
32215,6
32222,6
32228,6
32237,6
32240,6
32252,6
32262,6
32268,6
32274,6
32275,6
32276,6
32301,6
32310,6
32316,6
32321,6
32323,6
32349,6
32353,6
32366,6
32380,6
32383,6
32400,6
32402,6
32408,6
32409,6
32412,6
32417,6
32418,6
32419,6
32447,6
32454,6
32467,6
32476,6
32485,6
32502,6
32511,6
32521,6
32542,6
32543,6
32551,6
32553,6
32555,6
32557,6
32559,6
32561,6
32571,6
32574,6
32582,6
32590,6
32593,6
32596,6
32603,6
32606,6
32625,6
32648,6
32664,6
32666,6
32676,6
32681,6
32684,6
32696,6
32698,6
32707,6
32733,6
32734,6
32736,6
32737,6
32738,6
32751,6
32773,6
32796,6
32797,6
32801,6
32805,6
32807,6
32808,6
32809,6
32816,6
32817,6
32818,6
32819,6
32820,6
32821,6
32823,6
32829,6
32834,6
32835,6
32842,6
32854,6
32863,6
32871,6
32875,6
32876,6
32889,6
32890,6
32892,6
32899,6
32901,6
32906,6
32916,6
32924,6
32926,6
32930,6
32933,6
32934,6
32937,6
32944,6
32956,6
32959,6
32977,6
32979,6
32989,6
32993,6
32999,6
33002,6
33004,6
33010,6
33011,6
33013,6
33019,6
33023,6
33026,6
33032,6
33034,6
33035,6
33036,6
33038,6
33042,6
33044,6
33056,6
33074,6
33075,6
33078,6
33085,6
33086,6
33089,6
33094,6
33099,6
33102,6
33105,6
33118,6
33123,6
33142,6
33156,6
33161,6
33163,6
33164,6
33173,6
33181,6
33185,6
33188,6
33193,6
33194,6
33195,6
33196,6
33199,6
33201,6
33208,6
33209,6
33213,6
33219,6
33222,6
33225,6
33226,6
33228,6
33242,6
33244,6
33245,6
33255,6
33258,6
33274,6
33276,6
33279,6
33281,6
33282,6
33283,6
33290,6
33300,6
33308,6
33310,6
33314,6
33323,6
33325,6
33338,6
33339,6
33354,6
33357,6
33358,6
33360,6
33363,6
33372,6
33378,6
33387,6
33392,6
33398,6
33414,6
33415,6
33417,6
33430,6
33431,6
33434,6
33443,6
33446,6
33447,6
33454,6
33455,6
33456,6
33457,6
33462,6
33465,6
33473,6
33475,6
33487,6
33489,6
33490,6
33498,6
33499,6
33500,6
33501,6
33512,6
33513,6
33524,6
33533,6
33534,6
33541,6
33542,6
33543,6
33544,6
33545,6
33547,6
33548,6
33549,6
33550,6
33551,6
33552,6
33562,6
33569,6
33570,6
33571,6
33581,6
33605,6
33606,6
33659,6
33661,6
33662,6
33672,6
33692,6
33693,6
33694,6
33695,6
33696,6
33705,6
33706,6
33712,6
33713,6
33723,6
33726,6
33731,6
33739,6
33741,6
33746,6
33753,6
33771,6
33776,6
33779,6
33782,6
33787,6
33788,6
33789,6
33791,6
33795,6
33806,6
33811,6
33814,6
33818,6
33835,6
33843,6
33846,6
33849,6
33854,6
33855,6
33856,6
33857,6
33858,6
33859,6
33861,6
33863,6
33864,6
33867,6
33870,6
33871,6
33872,6
33874,6
33875,6
33876,6
33877,6
33878,6
33879,6
33880,6
33881,6
33882,6
33883,6
33911,6
33912,6
33913,6
33915,6
33916,6
33922,6
33927,6
33933,6
33946,6
33948,6
33949,6
33950,6
33958,6
33975,6
33986,6
33988,6
33994,6
34009,6
34013,6
34016,6
34019,6
34036,6
34051,6
34052,6
34076,6
34088,6
34091,6
34092,6
34096,6
34106,6
34124,6
34126,6
34134,6
34148,6
34156,6
34163,6
34164,6
34165,6
34166,6
34173,6
34204,6
34205,6
34207,6
34223,6
34233,6
34234,6
34235,6
34238,6
34239,6
34244,6
34257,6
34259,6
34262,6
34264,6
34277,6
34280,6
34281,6
34283,6
34292,6
34295,6
34299,6
34302,6
34309,6
34314,6
34323,6
34325,6
34332,6
34336,6
34353,6
34354,6
34355,6
34356,6
34367,6
34369,6
34370,6
34371,6
34372,6
34373,6
34389,6
34394,6
34403,6
34409,6
34410,6
34414,6
34416,6
34451,6
34456,6
34464,6
34488,6
34489,6
34490,6
34494,6
34500,6
34502,6
34503,6
34504,6
34510,6
34511,6
34519,6
34531,6
34533,6
34535,6
34537,6
34540,6
34543,6
34550,6
34572,6
34612,6
34613,6
34614,6
34615,6
34618,6
34623,6
34626,6
34628,6
34629,6
34630,6
34658,6
34669,6
34676,6
34677,6
34691,6
34696,6
34697,6
34698,6
34701,6
34710,6
34722,6
34724,6
34742,6
34745,6
34755,6
34762,6
34763,6
34764,6
34765,6
34782,6
34784,6
34794,6
34799,6
34800,6
34813,6
34817,6
34820,6
34825,6
34831,6
34834,6
34835,6
34841,6
34843,6
34844,6
34845,6
34847,6
34850,6
34855,6
34863,6
34864,6
34871,6
34872,6
34877,6
34878,6
34881,6
34884,6
34888,6
34891,6
34902,6
34905,6
34911,6
34914,6
34918,6
34919,6
34928,6
34949,6
34960,6
34962,6
34978,6
34979,6
34980,6
34999,6
35000,6
35002,6
35007,6
35011,6
35015,6
35018,6
35044,6
35067,6
35070,6
35071,6
35074,6
35075,6
35081,6
35112,6
35113,6
35116,6
35118,6
35133,6
35137,6
35139,6
35140,6
35141,6
35142,6
35143,6
35182,6
35203,6
35205,6
35219,6
35226,6
35227,6
35228,6
35230,6
35233,6
35234,6
35235,6
35237,6
35239,6
35247,6
35250,6
35252,6
35254,6
35270,6
35283,6
35285,6
35287,6
35295,6
35297,6
35298,6
35301,6
35305,6
35306,6
35307,6
35308,6
35309,6
35310,6
35311,6
35312,6
35313,6
35317,6
35328,6
35330,6
35331,6
35332,6
35334,6
35335,6
35338,6
35345,6
35346,6
35347,6
35370,6
35376,6
35383,6
35385,6
35388,6
35413,6
35427,6
35433,6
35447,6
35448,6
35452,6
35454,6
35455,6
35472,6
35473,6
35478,6
35484,6
35501,6
35502,6
35513,6
35516,6
35517,6
35519,6
35522,6
35538,6
35540,6
35552,6
35560,6
35574,6
35575,6
35576,6
35577,6
35579,6
35590,6
35608,6
35612,6
35624,6
35631,6
35632,6
35641,6
35645,6
35652,6
35656,6
35658,6
35672,6
35673,6
35686,6
35702,6
35704,6
35710,6
35712,6
35730,6
35739,6
35745,6
35746,6
35756,6
35773,6
35805,6
35817,6
35821,6
35823,6
35839,6
35842,6
35843,6
35857,6
35859,6
35860,6
35883,6
35890,6
35905,6
35909,6
35914,6
35920,6
35923,6
35957,6
35960,6
35963,6
35971,6
35984,6
35985,6
35988,6
36002,6
36003,6
36015,6
36030,6
36037,6
36038,6
36043,6
36049,6
36050,6
36073,6
36108,6
36119,6
36132,6
36148,6
36157,6
36160,6
36164,6
36166,6
36196,6
36220,6
36226,6
36228,6
36231,6
36234,6
36250,6
36259,6
36261,6
36267,6
36296,6
36298,6
36317,6
36339,6
36342,6
36343,6
36344,6
36407,6
36409,6
36439,6
36444,6
36464,6
36466,6
36468,6
36470,6
36480,6
36491,6
36497,6
36498,6
36500,6
36520,6
36521,6
36522,6
36539,6
36543,6
36544,6
36545,6
36552,6
36553,6
36556,6
36560,6
36564,6
36566,6
36569,6
36579,6
36581,6
36588,6
36611,6
36616,6
36619,6
36620,6
36624,6
36626,6
36629,6
36632,6
36636,6
36646,6
36664,6
36683,6
36692,6
36714,6
36715,6
36719,6
36724,6
36726,6
36730,6
36735,6
36736,6
36742,6
36756,6
36761,6
36771,6
36777,6
36784,6
36789,6
36792,6
36796,6
36797,6
36800,6
36817,6
36823,6
36824,6
36825,6
36827,6
36835,6
36836,6
36838,6
36848,6
36855,6
36864,6
36865,6
36868,6
36873,6
36874,6
36875,6
36881,6
36884,6
36885,6
36890,6
36894,6
36902,6
36904,6
36905,6
36906,6
36907,6
36913,6
36914,6
36927,6
36942,6
36943,6
36945,6
36947,6
36950,6
36951,6
36955,6
36964,6
36967,6
36969,6
36976,6
36979,6
36982,6
36983,6
36993,6
36999,6
37000,6
37020,6
37023,6
37024,6
37026,6
37029,6
37033,6
37034,6
37036,6
37037,6
37045,6
37046,6
37047,6
37050,6
37054,6
37087,6
37097,6
37098,6
37099,6
37101,6
37102,6
37103,6
37105,6
37112,6
37115,6
37126,6
37139,6
37140,6
37141,6
37144,6
37167,6
37168,6
37171,6
37179,6
37180,6
37188,6
37206,6
37210,6
37215,6
37219,6
37241,6
37244,6
37249,6
37254,6
37258,6
37264,6
37272,6
37281,6
37284,6
37286,6
37292,6
37293,6
37294,6
37308,6
37318,6
37324,6
37325,6
37326,6
37335,6
37338,6
37346,6
37359,6
37364,6
37368,6
37377,6
37390,6
37391,6
37392,6
37393,6
37395,6
37402,6
37409,6
37422,6
37424,6
37430,6
37431,6
37433,6
37448,6
37475,6
37483,6
37484,6
37490,6
37491,6
37492,6
37496,6
37504,6
37510,6
37516,6
37554,6
37560,6
37562,6
37564,6
37577,6
37579,6
37585,6
37586,6
37595,6
37596,6
37597,6
37614,6
37618,6
37621,6
37626,6
37630,6
37640,6
37641,6
37646,6
37647,6
37653,6
37657,6
37662,6
37678,6
37682,6
37716,6
37719,6
37722,6
37736,6
37742,6
37747,6
37755,6
37773,6
37780,6
37781,6
37789,6
37804,6
37816,6
37823,6
37826,6
37827,6
37828,6
37842,6
37843,6
37850,6
37851,6
37858,6
37859,6
37860,6
37864,6
37866,6
37873,6
37885,6
37890,6
37908,6
37920,6
37924,6
37926,6
37927,6
37929,6
37931,6
37933,6
37934,6
37940,6
37948,6
37958,6
37963,6
37966,6
37967,6
37969,6
37976,6
37980,6
37983,6
37984,6
37985,6
37986,6
37988,6
37992,6
37993,6
37996,6
37999,6
38001,6
38002,6
38004,6
38007,6
38008,6
38010,6
38016,6
38018,6
38025,6
38027,6
38040,6
38050,6
38087,6
38088,6
38089,6
38101,6
38110,6
38112,6
38153,6
38161,6
38162,6
38177,6
38181,6
38186,6
38192,6
38201,6
38203,6
38206,6
38211,6
38217,6
38226,6
38246,6
38249,6
38250,6
38262,6
38272,6
38273,6
38276,6
38284,6
38291,6
38295,6
38299,6
38302,6
38313,6
38352,6
38354,6
38360,6
38363,6
38365,6
38367,6
38383,6
38384,6
38389,6
38390,6
38395,6
38397,6
38398,6
38409,6
38410,6
38412,6
38416,6
38422,6
38424,6
38427,6
38446,6
38451,6
38472,6
38483,6
38489,6
38527,6
38529,6
38533,6
38540,6
38549,6
38555,6
38558,6
38561,6
38562,6
38568,6
38569,6
38570,6
38571,6
38573,6
38610,6
38619,6
38622,6
38623,6
38624,6
38627,6
38629,6
38632,6
38653,6
38658,6
38659,6
38668,6
38673,6
38676,6
38683,6
38691,6
38693,6
38707,6
38720,6
38722,6
38733,6
38742,6
38745,6
38753,6
38767,6
38768,6
38770,6
38778,6
38787,6
38788,6
38790,6
38793,6
38803,6
38804,6
38814,6
38815,6
38828,6
38835,6
38837,6
38851,6
38881,6
38891,6
38895,6
38897,6
38899,6
38917,6
38924,6
38939,6
38954,6
38957,6
38958,6
38963,6
38990,6
38992,6
38993,6
38998,6
38999,6
39002,6
39003,6
39007,6
39011,6
39020,6
39026,6
39028,6
39030,6
39031,6
39033,6
39036,6
39039,6
39040,6
39046,6
39047,6
39049,6
39071,6
39094,6
39115,6
39188,6
39190,6
39194,6
39196,6
39217,6
39230,6
39250,6
39274,6
39277,6
39292,6
39295,6
39298,6
39315,6
39316,6
39325,6
39326,6
39328,6
39337,6
39339,6
39343,6
39344,6
39380,6
39397,6
39413,6
39419,6
39430,6
39431,6
39435,6
39436,6
39448,6
39456,6
39457,6
39464,6
39469,6
39470,6
39477,6
39482,6
39486,6
39528,6
39529,6
39538,6
39546,6
39547,6
39551,6
39570,6
39572,6
39581,6
39585,6
39586,6
39588,6
39590,6
39591,6
39605,6
39606,6
39607,6
39618,6
39620,6
39628,6
39635,6
39638,6
39643,6
39651,6
39652,6
39653,6
39654,6
39659,6
39664,6
39674,6
39676,6
39677,6
39678,6
39689,6
39705,6
39708,6
39709,6
39711,6
39721,6
39722,6
39725,6
39762,6
39764,6
39780,6
39783,6
39792,6
39799,6
39805,6
39810,6
39819,6
39833,6
39839,6
39849,6
39851,6
39861,6
39864,6
39893,6
39959,6
39960,6
39963,6
39978,6
39979,6
39987,6
39988,6
39990,6
39993,6
39995,6
40004,6
40008,6
40009,6
40010,6
40013,6
40014,6
40015,6
40029,6
40031,6
40040,6
40044,6
40045,6
40073,6
40076,6
40082,6
40085,6
40097,6
40100,6
40102,6
40103,6
40111,6
40117,6
40124,6
40129,6
40131,6
40136,6
40141,6
40142,6
40151,6
40166,6
40174,6
40178,6
40181,6
40197,6
40202,6
40208,6
40215,6
40223,6
40228,6
40249,6
40282,6
40312,6
40315,6
40323,6
40329,6
40342,6
40345,6
40346,6
40349,6
40351,6
40358,6
40365,6
40368,6
40369,6
40395,6
40397,6
40435,6
40436,6
40439,6
40440,6
40453,6
40460,6
40465,6
40469,6
40473,6
40478,6
40482,6
40483,6
40487,6
40513,6
40526,6
40532,6
40542,6
40567,6
40568,6
40578,6
40586,6
40589,6
40591,6
40620,6
40623,6
40636,6
40656,6
40659,6
40661,6
40708,6
40714,6
40716,6
40728,6
40749,6
40753,6
40755,6
40756,6
40758,6
40763,6
40769,6
40779,6
40784,6
40806,6
40807,6
40814,6
40832,6
40833,6
40835,6
40836,6
40839,6
40849,6
40852,6
40853,6
40854,6
40861,6
40863,6
40880,6
40881,6
40888,6
40893,6
40894,6
40917,6
40921,6
40930,6
40932,6
40936,6
40939,6
40953,6
40957,6
40960,6
40969,6
40974,6
40983,6
41008,6
41027,6
41028,6
41041,6
41043,6
41051,6
41052,6
41053,6
41054,6
41059,6
41060,6
41074,6
41075,6
41076,6
41093,6
41094,6
41096,6
41103,6
41111,6
41112,6
41113,6
41114,6
41116,6
41118,6
41119,6
41124,6
41136,6
41156,6
41158,6
41159,6
41160,6
41161,6
41168,6
41182,6
41184,6
41199,6
41218,6
41221,6
41226,6
41227,6
41250,6
41266,6
41271,6
41283,6
41285,6
41286,6
41299,6
41307,6
41325,6
41360,6
41361,6
41383,6
41384,6
41389,6
41399,6
41401,6
41402,6
41416,6
41421,6
41440,6
41454,6
41456,6
41458,6
41463,6
41470,6
41471,6
41477,6
41487,6
41488,6
41503,6
41504,6
41509,6
41511,6
41514,6
41520,6
41522,6
41529,6
41542,6
41546,6
41567,6
41595,6
41609,6
41611,6
41612,6
41623,6
41634,6
41655,6
41659,6
41686,6
41688,6
41734,6
41762,6
41776,6
41777,6
41778,6
41807,6
41812,6
41813,6
41822,6
41833,6
41851,6
41880,6
41916,6
41923,6
41926,6
41951,6
42004,6
42013,6
42014,6
42033,6
42042,6
42054,6
42055,6
42061,6
42071,6
42083,6
42109,6
42111,6
42114,6
42128,6
42135,6
42136,6
42137,6
42138,6
42139,6
42144,6
42145,6
42146,6
42147,6
42161,6
42164,6
42172,6
42176,6
42179,6
42181,6
42194,6
42198,6
42205,6
42206,6
42208,6
42211,6
42238,6
42250,6
42262,6
42263,6
42264,6
42282,6
42302,6
42319,6
42320,6
42321,6
42328,6
42329,6
42330,6
42331,6
42332,6
42333,6
42340,6
42345,6
42346,6
42347,6
42351,6
42357,6
42358,6
42361,6
42364,6
42387,6
42391,6
42395,6
42397,6
42400,6
42443,6
42444,6
42445,6
42446,6
42447,6
42448,6
42454,6
42455,6
42457,6
42458,6
42463,6
42466,6
42487,6
42490,6
42506,6
42513,6
42514,6
42516,6
42519,6
42540,6
42542,6
42546,6
42547,6
42571,6
42593,6
42640,6
42654,6
42657,6
42660,6
42670,6
42685,6
42697,6
42698,6
42726,6
42745,6
42753,6
42776,6
42797,6
42803,6
42812,6
42831,6
42862,6
42867,6
42870,6
42875,6
42876,6
42880,6
42885,6
42913,6
42914,6
42944,6
42946,6
42948,6
42949,6
42950,6
42956,6
42959,6
42962,6
42963,6
42966,6
42967,6
42969,6
42972,6
42989,6
42990,6
42994,6
42995,6
42996,6
42998,6
43001,6
43004,6
43007,6
43016,6
43217,6
43288,6
43321,6
43329,6
43333,6
43349,6
43350,6
43353,6
43356,6
43413,6
43416,6
43470,6
43483,6
43523,6
43550,6
43591,6
43608,6
43609,6
43653,6
43683,6
43684,6
43692,6
43693,6
43704,6
43722,6
43761,6
43769,6
43778,6
43779,6
43780,6
43807,6
43853,6
43861,6
43863,6
43866,6
43878,6
43881,6
43882,6
43883,6
43884,6
43885,6
43887,6
43889,6
43928,6
43929,6
43930,6
43947,6
43949,6
43969,6
43982,6
43983,6
43984,6
43985,6
43986,6
43987,6
43988,6
43989,6
43990,6
43991,6
43992,6
43993,6
43994,6
43995,6
43996,6
43997,6
43998,6
43999,6
44000,6
44001,6
44002,6
44003,6
44004,6
44005,6
44006,6
44007,6
44008,6
44009,6
44010,6
44011,6
44012,6
44013,6
44015,6
44016,6
44017,6
44025,6
44026,6
44040,6
44042,6
44069,6
44072,6
44073,6
44078,6
44079,6
44087,6
44089,6
44097,6
44100,6
44101,6
44103,6
44104,6
44105,6
44108,6
44109,6
44110,6
44111,6
44112,6
44114,6
44115,6
44116,6
44117,6
44118,6
44119,6
44121,6
44122,6
44123,6
44129,6
44130,6
44132,6
44133,6
44135,6
44136,6
44137,6
44138,6
44141,6
44182,6
44184,6
44185,6
44187,6
44221,6
44228,6
44235,6
44245,6
44248,6
44270,6
44276,6
44371,6
44406,6
44409,6
44450,6
44460,6
44461,6
44462,6
44500,6
44501,6
44502,6
44503,6
44504,6
44518,6
44520,6
44521,6
44522,6
44523,6
44525,6
44526,6
44529,6
44530,6
44542,6
44546,6
44547,6
44548,6
44550,6
44557,6
44558,6
44559,6
44560,6
44565,6
44573,6
44574,6
44576,6
44577,6
44580,6
44581,6
44582,6
44586,6
44588,6
44590,6
44591,6
44595,6
44596,6
44597,6
44609,6
44610,6
44611,6
44612,6
44613,6
44614,6
44616,6
44618,6
44619,6
44620,6
44625,6
44627,6
44628,6
44673,6
44676,6
44678,6
44679,6
44699,6
44700,6
44752,6
44767,6
44768,6
44775,6
44786,6
44830,6
44860,6
44861,6
44862,6
44868,6
44890,6
44902,6
44931,6
44935,6
44973,6
44974,6
44975,6
44976,6
44977,6
44983,6
45055,6
45059,6
45097,6
45119,6
45143,6
45144,6
45145,6
45146,6
45147,6
45148,6
45149,6
45173,6
45174,6
45204,6
45205,6
45207,6
45214,6
45220,6
45237,6
45238,6
45239,6
45240,6
45241,6
45246,6
45335,6
45337,6
45339,6
45344,6
45345,6
45347,6
45351,6
45355,6
45356,6
45357,6
45358,6
45359,6
45360,6
45361,6
45362,6
45363,6
45364,6
45365,6
45384,6
45385,6
45386,6
45387,6
45388,6
45389,6
45390,6
45391,6
45392,6
45393,6
45394,6
45395,6
45396,6
45397,6
45398,6
45399,6
45400,6
45468,6
45479,6
45485,6
45486,6
45489,6
45490,6
45517,6
45519,6
45521,6
45522,6
45523,6
45524,6
45526,6
45527,6
45528,6
45529,6
45530,6
45531,6
45532,6
45534,6
45535,6
45536,6
45556,6
45567,6
45587,6
45596,6
45598,6
45605,6
45613,6
45622,6
45653,6
45658,6
45700,6
45753,6
45782,6
45783,6
45894,6
45895,6
45924,6
45961,6
45967,6
45974,6
45975,6
45978,6
45981,6
45991,6
45999,6
46003,6
46004,6
46005,6
46023,6
46024,6
46026,6
46027,6
46028,6
46030,6
46032,6
46033,6
46034,6
46035,6
46036,6
46041,6
46046,6
46051,6
46053,6
46056,6
46059,6
46063,6
46064,6
46084,6
46089,6
46127,6
46132,6
46150,6
46190,6
46212,6
46225,6
46250,6
46269,6
46291,6
46294,6
46301,6
46343,6
46344,6
46359,6
46363,6
46364,6
46384,6
46385,6
46393,6
46410,6
46430,6
46431,6
46456,6
46457,6
46471,6
46488,6
46510,6
46514,6
46587,6
46630,6
46643,6
46644,6
46652,6
46701,6
46727,6
46729,6
46735,6
46787,6
46808,6
46810,6
46811,6
46857,6
46859,6
46860,6
46862,6
46864,6
46865,6
46866,6
46867,6
46868,6
46869,6
46870,6
46871,6
46873,6
46898,6
46914,6
46915,6
46916,6
46917,6
46935,6
46936,6
46951,6
46954,6
46959,6
46962,6
46965,6
47005,6
47017,6
47056,6
47068,6
47072,6
47073,6
47074,6
47076,6
47077,6
47116,6
47121,6
47130,6
47140,6
47143,6
47158,6
47159,6
47202,6
47208,6
47209,6
47225,6
47236,6
47244,6
47245,6
47246,6
47247,6
47248,6
47249,6
47257,6
47264,6
47265,6
47270,6
47274,6
47276,6
47277,6
47279,6
47283,6
47287,6
47288,6
47292,6
47329,6
47347,6
47356,6
47361,6
47366,6
47368,6
47373,6
47375,6
47392,6
47393,6
47394,6
47398,6
47413,6
47425,6
47436,6
47452,6
47460,6
47487,6
47501,6
47502,6
47503,6
47504,6
47510,6
47511,6
47518,6
47519,6
47523,6
47524,6
47527,6
47532,6
47533,6
47534,6
47535,6
47542,6
47544,6
47548,6
47549,6
47550,6
47558,6
47559,6
47560,6
47572,6
47573,6
47575,6
47581,6
47583,6
47584,6
47589,6
47594,6
47599,6
47614,6
47620,6
47621,6
47624,6
47626,6
47627,6
47653,6
47701,6
47712,6
47714,6
47716,6
47717,6
47728,6
47736,6
47749,6
47756,6
47758,6
47760,6
47765,6
47769,6
47777,6
47787,6
47811,6
47814,6
47815,6
47816,6
47819,6
47861,6
47862,6
47889,6
47890,6
47917,6
47927,6
47940,6
47985,6
47993,6
48000,6
48002,6
48003,6
48004,6
48063,6
48072,6
48115,6
48117,6
48123,6
48125,6
48126,6
48129,6
48143,6
48151,6
48155,6
48157,6
48159,6
48163,6
48172,6
48190,6
48192,6
48195,6
48208,6
48211,6
48212,6
48223,6
48227,6
48228,6
48235,6
48251,6
48252,6
48256,6
48258,6
48259,6
48260,6
48277,6
48280,6
48283,6
48284,6
48285,6
48289,6
48290,6
48303,6
48305,6
48307,6
48308,6
48311,6
48316,6
48323,6
48324,6
48335,6
48337,6
48344,6
48345,6
48346,6
48363,6
48365,6
48374,6
48409,6
48413,6
48426,6
48436,6
48455,6
48483,6
48486,6
48495,6
48508,6
48510,6
48517,6
48536,6
48539,6
48544,6
48548,6
48549,6
48573,6
48585,6
48590,6
48594,6
48610,6
48615,6
48616,6
48624,6
48627,6
48628,6
48640,6
48641,6
48643,6
48644,6
48672,6
48675,6
48694,6
48707,6
48735,6
48742,6
48753,6
48770,6
48775,6
48780,6
48784,6
48789,6
48790,6
48791,6
48842,6
48844,6
48851,6
48852,6
48859,6
48861,6
48872,6
48884,6
48897,6
48899,6
48904,6
48906,6
48907,6
48918,6
48919,6
48926,6
48947,6
48964,6
48979,6
48988,6
48992,6
48994,6
48997,6
49017,6
49026,6
49040,6
49065,6
49069,6
49071,6
49078,6
49079,6
49091,6
49112,6
49118,6
49119,6
49120,6
49121,6
49123,6
49125,6
49134,6
49138,6
49146,6
49160,6
49179,6
49208,6
49215,6
49220,6
49275,6
49318,6
49321,6
49326,6
49341,6
49354,6
49368,6
49369,6
49370,6
49379,6
49380,6
49385,6
49391,6
49392,6
49410,6
49457,6
49458,6
49470,6
49476,6
49483,6
49487,6
49495,6
49498,6
49501,6
49507,6
49509,6
49510,6
49515,6
49519,6
49520,6
49522,6
49523,6
49525,6
49549,6
49551,6
49555,6
49565,6
49567,6
49587,6
49590,6
49592,6
49598,6
49599,6
49605,6
49611,6
49614,6
49616,6
49620,6
49627,6
49633,6
49652,6
49670,6
49671,6
49690,6
49700,6
49708,6
49718,6
49721,6
49728,6
49735,6
49739,6
49755,6
49757,6
49771,6
49780,6
49784,6
49814,6
49842,6
49843,6
49847,6
49858,6
49860,6
49869,6
49871,6
49877,6
49889,6
49895,6
49907,6
49908,6
49909,6
49936,6
49939,6
49979,6
49983,6
49991,6
49992,6
50001,6
50010,6
50050,6
50052,6
50094,6
50105,6
50111,6
50126,6
50127,6
50141,6
50159,6
50172,6
50175,6
50191,6
50193,6
50194,6
50197,6
50201,6
50202,6
50217,6
50220,6
50240,6
50249,6
50250,6
50258,6
50265,6
50285,6
50287,6
50292,6
50293,6
50294,6
50295,6
50296,6
50297,6
50307,6
50319,6
50320,6
50325,6
50338,6
50347,6
50348,6
50380,6
50385,6
50388,6
50400,6
50401,6
50403,6
50404,6
50410,6
50411,6
50415,6
50419,6
50421,6
50430,6
50431,6
50438,6
50470,6
50473,6
50510,6
50529,6
50538,6
50562,6
50571,6
50572,6
50577,6
50583,6
50586,6
50598,6
50602,6
50606,6
50612,6
50631,6
50652,6
50662,6
50663,6
50673,6
50685,6
50691,6
50696,6
50703,6
50710,6
50738,6
50739,6
50760,6
50789,6
50790,6
50797,6
50799,6
50810,6
50840,6
50841,6
50842,6
50848,6
50854,6
50878,6
50880,6
50882,6
50891,6
50905,6
50920,6
50930,6
50934,6
50953,6
50955,6
50970,6
50972,6
50983,6
50985,6
50995,6
50997,6
50998,6
51000,6
51018,6
51035,6
51036,6
51037,6
51048,6
51086,6
51109,6
51121,6
51123,6
51132,6
51144,6
51149,6
51150,6
51152,6
51153,6
51156,6
51168,6
51183,6
51187,6
51190,6
51193,6
51200,6
51203,6
51210,6
51211,6
51212,6
51219,6
51225,6
51243,6
51246,6
51253,6
51261,6
51262,6
51265,6
51266,6
51271,6
51299,6
51304,6
51305,6
51309,6
51336,6
51338,6
51340,6
51345,6
51349,6
51366,6
51373,6
51387,6
51403,6
51405,6
51417,6
51424,6
51427,6
51458,6
51459,6
51460,6
51464,6
51465,6
51469,6
51496,6
51498,6
51500,6
51525,6
51531,6
51533,6
51538,6
51542,6
51543,6
51562,6
51584,6
51602,6
51632,6
51635,6
51636,6
51645,6
51646,6
51655,6
51656,6
51658,6
51661,6
51673,6
51678,6
51684,6
51685,6
51692,6
51693,6
51706,6
51738,6
51758,6
51759,6
51760,6
51766,6
51768,6
51772,6
51780,6
51782,6
51803,6
51815,6
51817,6
51837,6
51864,6
51870,6
51871,6
51880,6
51881,6
51889,6
51898,6
51901,6
51915,6
51916,6
51920,6
51937,6
51938,6
51939,6
51940,6
51955,6
51958,6
51986,6
51991,6
51997,6
52000,6
52002,6
52004,6
52006,6
52015,6
52022,6
52023,6
52025,6
52026,6
52030,6
52045,6
52051,6
52052,6
52053,6
52071,6
52076,6
52080,6
52081,6
52082,6
52162,6
52173,6
52178,6
52187,6
52192,6
52193,6
52198,6
52200,6
52210,6
52211,6
52225,6
52226,6
52228,6
52251,6
52281,6
52289,6
52291,6
52292,6
52293,6
52305,6
52318,6
52319,6
52337,6
52365,6
52367,6
52369,6
52370,6
52371,6
52389,6
52390,6
52401,6
52411,6
52421,6
52452,6
52460,6
52463,6
52466,6
52473,6
52479,6
52480,6
52482,6
52485,6
52488,6
52519,6
52520,6
52523,6
52545,6
52546,6
52551,6
52562,6
52573,6
52578,6
52595,6
52601,6
52605,6
52610,6
52612,6
52619,6
52621,6
52639,6
52642,6
52644,6
52645,6
52648,6
52649,6
52686,6
52687,6
52688,6
52701,6
52704,6
52705,6
52706,6
52709,6
52732,6
52741,6
52744,6
52751,6
52763,6
52769,6
52807,6
52812,6
52815,6
52838,6
52840,6
52844,6
52857,6
52864,6
52865,6
52869,6
52882,6
52900,6
52906,6
52934,6
52944,6
52962,6
52970,6
52973,6
52977,6
52985,6
52987,6
53005,6
53006,6
53011,6
53012,6
53019,6
53020,6
53022,6
53025,6
53032,6
53035,6
53040,6
53050,6
53055,6
53069,6
53074,6
53076,6
53077,6
53079,6
53084,6
53085,6
53087,6
53088,6
53089,6
53090,6
53109,6
53110,6
53115,6
53116,6
53117,6
53121,6
53131,6
53148,6
53163,6
53183,6
53200,6
53206,6
53222,6
53248,6
53262,6
53368,6
53371,6
53372,6
53379,6
53382,6
53391,6
53392,6
53402,6
53403,6
53406,6
53411,6
53414,6
53421,6
53426,6
53446,6
53448,6
53449,6
53450,6
53502,6
53512,6
53514,6
53573,6
53575,6
53580,6
53589,6
53593,6
53595,6
53606,6
53621,6
53632,6
53634,6
53654,6
53662,6
53673,6
53675,6
53676,6
53685,6
53686,6
53687,6
53709,6
53712,6
53723,6
53726,6
53727,6
53728,6
53740,6
53744,6
53745,6
53746,6
53756,6
53766,6
53802,6
53810,6
53817,6
53818,6
53819,6
53820,6
53828,6
53833,6
53844,6
53852,6
53859,6
53865,6
53868,6
53873,6
53874,6
53876,6
53878,6
53879,6
53880,6
53887,6
53888,6
53890,6
53902,6
53903,6
53905,6
53907,6
53912,6
53920,6
53936,6
53938,6
53939,6
53940,6
53942,6
53943,6
53944,6
53945,6
53948,6
53951,6
53953,6
53955,6
53956,6
53957,6
53958,6
53959,6
53961,6
53962,6
53967,6
53969,6
53970,6
53971,6
53976,6
53977,6
53979,6
53980,6
53981,6
53982,6
53983,6
53984,6
53985,6
53986,6
53987,6
53992,6
54013,6
54016,6
54018,6
54029,6
54030,6
54031,6
54032,6
54035,6
54041,6
54042,6
54050,6
54051,6
54052,6
54055,6
54058,6
54059,6
54060,6
54061,6
54071,6
54075,6
54084,6
54091,6
54094,6
54103,6
54105,6
54109,6
54112,6
54117,6
54120,6
54129,6
54131,6
54133,6
54135,6
54141,6
54177,6
54197,6
54198,6
54209,6
54210,6
54217,6
54218,6
54224,6
54225,6
54227,6
54228,6
54229,6
54234,6
54249,6
54259,6
54275,6
54284,6
54298,6
54340,6
54346,6
54354,6
54355,6
54381,6
54402,6
54403,6
54404,6
54431,6
54434,6
54475,6
54519,6
54534,6
54535,6
54565,6
54594,6
54595,6
54617,6
54632,6
54636,6
54647,6
54648,6
54656,6
54668,6
54683,6
54684,6
54692,6
54714,6
54722,6
54723,6
54724,6
54726,6
54730,6
54736,6
54744,6
54757,6
54761,6
54762,6
54772,6
54775,6
54778,6
54779,6
54781,6
54782,6
54786,6
54804,6
54805,6
54806,6
54807,6
54829,6
54832,6
54847,6
54848,6
54864,6
54871,6
54875,6
54877,6
54907,6
54914,6
54915,6
54916,6
54919,6
54928,6
54931,6
54933,6
54938,6
54949,6
54963,6
54972,6
54973,6
54974,6
54976,6
54989,6
54990,6
54992,6
54997,6
55004,6
55005,6
55008,6
55009,6
55023,6
55032,6
55033,6
55043,6
55044,6
55045,6
55048,6
55052,6
55059,6
55060,6
55063,6
55066,6
55067,6
55068,6
55071,6
55072,6
55076,6
55081,6
55093,6
55104,6
55107,6
55118,6
55119,6
55120,6
55129,6
55132,6
55150,6
55195,6
55219,6
55225,6
55237,6
55257,6
55258,6
55284,6
55289,6
55305,6
55310,6
55314,6
55317,6
55326,6
55339,6
55347,6
55348,6
55353,6
55355,6
55357,6
55362,6
55373,6
55453,6
55529,6
55530,6
55533,6
55538,6
55561,6
55564,6
55565,6
55572,6
55576,6
55577,6
55578,6
55580,6
55589,6
55593,6
55594,6
55602,6
55607,6
55615,6
55625,6
55636,6
55644,6
55647,6
55651,6
55656,6
55690,6
55697,6
55702,6
55709,6
55720,6
55724,6
55731,6
16,16
24,16
44,16
45,16
49,16
50,16
51,16
53,16
58,16
59,16
60,16
61,16
62,16
63,16
67,16
79,16
81,16
83,16
84,16
85,16
93,16
94,16
95,16
96,16
100,16
101,16
102,16
103,16
104,16
105,16
106,16
113,16
116,16
117,16
119,16
120,16
122,16
123,16
124,16
125,16
126,16
133,16
142,16
143,16
144,16
145,16
146,16
147,16
148,16
156,16
157,16
162,16
165,16
169,16
175,16
176,16
177,16
178,16
179,16
182,16
187,16
189,16
190,16
191,16
192,16
193,16
195,16
197,16
200,16
201,16
206,16
214,16
215,16
216,16
217,16
218,16
226,16
232,16
237,16
241,16
246,16
247,16
248,16
249,16
256,16
259,16
260,16
261,16
262,16
266,16
275,16
276,16
277,16
281,16
282,16
284,16
290,16
291,16
300,16
304,16
311,16
313,16
315,16
318,16
319,16
322,16
325,16
328,16
329,16
330,16
334,16
337,16
338,16
343,16
345,16
346,16
355,16
356,16
358,16
361,16
362,16
363,16
365,16
372,16
374,16
380,16
381,16
382,16
386,16
390,16
393,16
394,16
396,16
397,16
398,16
399,16
401,16
403,16
416,16
431,16
433,16
441,16
443,16
445,16
448,16
449,16
450,16
451,16
452,16
455,16
469,16
470,16
471,16
472,16
474,16
476,16
478,16
487,16
493,16
499,16
504,16
506,16
509,16
510,16
513,16
514,16
517,16
519,16
520,16
521,16
522,16
524,16
529,16
530,16
531,16
532,16
538,16
543,16
546,16
547,16
548,16
554,16
556,16
557,16
563,16
570,16
571,16
573,16
576,16
585,16
587,16
588,16
590,16
591,16
595,16
596,16
604,16
605,16
609,16
612,16
614,16
617,16
622,16
623,16
625,16
626,16
629,16
630,16
631,16
632,16
633,16
634,16
637,16
641,16
642,16
644,16
647,16
648,16
649,16
651,16
656,16
660,16
661,16
667,16
668,16
669,16
670,16
676,16
677,16
682,16
683,16
684,16
685,16
687,16
691,16
692,16
694,16
695,16
696,16
704,16
710,16
713,16
714,16
715,16
718,16
721,16
722,16
725,16
729,16
734,16
740,16
743,16
744,16
746,16
748,16
756,16
758,16
760,16
776,16
797,16
808,16
811,16
817,16
818,16
819,16
823,16
824,16
835,16
836,16
840,16
846,16
850,16
852,16
853,16
854,16
855,16
858,16
875,16
877,16
878,16
879,16
880,16
881,16
886,16
919,16
940,16
942,16
957,16
959,16
960,16
963,16
969,16
981,16
990,16
991,16
993,16
996,16
997,16
998,16
1003,16
1006,16
1007,16
1008,16
1011,16
1019,16
1020,16
1021,16
1029,16
1032,16
1033,16
1036,16
1039,16
1040,16
1041,16
1042,16
1053,16
1056,16
1065,16
1067,16
1070,16
1071,16
1079,16
1084,16
1086,16
1087,16
1088,16
1089,16
1103,16
1104,16
1110,16
1115,16
1124,16
1128,16
1129,16
1130,16
1140,16
1141,16
1142,16
1144,16
1146,16
1153,16
1174,16
1180,16
1182,16
1189,16
1191,16
1195,16
1198,16
1207,16
1210,16
1211,16
1216,16
1217,16
1218,16
1219,16
1220,16
1222,16
1224,16
1225,16
1226,16
1233,16
1234,16
1235,16
1239,16
1248,16
1250,16
1251,16
1252,16
1271,16
1275,16
1278,16
1293,16
1295,16
1311,16
1327,16
1328,16
1375,16
1380,16
1381,16
1383,16
1397,16
1405,16
1406,16
1452,16
1453,16
1454,16
1459,16
1481,16
1486,16
1488,16
1497,16
1509,16
1514,16
1516,16
1517,16
1530,16
1531,16
1532,16
1533,16
1539,16
1540,16
1543,16
1546,16
1552,16
1555,16
1563,16
1567,16
1568,16
1569,16
1570,16
1578,16
1579,16
1581,16
1588,16
1591,16
1592,16
1607,16
1617,16
1619,16
1624,16
1625,16
1637,16
1640,16
1644,16
1648,16
1654,16
1679,16
1688,16
1689,16
1691,16
1692,16
1698,16
1699,16
1701,16
1711,16
1718,16
1720,16
1721,16
1722,16
1723,16
1725,16
1727,16
1732,16
1734,16
1744,16
1749,16
1750,16
1786,16
1790,16
1799,16
1808,16
1810,16
1815,16
1817,16
1836,16
1838,16
1840,16
1846,16
1847,16
1853,16
1864,16
1866,16
1868,16
1869,16
1872,16
1874,16
1893,16
1901,16
1904,16
1905,16
1906,16
1908,16
1909,16
1912,16
1914,16
1920,16
1921,16
1922,16
1923,16
1924,16
1925,16
1935,16
1936,16
1944,16
1946,16
1949,16
1957,16
1965,16
1968,16
1988,16
1998,16
2008,16
2012,16
2026,16
2027,16
2029,16
2034,16
2035,16
2037,16
2041,16
2043,16
2044,16
2045,16
2046,16
2049,16
2052,16
2059,16
2071,16
2082,16
2089,16
2090,16
2091,16
2092,16
2093,16
2096,16
2098,16
2101,16
2104,16
2105,16
2129,16
2132,16
2139,16
2146,16
2147,16
2148,16
2155,16
2167,16
2170,16
2174,16
2179,16
2180,16
2193,16
2198,16
2210,16
2217,16
2218,16
2219,16
2221,16
2224,16
2231,16
2236,16
2238,16
2245,16
2259,16
2294,16
2312,16
2332,16
2333,16
2334,16
2383,16
2387,16
2417,16
2419,16
2454,16
2458,16
2459,16
2460,16
2468,16
2476,16
2485,16
2486,16
2491,16
2492,16
2517,16
2523,16
2526,16
2527,16
2534,16
2535,16
2536,16
2538,16
2542,16
2543,16
2557,16
2564,16
2579,16
2595,16
2609,16
2615,16
2621,16
2685,16
2712,16
2730,16
2762,16
2768,16
2771,16
2777,16
2784,16
2787,16
2788,16
2793,16
2795,16
2799,16
2816,16
2817,16
2825,16
2838,16
2911,16
2924,16
2926,16
2927,16
2966,16
2993,16
3011,16
3021,16
3022,16
3024,16
3026,16
3036,16
3043,16
3051,16
3057,16
3076,16
3078,16
3081,16
3088,16
3090,16
3092,16
3115,16
3120,16
3125,16
3157,16
3159,16
3174,16
3182,16
3186,16
3194,16
3210,16
3229,16
3247,16
3265,16
3266,16
3298,16
3299,16
3306,16
3318,16
3335,16
3345,16
3370,16
3375,16
3392,16
3394,16
3396,16
3419,16
3455,16
3456,16
3457,16
3464,16
3467,16
3470,16
3483,16
3484,16
3488,16
3497,16
3501,16
3503,16
3508,16
3513,16
3558,16
3565,16
3572,16
3597,16
3605,16
3613,16
3615,16
3619,16
3627,16
3641,16
3654,16
3661,16
3690,16
3701,16
3712,16
3731,16
3744,16
3759,16
3782,16
3806,16
3807,16
3809,16
3813,16
3868,16
3889,16
3907,16
3910,16
3914,16
3948,16
3952,16
3965,16
3976,16
4015,16
4059,16
4066,16
4069,16
4113,16
4163,16
4166,16
4181,16
4188,16
4189,16
4192,16
4199,16
4205,16
4213,16
4214,16
4218,16
4224,16
4246,16
4282,16
4306,16
4451,16
4452,16
4477,16
4483,16
4484,16
4485,16
4508,16
4513,16
4535,16
4551,16
4614,16
4638,16
4644,16
4688,16
4703,16
4713,16
4720,16
4722,16
4723,16
4744,16
4752,16
4789,16
4804,16
4814,16
4886,16
4917,16
4927,16
4938,16
4997,16
4999,16
5039,16
5042,16
5065,16
5072,16
5081,16
5085,16
5107,16
5112,16
5150,16
5155,16
5167,16
5204,16
5205,16
5216,16
5278,16
5288,16
5293,16
5310,16
5332,16
5341,16
5415,16
5447,16
5504,16
5507,16
5521,16
5534,16
5597,16
5620,16
5630,16
5640,16
5678,16
5690,16
5702,16
5733,16
5734,16
5772,16
5774,16
5799,16
5835,16
5854,16
5865,16
5904,16
5927,16
5941,16
5956,16
5958,16
5984,16
5990,16
5992,16
6007,16
6023,16
6045,16
6060,16
6065,16
6095,16
6098,16
6117,16
6129,16
6164,16
6165,16
6166,16
6182,16
6187,16
6203,16
6205,16
6219,16
6268,16
6324,16
6346,16
6347,16
6351,16
6366,16
6372,16
6408,16
6419,16
6479,16
6489,16
6496,16
6505,16
6512,16
6535,16
6567,16
6571,16
6572,16
6591,16
6594,16
6609,16
6624,16
6637,16
6709,16
6712,16
6726,16
6747,16
6773,16
6783,16
6791,16
6811,16
6927,16
6948,16
6985,16
6987,16
7054,16
7066,16
7148,16
7222,16
7333,16
7366,16
7376,16
7377,16
7396,16
7430,16
7474,16
7475,16
7482,16
7504,16
7559,16
7575,16
7578,16
7579,16
7590,16
7593,16
7647,16
7668,16
7674,16
7769,16
7781,16
7785,16
7805,16
7808,16
7817,16
7953,16
8038,16
8063,16
8190,16
8230,16
8233,16
8258,16
8310,16
8324,16
8407,16
8425,16
8426,16
8476,16
8481,16
8516,16
8524,16
8525,16
8533,16
8536,16
8538,16
8542,16
8560,16
8577,16
8630,16
8643,16
8663,16
8676,16
8713,16
8756,16
8765,16
8767,16
8768,16
8861,16
8889,16
8890,16
8891,16
8900,16
8934,16
9000,16
9005,16
9014,16
9074,16
9117,16
9212,16
9242,16
9243,16
9244,16
9330,16
9333,16
9335,16
9347,16
9348,16
9351,16
9353,16
9367,16
9496,16
9500,16
9542,16
9587,16
9611,16
9618,16
9624,16
9656,16
9736,16
9741,16
9750,16
9760,16
9790,16
9887,16
9922,16
9926,16
9943,16
9988,16
9998,16
10020,16
10029,16
10030,16
10036,16
10045,16
10079,16
10080,16
10110,16
10152,16
10178,16
10180,16
10213,16
10219,16
10236,16
10259,16
10321,16
10334,16
10373,16
10384,16
10397,16
10408,16
10435,16
10447,16
10460,16
10481,16
10536,16
10547,16
10582,16
10594,16
10595,16
10604,16
10611,16
10719,16
10723,16
10810,16
10834,16
10897,16
10928,16
10933,16
10934,16
10943,16
11001,16
11013,16
11101,16
11123,16
11135,16
11161,16
11179,16
11221,16
11235,16
11313,16
11319,16
11433,16
11445,16
11499,16
11547,16
11617,16
11739,16
11757,16
11759,16
11837,16
11887,16
11919,16
11933,16
12067,16
12131,16
12175,16
12279,16
12291,16
12293,16
12365,16
12445,16
12461,16
12467,16
12531,16
12549,16
12565,16
12579,16
12581,16
12663,16
12669,16
12673,16
12695,16
12711,16
12729,16
12857,16
12881,16
12967,16
13055,16
13093,16
13299,16
13349,16
13357,16
13367,16
13585,16
13629,16
13659,16
13663,16
13731,16
13757,16
13759,16
13767,16
13833,16
13851,16
13931,16
13939,16
14027,16
14049,16
14183,16
14189,16
14199,16
14227,16
14231,16
14247,16
14277,16
14289,16
14293,16
14515,16
14645,16
14669,16
14685,16
14713,16
14741,16
14749,16
14751,16
14753,16
14813,16
14827,16
14833,16
14893,16
14921,16
14967,16
15045,16
15085,16
15117,16
15177,16
15225,16
15325,16
15379,16
15391,16
15411,16
15451,16
15583,16
15605,16
15609,16
15689,16
15717,16
15719,16
15895,16
15951,16
16001,16
16011,16
16067,16
16149,16
16201,16
16273,16
16319,16
16353,16
16355,16
16397,16
16528,16
16586,16
16608,16
16662,16
16694,16
16706,16
16782,16
16866,16
16868,16
16870,16
16934,16
16954,16
16982,16
17020,16
17074,16
17409,16
17635,16
17641,16
17729,16
17741,16
17743,16
17777,16
17827,16
17871,16
17875,16
17895,16
18001,16
18039,16
18045,16
18053,16
18071,16
18095,16
18195,16
18245,16
18479,16
18655,16
18661,16
18671,16
18677,16
18683,16
18729,16
18753,16
18841,16
18857,16
18897,16
19021,16
19117,16
19151,16
19163,16
19221,16
19251,16
19351,16
19495,16
19559,16
19575,16
19631,16
19685,16
19747,16
19897,16
19921,16
19923,16
20047,16
20371,16
20457,16
20517,16
20541,16
20649,16
20673,16
20785,16
20815,16
20853,16
20939,16
21041,16
21105,16
21121,16
21439,16
21563,16
21647,16
21677,16
21679,16
21775,16
21781,16
21845,16
21881,16
21995,16
22057,16
22071,16
22101,16
22231,16
22271,16
22295,16
22411,16
22663,16
22693,16
22745,16
22785,16
22877,16
22893,16
22961,16
23079,16
23153,16
23227,16
23233,16
23265,16
23273,16
23277,16
23289,16
23363,16
23423,16
23441,16
23447,16
23579,16
23615,16
23621,16
23673,16
23701,16
23847,16
23903,16
23985,16
24133,16
24135,16
24151,16
24175,16
24227,16
24231,16
24257,16
24261,16
24451,16
24455,16
24627,16
24655,16
24703,16
24705,16
24873,16
25013,16
25033,16
25065,16
25079,16
25099,16
25157,16
25265,16
25375,16
25397,16
25429,16
25437,16
25517,16
25623,16
25649,16
25681,16
25815,16
25839,16
25879,16
26019,16
26023,16
26043,16
26189,16
26265,16
26349,16
26351,16
26441,16
27601,16
27619,16
27633,16
27693,16
27757,16
27775,16
27787,16
27945,16
28013,16
28041,16
28047,16
28235,16
28251,16
28285,16
28297,16
28299,16
28311,16
28385,16
28675,16
28677,16
28713,16
28725,16
28819,16
28959,16
28979,16
29027,16
29067,16
29089,16
29095,16
29129,16
29317,16
29363,16
29453,16
29527,16
29529,16
29589,16
29615,16
29635,16
29637,16
29785,16
29835,16
29855,16
29870,16
29876,16
29976,16
30014,16
30015,16
30036,16
30123,16
30165,16
30196,16
30240,16
30262,16
30296,16
30300,16
30307,16
30346,16
30363,16
30365,16
30381,16
30382,16
30383,16
30544,16
30647,16
30709,16
30727,16
30749,16
30771,16
30813,16
30895,16
30907,16
30909,16
30970,16
31109,16
31173,16
31178,16
31245,16
31319,16
31338,16
31380,16
31404,16
31414,16
31452,16
31456,16
31483,16
31491,16
31499,16
31521,16
31711,16
31715,16
31716,16
31733,16
31737,16
31763,16
31785,16
31797,16
31798,16
31845,16
31865,16
31925,16
31952,16
31977,16
31980,16
32105,16
32202,16
32215,16
32218,16
32256,16
32262,16
32264,16
32287,16
32294,16
32323,16
32422,16
32485,16
32553,16
32600,16
32601,16
32603,16
32697,16
32698,16
32729,16
32879,16
32899,16
32901,16
32932,16
32948,16
32949,16
33036,16
33048,16
33056,16
33087,16
33102,16
33113,16
33161,16
33175,16
33181,16
33203,16
33209,16
33219,16
33232,16
33241,16
33242,16
33247,16
33299,16
33323,16
33354,16
33378,16
33396,16
33419,16
33446,16
33487,16
33502,16
33581,16
33654,16
33674,16
33743,16
33836,16
33850,16
33925,16
34003,16
34016,16
34126,16
34136,16
34151,16
34173,16
34209,16
34279,16
34280,16
34281,16
34318,16
34337,16
34382,16
34383,16
34403,16
34430,16
34498,16
34537,16
34602,16
34658,16
34675,16
34822,16
34823,16
34830,16
34881,16
34902,16
34934,16
34972,16
34984,16
35000,16
35049,16
35062,16
35159,16
35203,16
35204,16
35228,16
35237,16
35251,16
35252,16
35320,16
35338,16
35367,16
35368,16
35413,16
35434,16
35466,16
35484,16
35602,16
35608,16
35626,16
35627,16
35628,16
35639,16
35645,16
35650,16
35712,16
35746,16
35770,16
35849,16
35928,16
35960,16
35968,16
35988,16
35996,16
36021,16
36032,16
36038,16
36043,16
36098,16
36160,16
36185,16
36198,16
36204,16
36214,16
36220,16
36229,16
36305,16
36407,16
36455,16
36470,16
36491,16
36492,16
36516,16
36528,16
36539,16
36542,16
36545,16
36560,16
36578,16
36632,16
36633,16
36644,16
36688,16
36705,16
36726,16
36754,16
36771,16
36775,16
36792,16
36793,16
36823,16
36824,16
36834,16
36840,16
36848,16
36864,16
36885,16
36950,16
36976,16
37044,16
37073,16
37150,16
37152,16
37164,16
37176,16
37181,16
37197,16
37207,16
37209,16
37266,16
37277,16
37280,16
37345,16
37377,16
37396,16
37450,16
37475,16
37497,16
37564,16
37595,16
37597,16
37608,16
37618,16
37619,16
37620,16
37711,16
37716,16
37719,16
37737,16
37740,16
37776,16
37786,16
37823,16
37826,16
37886,16
37910,16
37928,16
37937,16
37938,16
37956,16
37982,16
37983,16
37986,16
37992,16
37997,16
38017,16
38019,16
38020,16
38080,16
38082,16
38098,16
38100,16
38101,16
38164,16
38186,16
38212,16
38226,16
38251,16
38272,16
38285,16
38329,16
38331,16
38347,16
38349,16
38357,16
38403,16
38409,16
38410,16
38435,16
38436,16
38464,16
38473,16
38483,16
38491,16
38533,16
38555,16
38556,16
38561,16
38594,16
38677,16
38680,16
38735,16
38740,16
38741,16
38753,16
38778,16
38814,16
38816,16
38821,16
38824,16
38826,16
38854,16
38889,16
38917,16
38992,16
39017,16
39022,16
39080,16
39095,16
39141,16
39175,16
39188,16
39264,16
39272,16
39326,16
39329,16
39333,16
39337,16
39364,16
39385,16
39513,16
39533,16
39545,16
39547,16
39559,16
39569,16
39710,16
39720,16
39731,16
39753,16
39767,16
39783,16
39790,16
39799,16
39819,16
39905,16
39912,16
39957,16
39963,16
39999,16
40004,16
40024,16
40062,16
40075,16
40233,16
40254,16
40286,16
40314,16
40333,16
40417,16
40421,16
40429,16
40497,16
40530,16
40595,16
40602,16
40603,16
40615,16
40632,16
40638,16
40657,16
40707,16
40708,16
40728,16
40734,16
40746,16
40747,16
40787,16
40793,16
40806,16
40807,16
40835,16
40839,16
40876,16
40893,16
40904,16
40905,16
40909,16
40936,16
40938,16
40966,16
40991,16
41005,16
41041,16
41103,16
41168,16
41195,16
41221,16
41223,16
41278,16
41285,16
41340,16
41389,16
41461,16
41511,16
41528,16
41545,16
41589,16
41622,16
41660,16
41710,16
41786,16
41802,16
41812,16
41854,16
41884,16
42004,16
42172,16
42176,16
42183,16
42214,16
42266,16
42282,16
42297,16
42380,16
42381,16
42414,16
42431,16
42435,16
42481,16
42483,16
42517,16
42519,16
42629,16
42632,16
42667,16
42714,16
42780,16
42786,16
42792,16
42794,16
42798,16
42826,16
42897,16
42898,16
42938,16
42963,16
43007,16
43291,16
43470,16
43608,16
43779,16
43867,16
43969,16
44006,16
44037,16
44044,16
44046,16
44060,16
44062,16
44096,16
44097,16
44203,16
44204,16
44221,16
44270,16
44390,16
44412,16
44505,16
44506,16
44507,16
44508,16
44509,16
44516,16
44524,16
44669,16
44681,16
44688,16
44725,16
44833,16
44869,16
44931,16
45041,16
45055,16
45196,16
45596,16
45598,16
45599,16
45604,16
45613,16
45653,16
45969,16
46422,16
46431,16
46471,16
46701,16
46985,16
47158,16
47402,16
47409,16
47790,16
47795,16
47972,16
48235,16
48305,16
48318,16
48421,16
48537,16
48548,16
48570,16
48573,16
48643,16
48675,16
48694,16
48736,16
48832,16
48866,16
48875,16
48917,16
48945,16
48962,16
49053,16
49059,16
49118,16
49223,16
49274,16
49305,16
49310,16
49386,16
49430,16
49457,16
49470,16
49518,16
49520,16
49550,16
49569,16
49590,16
49683,16
49718,16
49774,16
49830,16
49834,16
49835,16
49842,16
49847,16
49930,16
49979,16
49980,16
49981,16
49982,16
50039,16
50048,16
50055,16
50110,16
50150,16
50201,16
50220,16
50239,16
50244,16
50249,16
50271,16
50274,16
50275,16
50306,16
50307,16
50346,16
50403,16
50425,16
50521,16
50575,16
50603,16
50606,16
50613,16
50621,16
50640,16
50652,16
50667,16
50710,16
50713,16
50739,16
50796,16
50803,16
50923,16
51038,16
51059,16
51086,16
51122,16
51133,16
51135,16
51203,16
51210,16
51215,16
51280,16
51343,16
51403,16
51417,16
51455,16
51456,16
51466,16
51495,16
51498,16
51521,16
51531,16
51533,16
51552,16
51617,16
51632,16
51705,16
51769,16
51782,16
51808,16
51815,16
51821,16
51897,16
52080,16
52082,16
52173,16
52186,16
52196,16
52198,16
52251,16
52289,16
52305,16
52308,16
52401,16
52480,16
52481,16
52552,16
52573,16
52578,16
52608,16
52610,16
52639,16
52687,16
52697,16
52698,16
52700,16
52709,16
52822,16
52863,16
52865,16
52879,16
52934,16
52955,16
52961,16
52962,16
52967,16
52971,16
52973,16
52990,16
53014,16
53025,16
53040,16
53050,16
53065,16
53097,16
53126,16
53128,16
53129,16
53153,16
53260,16
53300,16
53334,16
53355,16
53379,16
53402,16
53434,16
53438,16
53488,16
53512,16
53529,16
53584,16
53585,16
53632,16
53645,16
53650,16
53667,16
53679,16
53720,16
53833,16
53835,16
53865,16
53905,16
53958,16
54075,16
54232,16
54259,16
54265,16
54275,16
54285,16
54428,16
54455,16
54504,16
54583,16
54632,16
54643,16
54694,16
54714,16
54726,16
54739,16
54740,16
54744,16
54768,16
54773,16
54775,16
54779,16
54791,16
54808,16
54829,16
54842,16
54846,16
54855,16
54856,16
54870,16
54880,16
54893,16
54915,16
54916,16
54925,16
54938,16
55009,16
55071,16
55089,16
55107,16
55117,16
55127,16
55131,16
55140,16
55150,16
55151,16
55239,16
55284,16
55342,16
55571,16
55576,16
55578,16
55579,16
55596,16
55597,16
55634,16
55643,16
55651,16
55690,16
54693,16
55719,16
55721,16
55722,16
55723,16
55726,16
17,18
57,18
66,18
105,18
240,18
242,18
253,18
254,18
255,18
273,18
328,18
346,18
412,18
415,18
456,18
457,18
477,18
485,18
486,18
488,18
489,18
611,18
685,18
695,18
709,18
718,18
723,18
776,18
799,18
800,18
818,18
841,18
863,18
932,18
943,18
951,18
962,18
965,18
975,18
976,18
1004,18
1014,18
1025,18
1040,18
1083,18
1093,18
1126,18
1166,18
1198,18
1206,18
1214,18
1221,18
1375,18
1524,18
1547,18
1593,18
1617,18
1663,18
1679,18
1718,18
1728,18
1804,18
1839,18
1852,18
1858,18
1869,18
1888,18
1893,18
1926,18
1953,18
1982,18
2004,18
2038,18
2055,18
2075,18
2082,18
2093,18
2098,18
2102,18
2133,18
2150,18
2166,18
2180,18
2218,18
2222,18
2223,18
2406,18
2486,18
2495,18
2526,18
2544,18
2546,18
2548,18
2549,18
2552,18
2553,18
2554,18
2555,18
2558,18
2559,18
2563,18
2570,18
2573,18
2575,18
2576,18
2577,18
2580,18
2751,18
2767,18
2771,18
2800,18
2801,18
2802,18
2805,18
2828,18
2829,18
2830,18
2831,18
2832,18
2912,18
2931,18
2942,18
2950,18
2953,18
2963,18
3006,18
3020,18
3113,18
3120,18
3162,18
3164,18
3165,18
3167,18
3182,18
3196,18
3199,18
3219,18
3225,18
3297,18
3312,18
3335,18
3345,18
3425,18
3449,18
3462,18
3513,18
3516,18
3517,18
3570,18
3604,18
3691,18
3823,18
3835,18
3841,18
3878,18
3975,18
4054,18
4081,18
4091,18
4132,18
4136,18
4138,18
4201,18
4202,18
4383,18
4418,18
4419,18
4483,18
4511,18
4550,18
4591,18
4660,18
4772,18
4782,18
4811,18
4936,18
4991,18
5056,18
5085,18
5116,18
5162,18
5163,18
5196,18
5203,18
5244,18
5299,18
5300,18
5304,18
5374,18
5415,18
5468,18
5472,18
5473,18
5492,18
5534,18
5535,18
5618,18
5670,18
5671,18
5712,18
5713,18
5799,18
5865,18
5914,18
5992,18
5997,18
6024,18
6095,18
6116,18
6148,18
6149,18
6150,18
6187,18
6195,18
6209,18
6219,18
6251,18
6266,18
6366,18
6397,18
6468,18
6491,18
6509,18
6520,18
6525,18
6571,18
6574,18
6604,18
6625,18
6629,18
6630,18
6657,18
6688,18
6709,18
6759,18
6802,18
6822,18
6885,18
6890,18
6935,18
6947,18
6959,18
6984,18
7062,18
7164,18
7176,18
7465,18
7518,18
7547,18
7571,18
7575,18
7597,18
7616,18
7627,18
7629,18
7643,18
7709,18
7759,18
7770,18
7807,18
7877,18
7904,18
7955,18
7972,18
7980,18
7981,18
8120,18
8142,18
8178,18
8197,18
8234,18
8235,18
8345,18
8360,18
8361,18
8365,18
8366,18
8367,18
8431,18
8518,18
8557,18
8603,18
8626,18
8631,18
8661,18
8669,18
8671,18
8701,18
8713,18
8719,18
8726,18
8729,18
8743,18
8754,18
8829,18
8842,18
8848,18
8925,18
9013,18
9055,18
9119,18
9175,18
9213,18
9344,18
9348,18
9379,18
9396,18
9423,18
9441,18
9499,18
9510,18
9518,18
9535,18
9563,18
9689,18
9734,18
9774,18
9777,18
9886,18
9931,18
9934,18
9938,18
9955,18
9957,18
10122,18
10162,18
10232,18
10361,18
10378,18
10379,18
10407,18
10460,18
10481,18
10502,18
10511,18
10671,18
10709,18
10737,18
10804,18
10819,18
10822,18
10823,18
10824,18
10825,18
10832,18
10850,18
10859,18
10884,18
10887,18
10905,18
10918,18
10943,18
10953,18
10958,18
11049,18
11113,18
11237,18
11268,18
11491,18
11615,18
11665,18
11699,18
11739,18
11793,18
12021,18
12119,18
12123,18
12137,18
12141,18
12189,18
12291,18
12355,18
12391,18
12393,18
12771,18
12815,18
12883,18
12921,18
12981,18
13083,18
13085,18
13159,18
13173,18
13177,18
13179,18
13215,18
13267,18
13283,18
13299,18
13333,18
13373,18
13375,18
13377,18
13427,18
13469,18
13495,18
13551,18
13563,18
13639,18
13727,18
13817,18
13819,18
13821,18
13823,18
13825,18
13827,18
13831,18
14045,18
14237,18
14355,18
14511,18
14575,18
14627,18
14693,18
14811,18
14949,18
15051,18
15061,18
15077,18
15159,18
15313,18
15431,18
15533,18
15535,18
15607,18
15649,18
15731,18
15749,18
15771,18
15775,18
15781,18
15979,18
15989,18
16123,18
16169,18
16263,18
16273,18
16319,18
16371,18
16373,18
16377,18
16417,18
16458,18
16482,18
16530,18
16690,18
16730,18
16732,18
16738,18
16910,18
17082,18
17106,18
17121,18
17159,18
17161,18
17163,18
17237,18
17341,18
17351,18
17359,18
17397,18
17423,18
17549,18
17573,18
17637,18
17697,18
17733,18
17739,18
17749,18
17753,18
17833,18
17855,18
17891,18
17909,18
17957,18
18099,18
18119,18
18205,18
18353,18
18411,18
18469,18
18495,18
18573,18
18575,18
18577,18
18629,18
18635,18
18781,18
18849,18
18907,18
18953,18
19069,18
19111,18
19133,18
19135,18
19233,18
19337,18
19445,18
19495,18
19585,18
19627,18
19811,18
19817,18
19841,18
19849,18
19897,18
19905,18
19919,18
19953,18
19961,18
20001,18
20003,18
20077,18
20079,18
20081,18
20093,18
20095,18
20109,18
20117,18
20123,18
20127,18
20145,18
20147,18
20205,18
20221,18
20239,18
20241,18
20243,18
20267,18
20505,18
20539,18
20555,18
20651,18
20671,18
20703,18
20745,18
20755,18
20797,18
20843,18
20903,18
20909,18
20931,18
20951,18
20999,18
21041,18
21067,18
21073,18
21267,18
21273,18
21325,18
21327,18
21329,18
21405,18
21435,18
21483,18
21485,18
21487,18
21489,18
21491,18
21493,18
21511,18
21549,18
21635,18
21647,18
21649,18
21667,18
21681,18
21737,18
21851,18
21853,18
21939,18
22189,18
22219,18
22275,18
22325,18
22465,18
22503,18
22675,18
22699,18
22757,18
22785,18
22789,18
22791,18
22819,18
22839,18
22959,18
22991,18
22993,18
22995,18
23003,18
23005,18
23031,18
23043,18
23085,18
23121,18
23125,18
23135,18
23151,18
23209,18
23213,18
23267,18
23285,18
23303,18
23343,18
23345,18
23393,18
23401,18
23427,18
23433,18
23439,18
23551,18
23569,18
23581,18
23585,18
23593,18
23613,18
23621,18
23623,18
23647,18
23679,18
23733,18
23741,18
23861,18
23869,18
23871,18
23897,18
23899,18
23901,18
23973,18
23979,18
23985,18
24121,18
24437,18
24443,18
24629,18
24645,18
24647,18
24663,18
24679,18
24681,18
24687,18
24701,18
24713,18
24765,18
24773,18
24775,18
24807,18
24821,18
24855,18
24865,18
24869,18
24913,18
24935,18
24969,18
24975,18
24989,18
24997,18
25033,18
25069,18
25071,18
25073,18
25075,18
25083,18
25085,18
25087,18
25089,18
25101,18
25109,18
25139,18
25265,18
25271,18
25301,18
25377,18
25439,18
25441,18
25589,18
25601,18
25661,18
25719,18
25729,18
25867,18
25871,18
25915,18
25941,18
26085,18
26163,18
26213,18
26347,18
27399,18
27405,18
27419,18
27525,18
27619,18
27681,18
27709,18
27741,18
27789,18
27887,18
28077,18
28179,18
28347,18
28353,18
28361,18
28387,18
28401,18
28433,18
28483,18
28485,18
28615,18
28665,18
28835,18
28861,18
28911,18
28913,18
28915,18
28957,18
28959,18
28981,18
29003,18
29017,18
29099,18
29163,18
29209,18
29301,18
29323,18
29347,18
29349,18
29363,18
29385,18
29391,18
29395,18
29397,18
29469,18
29471,18
29473,18
29487,18
29511,18
29513,18
29515,18
29722,18
29731,18
29742,18
29743,18
29752,18
29787,18
29825,18
29829,18
29830,18
29831,18
29893,18
29979,18
30048,18
30049,18
30053,18
30088,18
30118,18
30127,18
30148,18
30149,18
30150,18
30151,18
30152,18
30153,18
30154,18
30249,18
30267,18
30289,18
30292,18
30309,18
30342,18
30355,18
30358,18
30375,18
30376,18
30378,18
30384,18
30386,18
30392,18
30393,18
30394,18
30437,18
30455,18
30499,18
30649,18
30651,18
30652,18
30705,18
30732,18
30743,18
30746,18
30762,18
30771,18
30795,18
30803,18
30826,18
30829,18
30851,18
30875,18
30906,18
30907,18
30919,18
30961,18
30971,18
30988,18
31019,18
31020,18
31044,18
31055,18
31080,18
31091,18
31107,18
31111,18
31121,18
31139,18
31143,18
31144,18
31164,18
31202,18
31244,18
31252,18
31361,18
31376,18
31377,18
31410,18
31463,18
31485,18
31498,18
31512,18
31537,18
31549,18
31551,18
31560,18
31564,18
31581,18
31599,18
31618,18
31621,18
31643,18
31646,18
31672,18
31683,18
31696,18
31697,18
31753,18
31771,18
31777,18
31804,18
31848,18
31883,18
31909,18
31919,18
31971,18
31977,18
32010,18
32013,18
32093,18
32107,18
32142,18
32143,18
32144,18
32145,18
32146,18
32147,18
32148,18
32149,18
32151,18
32175,18
32190,18
32251,18
32259,18
32309,18
32353,18
32397,18
32461,18
32491,18
32526,18
32547,18
32571,18
32607,18
32664,18
32673,18
32717,18
32733,18
32734,18
32738,18
32806,18
32828,18
32832,18
32916,18
32954,18
32959,18
32983,18
32993,18
32999,18
33023,18
33033,18
33034,18
33035,18
33099,18
33122,18
33156,18
33157,18
33173,18
33174,18
33183,18
33188,18
33206,18
33219,18
33239,18
33240,18
33241,18
33245,18
33273,18
33280,18
33362,18
33447,18
33454,18
33474,18
33479,18
33491,18
33535,18
33537,18
33659,18
33669,18
33681,18
33770,18
33782,18
33789,18
33818,18
33854,18
33884,18
33902,18
33903,18
33904,18
33939,18
33940,18
33941,18
33948,18
33949,18
33986,18
34012,18
34050,18
34076,18
34078,18
34091,18
34092,18
34116,18
34117,18
34118,18
34121,18
34148,18
34177,18
34201,18
34208,18
34213,18
34224,18
34257,18
34295,18
34304,18
34328,18
34332,18
34358,18
34363,18
34367,18
34374,18
34375,18
34376,18
34392,18
34393,18
34394,18
34402,18
34427,18
34476,18
34481,18
34494,18
34525,18
34534,18
34591,18
34600,18
34623,18
34692,18
34693,18
34697,18
34699,18
34708,18
34711,18
34726,18
34733,18
34744,18
34746,18
34754,18
34757,18
34790,18
34798,18
34800,18
34802,18
34826,18
34831,18
34841,18
34852,18
34863,18
34870,18
34927,18
34973,18
34979,18
35004,18
35015,18
35071,18
35078,18
35079,18
35145,18
35198,18
35206,18
35215,18
35220,18
35222,18
35235,18
35239,18
35241,18
35284,18
35287,18
35295,18
35305,18
35306,18
35307,18
35308,18
35309,18
35311,18
35312,18
35317,18
35332,18
35346,18
35363,18
35442,18
35443,18
35472,18
35473,18
35478,18
35522,18
35525,18
35526,18
35540,18
35551,18
35563,18
35593,18
35610,18
35611,18
35619,18
35624,18
35672,18
35673,18
35720,18
35746,18
35756,18
35805,18
35818,18
35828,18
35838,18
35858,18
35883,18
35909,18
35923,18
35957,18
35975,18
35976,18
35980,18
35981,18
35985,18
36001,18
36094,18
36097,18
36112,18
36151,18
36155,18
36162,18
36164,18
36221,18
36223,18
36248,18
36259,18
36261,18
36265,18
36267,18
36275,18
36397,18
36404,18
36418,18
36431,18
36443,18
36444,18
36513,18
36536,18
36537,18
36538,18
36580,18
36582,18
36584,18
36622,18
36626,18
36692,18
36724,18
36728,18
36743,18
36744,18
36745,18
36746,18
36747,18
36775,18
36799,18
36800,18
36833,18
36851,18
36888,18
36942,18
36990,18
37027,18
37033,18
37051,18
37104,18
37109,18
37133,18
37142,18
37174,18
37178,18
37188,18
37189,18
37204,18
37207,18
37246,18
37263,18
37328,18
37341,18
37368,18
37398,18
37409,18
37418,18
37419,18
37421,18
37422,18
37423,18
37424,18
37433,18
37460,18
37467,18
37481,18
37482,18
37485,18
37529,18
37535,18
37543,18
37552,18
37554,18
37589,18
37600,18
37614,18
37630,18
37641,18
37647,18
37662,18
37664,18
37671,18
37682,18
37698,18
37747,18
37776,18
37778,18
37780,18
37789,18
37790,18
37801,18
37802,18
37850,18
37851,18
37852,18
37866,18
37881,18
37886,18
37904,18
37921,18
37923,18
37924,18
37927,18
37940,18
37968,18
37978,18
37988,18
38001,18
38007,18
38008,18
38009,18
38016,18
38023,18
38058,18
38060,18
38061,18
38062,18
38066,18
38089,18
38090,18
38145,18
38147,18
38162,18
38203,18
38211,18
38217,18
38219,18
38250,18
38254,18
38262,18
38272,18
38285,18
38290,18
38295,18
38299,18
38333,18
38337,18
38346,18
38353,18
38354,18
38412,18
38420,18
38474,18
38475,18
38476,18
38493,18
38520,18
38556,18
38560,18
38561,18
38562,18
38643,18
38658,18
38674,18
38678,18
38711,18
38759,18
38767,18
38774,18
38776,18
38787,18
38804,18
38864,18
38881,18
38891,18
38924,18
38925,18
38931,18
38932,18
38954,18
39022,18
39035,18
39046,18
39077,18
39078,18
39110,18
39115,18
39195,18
39197,18
39206,18
39212,18
39214,18
39230,18
39247,18
39324,18
39343,18
39344,18
39380,18
39385,18
39388,18
39430,18
39436,18
39457,18
39498,18
39528,18
39562,18
39564,18
39591,18
39609,18
39620,18
39654,18
39668,18
39676,18
39677,18
39678,18
39725,18
39728,18
39730,18
39731,18
39734,18
39808,18
39840,18
39862,18
39885,18
39895,18
39900,18
39942,18
39959,18
39960,18
39979,18
40034,18
40035,18
40085,18
40136,18
40139,18
40163,18
40205,18
40208,18
40223,18
40228,18
40266,18
40267,18
40331,18
40334,18
40335,18
40342,18
40358,18
40364,18
40376,18
40385,18
40423,18
40431,18
40437,18
40452,18
40455,18
40465,18
40478,18
40479,18
40508,18
40568,18
40616,18
40632,18
40644,18
40655,18
40659,18
40660,18
40685,18
40738,18
40747,18
40753,18
40757,18
40758,18
40769,18
40799,18
40833,18
40868,18
40879,18
40893,18
40930,18
40953,18
40958,18
40969,18
40990,18
41051,18
41061,18
41093,18
41097,18
41101,18
41114,18
41136,18
41169,18
41179,18
41181,18
41250,18
41271,18
41299,18
41307,18
41312,18
41339,18
41349,18
41364,18
41391,18
41426,18
41459,18
41471,18
41509,18
41522,18
41555,18
41556,18
41674,18
41689,18
41807,18
41844,18
41912,18
42027,18
42044,18
42068,18
42083,18
42090,18
42109,18
42145,18
42170,18
42179,18
42198,18
42206,18
42228,18
42238,18
42317,18
42319,18
42330,18
42331,18
42333,18
42345,18
42488,18
42491,18
42500,18
42507,18
42513,18
42546,18
42568,18
42576,18
42629,18
42632,18
42653,18
42717,18
42787,18
42797,18
42799,18
42804,18
42840,18
42894,18
42948,18
42956,18
42959,18
43020,18
43207,18
43693,18
43696,18
43722,18
43745,18
43839,18
43920,18
43922,18
43923,18
43924,18
43925,18
43926,18
43927,18
43931,18
43933,18
43934,18
43935,18
44026,18
44056,18
44063,18
44128,18
44376,18
44532,18
44533,18
44534,18
44535,18
44536,18
44537,18
44538,18
44539,18
44540,18
44583,18
44586,18
44702,18
45425,18
45517,18
45519,18
45521,18
45611,18
45618,18
45665,18
45677,18
45704,18
46000,18
46093,18
46118,18
46119,18
47005,18
47270,18
47542,18
47618,18
47623,18
47777,18
47931,18
47982,18
48109,18
48231,18
48252,18
48313,18
48337,18
48346,18
48352,18
48411,18
48442,18
48491,18
48512,18
48539,18
48542,18
48544,18
48553,18
48570,18
48586,18
48628,18
48646,18
48775,18
48779,18
48804,18
48829,18
48845,18
48851,18
48852,18
48857,18
48858,18
48859,18
48864,18
48872,18
48892,18
48899,18
48916,18
48932,18
48953,18
48988,18
49026,18
49066,18
49109,18
49184,18
49202,18
49263,18
49276,18
49326,18
49354,18
49379,18
49396,18
49410,18
49414,18
49429,18
49431,18
49445,18
49450,18
49474,18
49487,18
49505,18
49519,18
49521,18
49533,18
49550,18
49566,18
49592,18
49654,18
49668,18
49697,18
49735,18
49743,18
49776,18
49793,18
49796,18
49806,18
49814,18
49843,18
49849,18
49854,18
49860,18
49866,18
49893,18
49907,18
49908,18
49909,18
49976,18
50012,18
50090,18
50111,18
50120,18
50137,18
50138,18
50142,18
50201,18
50203,18
50206,18
50221,18
50245,18
50267,18
50289,18
50292,18
50302,18
50313,18
50326,18
50414,18
50419,18
50515,18
50518,18
50597,18
50600,18
50603,18
50687,18
50694,18
50711,18
50746,18
50784,18
50797,18
50841,18
50845,18
50872,18
50905,18
50917,18
50993,18
50997,18
50998,18
51071,18
51151,18
51183,18
51225,18
51238,18
51245,18
51246,18
51266,18
51293,18
51299,18
51328,18
51379,18
51382,18
51461,18
51462,18
51488,18
51511,18
51680,18
51750,18
51751,18
51825,18
51879,18
51936,18
52020,18
52066,18
52100,18
52224,18
52227,18
52271,18
52307,18
52359,18
52381,18
52440,18
52493,18
52497,18
52576,18
52597,18
52601,18
52611,18
52823,18
52855,18
52881,18
52892,18
52935,18
52964,18
52968,18
52992,18
53008,18
53042,18
53043,18
53044,18
53132,18
53136,18
53143,18
53161,18
53186,18
53187,18
53220,18
53226,18
53275,18
53287,18
53291,18
53320,18
53395,18
53410,18
53491,18
53501,18
53508,18
53520,18
53639,18
53651,18
53652,18
53653,18
53655,18
53666,18
53671,18
53696,18
53703,18
53732,18
53779,18
53830,18
53856,18
53857,18
53893,18
54009,18
54011,18
54014,18
54062,18
54065,18
54072,18
54102,18
54107,18
54108,18
54166,18
54174,18
54186,18
54216,18
54294,18
54300,18
54318,18
54330,18
54331,18
54352,18
54360,18
54367,18
54368,18
54380,18
54399,18
54413,18
54417,18
54447,18
54494,18
54500,18
54541,18
54544,18
54563,18
54564,18
54568,18
54662,18
54711,18
54718,18
54783,18
54796,18
54809,18
54872,18
54873,18
54953,18
54963,18
54968,18
54991,18
55024,18
55072,18
55133,18
55135,18
55138,18
55153,18
55163,18
55164,18
55288,18
55307,18
55311,18
55314,18
55319,18
55344,18
55351,18
55365,18
55396,18
55400,18
55402,18
55405,18
55463,18
55514,18
55595,18
55731,18
19,21
30,21
43,21
104,21
239,21
323,21
455,21
619,21
658,21
838,21
934,21
1080,21
1109,21
1246,21
1346,21
1370,21
1451,21
1520,21
1535,21
1611,21
1889,21
1943,21
2204,21
2349,21
2562,21
2593,21
2596,21
2698,21
2775,21
2994,21
3002,21
3064,21
3420,21
3466,21
3652,21
3782,21
3783,21
3786,21
4039,21
4280,21
4282,21
4715,21
4725,21
4879,21
4927,21
5177,21
5204,21
5205,21
5267,21
5630,21
5682,21
6114,21
6328,21
6372,21
6610,21
6624,21
6637,21
6736,21
6927,21
7193,21
7598,21
7724,21
8278,21
8449,21
9253,21
9756,21
10083,21
10163,21
10271,21
10620,21
11701,21
11869,21
11977,21
11979,21
11981,21
12035,21
13125,21
13601,21
13863,21
14353,21
16498,21
16602,21
16700,21
20329,21
21025,21
21027,21
23281,21
23283,21
23837,21
24765,21
24781,21
25777,21
27387,21
28223,21
28619,21
28673,21
30187,21
30484,21
30524,21
31043,21
31240,21
31362,21
32153,21
32188,21
32682,21
32827,21
33003,21
33154,21
33339,21
34048,21
34152,21
34674,21
35121,21
35158,21
35737,21
35994,21
36308,21
36525,21
36649,21
36762,21
36991,21
37175,21
37177,21
37243,21
37256,21
37291,21
37525,21
37549,21
37735,21
37742,21
37779,21
37994,21
38181,21
38256,21
38414,21
38461,21
38749,21
39332,21
39491,21
39584,21
39587,21
39617,21
39675,21
39731,21
39833,21
39905,21
40046,21
40333,21
40911,21
41006,21
41392,21
41530,21
41619,21
41917,21
42203,21
42290,21
42737,21
42776,21
42985,21
43325,21
43555,21
43909,21
44090,21
44202,21
44551,21
44552,21
44553,21
44554,21
44555,21
44556,21
44585,21
44961,21
45584,21
45935,21
46095,21
47194,21
47616,21
47794,21
48023,21
48425,21
48453,21
48488,21
48508,21
48680,21
48820,21
48890,21
49164,21
49241,21
49290,21
49291,21
49590,21
49733,21
49818,21
49848,21
50273,21
50427,21
50429,21
50452,21
50575,21
50869,21
50914,21
51016,21
51096,21
51180,21
51535,21
51618,21
51957,21
52092,21
52131,21
52354,21
52417,21
52494,21
52638,21
52654,21
52692,21
52747,21
52811,21
52923,21
52924,21
53046,21
53092,21
53155,21
53336,21
53682,21
53720,21
53787,21
53794,21
54024,21
54040,21
54112,21
54250,21
54287,21
54344,21
54412,21
54645,21
54841,21
54857,21
54993,21
55193,21
55255,21
55260,21
55544,21
25,8
59,8
63,8
79,8
112,8
133,8
146,8
151,8
157,8
174,8
180,8
181,8
189,8
190,8
193,8
197,8
201,8
204,8
241,8
248,8
257,8
268,8
274,8
275,8
276,8
277,8
297,8
306,8
318,8
319,8
321,8
330,8
354,8
357,8
366,8
370,8
374,8
376,8
382,8
403,8
404,8
412,8
443,8
458,8
487,8
495,8
497,8
579,8
581,8
588,8
591,8
610,8
624,8
631,8
632,8
637,8
641,8
642,8
649,8
693,8
715,8
767,8
769,8
773,8
783,8
788,8
797,8
808,8
811,8
824,8
837,8
841,8
857,8
863,8
881,8
886,8
913,8
914,8
940,8
941,8
964,8
966,8
981,8
982,8
991,8
998,8
999,8
1045,8
1053,8
1057,8
1060,8
1067,8
1082,8
1097,8
1103,8
1104,8
1111,8
1112,8
1127,8
1183,8
1185,8
1195,8
1218,8
1219,8
1228,8
1234,8
1235,8
1271,8
1311,8
1411,8
1489,8
1496,8
1500,8
1529,8
1531,8
1546,8
1560,8
1573,8
1596,8
1602,8
1619,8
1625,8
1627,8
1647,8
1679,8
1701,8
1711,8
1722,8
1732,8
1741,8
1749,8
1750,8
1786,8
1790,8
1802,8
1817,8
1836,8
1840,8
1862,8
1865,8
1874,8
1898,8
1903,8
1940,8
1944,8
1956,8
1995,8
2079,8
2098,8
2131,8
2132,8
2163,8
2172,8
2217,8
2260,8
2291,8
2307,8
2308,8
2317,8
2322,8
2332,8
2367,8
2384,8
2403,8
2494,8
2497,8
2524,8
2525,8
2526,8
2527,8
2528,8
2595,8
2602,8
2730,8
2748,8
2784,8
2790,8
2905,8
2910,8
2967,8
2993,8
3023,8
3085,8
3095,8
3112,8
3121,8
3157,8
3205,8
3229,8
3247,8
3259,8
3264,8
3266,8
3328,8
3391,8
3417,8
3419,8
3455,8
3464,8
3503,8
3616,8
3640,8
3642,8
3654,8
3667,8
3712,8
3816,8
3884,8
3889,8
3948,8
4003,8
4042,8
4063,8
4078,8
4136,8
4149,8
4166,8
4188,8
4195,8
4196,8
4214,8
4262,8
4361,8
4421,8
4451,8
4591,8
4688,8
4718,8
4719,8
4744,8
4760,8
4786,8
4903,8
4997,8
4999,8
5020,8
5025,8
5042,8
5045,8
5056,8
5112,8
5132,8
5163,8
5234,8
5274,8
5277,8
5305,8
5333,8
5343,8
5353,8
5549,8
5585,8
5647,8
5667,8
5715,8
5764,8
5772,8
5781,8
5877,8
5914,8
5958,8
5973,8
6023,8
6030,8
6050,8
6112,8
6166,8
6201,8
6205,8
6227,8
6287,8
6318,8
6324,8
6379,8
6381,8
6392,8
6419,8
6425,8
6443,8
6489,8
6500,8
6548,8
6633,8
6645,8
6682,8
6704,8
6791,8
6882,8
7066,8
7088,8
7148,8
7322,8
7427,8
7430,8
7453,8
7463,8
7468,8
7540,8
7580,8
7593,8
7739,8
7740,8
7744,8
7774,8
7817,8
7858,8
7875,8
7897,8
8041,8
8057,8
8074,8
8101,8
8241,8
8277,8
8302,8
8359,8
8360,8
8361,8
8365,8
8366,8
8367,8
8407,8
8424,8
8456,8
8464,8
8465,8
8507,8
8599,8
8619,8
8635,8
8643,8
8668,8
8765,8
8795,8
8841,8
8876,8
8889,8
8993,8
9041,8
9063,8
9167,8
9181,8
9201,8
9202,8
9355,8
9362,8
9367,8
9493,8
9499,8
9506,8
9515,8
9542,8
9581,8
9587,8
9600,8
9618,8
9624,8
9736,8
9741,8
9744,8
9750,8
9751,8
9790,8
9922,8
9924,8
9936,8
9982,8
10045,8
10073,8
10076,8
10079,8
10109,8
10110,8
10172,8
10187,8
10196,8
10209,8
10213,8
10219,8
10301,8
10465,8
10547,8
10572,8
10578,8
10582,8
10611,8
10628,8
10719,8
10739,8
10790,8
10794,8
10796,8
10845,8
10920,8
10924,8
10933,8
10934,8
11005,8
11161,8
11209,8
11255,8
11319,8
11499,8
11597,8
11617,8
11761,8
11763,8
11769,8
11773,8
11859,8
12065,8
12131,8
12237,8
12293,8
12317,8
12343,8
12347,8
12449,8
12505,8
12549,8
12579,8
12581,8
12729,8
12783,8
13055,8
13093,8
13161,8
13203,8
13357,8
13367,8
13663,8
13715,8
13781,8
13851,8
13855,8
14027,8
14073,8
14173,8
14199,8
14283,8
14527,8
14663,8
14827,8
14889,8
14893,8
14967,8
15005,8
15015,8
15093,8
15095,8
15119,8
15133,8
15325,8
15377,8
15391,8
15437,8
15451,8
15565,8
15609,8
15633,8
15689,8
15729,8
15807,8
15881,8
16051,8
16363,8
16397,8
16436,8
16454,8
16508,8
16656,8
16694,8
16970,8
16994,8
17247,8
17345,8
17397,8
17501,8
17505,8
17777,8
17989,8
17991,8
18001,8
18039,8
18095,8
18231,8
18247,8
18277,8
18527,8
18677,8
18679,8
19109,8
19121,8
19151,8
19255,8
19431,8
19479,8
19815,8
20155,8
20385,8
20545,8
20835,8
21009,8
21033,8
21215,8
21373,8
21415,8
21507,8
21599,8
21653,8
21659,8
21679,8
21809,8
21863,8
22225,8
22827,8
22835,8
22877,8
22979,8
22981,8
23233,8
23277,8
23309,8
23423,8
23607,8
23609,8
23619,8
23725,8
23735,8
23945,8
23985,8
23989,8
24133,8
24171,8
24175,8
24455,8
24475,8
24531,8
24637,8
24695,8
24703,8
24751,8
24991,8
25011,8
25061,8
25099,8
25157,8
25285,8
25397,8
25429,8
25689,8
26057,8
26085,8
26183,8
26443,8
27619,8
27967,8
28025,8
28071,8
28149,8
28171,8
28227,8
28285,8
28617,8
28713,8
28819,8
28979,8
29027,8
29101,8
29165,8
29317,8
29786,8
30237,8
30240,8
30250,8
30296,8
30300,8
30307,8
30321,8
30363,8
30365,8
30385,8
30464,8
30544,8
30600,8
30663,8
30679,8
30727,8
30739,8
30749,8
30782,8
30954,8
30955,8
31056,8
31283,8
31324,8
31326,8
31327,8
31338,8
31368,8
31380,8
31404,8
31442,8
31491,8
31685,8
31711,8
31736,8
31737,8
31797,8
31845,8
31851,8
31967,8
31980,8
32214,8
32215,8
32240,8
32262,8
32282,8
32409,8
32447,8
32485,8
32503,8
32603,8
32686,8
32698,8
32801,8
32866,8
32901,8
32930,8
33075,8
33126,8
33286,8
33456,8
33475,8
33581,8
33661,8
33712,8
33713,8
33743,8
33779,8
33834,8
34019,8
34051,8
34213,8
34281,8
34314,8
34403,8
34447,8
34480,8
34481,8
34644,8
34782,8
34835,8
34884,8
34941,8
34964,8
34999,8
35000,8
35077,8
35237,8
35338,8
35413,8
35417,8
35418,8
35433,8
35559,8
35712,8
35788,8
36037,8
36510,8
36560,8
36632,8
36688,8
36726,8
36750,8
36792,8
36817,8
36847,8
36873,8
36875,8
36943,8
36949,8
36950,8
37021,8
37147,8
37172,8
37210,8
37345,8
37449,8
37719,8
37986,8
38005,8
38059,8
38163,8
38177,8
38357,8
38395,8
38397,8
38425,8
38573,8
38610,8
38745,8
38778,8
38789,8
38814,8
38935,8
39020,8
39026,8
39252,8
39325,8
39326,8
39397,8
39463,8
39469,8
39470,8
39480,8
39535,8
39559,8
39689,8
39799,8
39940,8
40010,8
40042,8
40102,8
40176,8
40194,8
40196,8
40436,8
40453,8
40483,8
40485,8
40486,8
40623,8
40651,8
40708,8
40902,8
41005,8
41093,8
41146,8
41285,8
41463,8
41623,8
41812,8
41880,8
41899,8
41946,8
42571,8
42685,8
42803,8
42862,8
42990,8
43609,8
43779,8
44524,8
44983,8
45576,8
48633,8
49316,8
49342,8
49605,8
49854,8
49866,8
49869,8
49871,8
49894,8
49936,8
50176,8
50348,8
50360,8
50392,8
50606,8
50869,8
50953,8
51179,8
51193,8
51212,8
51213,8
51265,8
51366,8
51403,8
51706,8
52281,8
52293,8
52575,8
52642,8
52973,8
53802,8
54225,8
54265,8
54275,8
54519,8
54775,8
55561,8
55576,8
55629,8
28,12
110,12
580,12
1078,12
1093,12
1589,12
1778,12
2287,12
2388,12
3001,12
3437,12
3535,12
4021,12
5374,12
5984,12
6119,12
6127,12
6384,12
6586,12
6941,12
6958,12
8123,12
8842,12
8848,12
9200,12
9441,12
9561,12
10033,12
10074,12
10396,12
11553,12
11787,12
12367,12
13409,12
14519,12
16405,12
17113,12
19511,12
20201,12
22541,12
23539,12
24275,12
24321,12
24629,12
25053,12
25139,12
25839,12
27467,12
27785,12
27963,12
28171,12
28185,12
29722,12
30437,12
30905,12
31498,12
31578,12
31633,12
31636,12
32010,12
32282,12
32666,12
32828,12
32875,12
33390,12
33447,12
33734,12
34012,12
34290,12
34402,12
34420,12
34480,12
35235,12
35284,12
35298,12
35484,12
35788,12
35818,12
36049,12
36108,12
36513,12
36577,12
36754,12
36949,12
37033,12
37618,12
37826,12
37904,12
38219,12
38496,12
39194,12
39292,12
39620,12
39730,12
39856,12
39940,12
40100,12
40194,12
40902,12
40957,12
41556,12
42206,12
42670,12
44370,12
45425,12
46737,12
47465,12
47466,12
47614,12
48045,12
48221,12
48517,12
48804,12
48845,12
49847,12
50050,12
50313,12
51203,12
51526,12
51665,12
52611,12
52621,12
52701,12
52911,12
53045,12
53088,12
53407,12
53446,12
53731,12
53779,12
54014,12
54022,12
54024,12
54442,12
55005,12
55024,12
55067,12
55068,12
55078,12
55091,12
55149,12
55247,12
55341,12
55365,12
55577,12
55619,12
30,3
32,3
227,3
323,3
339,3
369,3
437,3
441,3
601,3
875,3
885,3
1370,3
1793,3
1943,3
1973,3
1979,3
2033,3
2219,3
2346,3
2580,3
2944,3
3220,3
3326,3
3506,3
3507,3
3508,3
3525,3
3914,3
4085,3
4460,3
4639,3
4761,3
5157,3
5158,3
5501,3
5622,3
6535,3
6560,3
6795,3
6861,3
6950,3
6953,3
7020,3
7022,3
7024,3
7025,3
7243,3
7273,3
7504,3
7809,3
7810,3
7811,3
7843,3
7844,3
7856,3
7939,3
8079,3
8663,3
8689,3
8928,3
9056,3
9318,3
9801,3
9829,3
9895,3
9976,3
9990,3
10003,3
10436,3
10721,3
10739,3
11579,3
12521,3
12919,3
13405,3
18831,3
19209,3
19219,3
19231,3
19383,3
20153,3
20855,3
21607,3
21861,3
22157,3
22159,3
22161,3
22163,3
22165,3
22167,3
22169,3
22171,3
22173,3
22175,3
22177,3
22179,3
22181,3
22255,3
22391,3
22419,3
22537,3
22841,3
23051,3
23053,3
23055,3
23057,3
23059,3
23063,3
23517,3
23877,3
24259,3
25969,3
25971,3
28085,3
28149,3
28339,3
28587,3
28591,3
28637,3
28639,3
28645,3
28647,3
28657,3
28761,3
28843,3
28951,3
28953,3
28987,3
28989,3
28993,3
29173,3
29377,3
29381,3
29383,3
29615,3
29617,3
29619,3
29629,3
29633,3
29645,3
29647,3
29649,3
29657,3
29661,3
29665,3
29667,3
29669,3
29681,3
29708,3
29709,3
29710,3
29711,3
29712,3
29713,3
29719,3
29764,3
29766,3
29768,3
29771,3
29772,3
29777,3
29780,3
29902,3
29905,3
29907,3
29932,3
29943,3
29944,3
29952,3
29953,3
29954,3
29956,3
29957,3
29971,3
29972,3
29973,3
29980,3
29984,3
29985,3
29986,3
29987,3
29988,3
29989,3
29995,3
30210,3
30211,3
30212,3
30213,3
30214,3
30326,3
30327,3
30328,3
30329,3
30330,3
30331,3
30332,3
30335,3
30336,3
30337,3
30339,3
30340,3
30341,3
30396,3
30404,3
30407,3
30408,3
30418,3
30480,3
30559,3
30659,3
30664,3
30665,3
30666,3
30667,3
30668,3
30669,3
30814,3
30859,3
30860,3
30862,3
30863,3
30864,3
31135,3
31257,3
31258,3
31259,3
31261,3
31262,3
31263,3
31264,3
31265,3
31266,3
31267,3
31268,3
31269,3
31309,3
31450,3
31501,3
31582,3
31583,3
31584,3
31585,3
31586,3
31587,3
31686,3
31687,3
31688,3
31689,3
31759,3
31761,3
31926,3
31941,3
31994,3
32139,3
32226,3
32636,3
32637,3
32749,3
33010,3
33114,3
33220,3
33312,3
33318,3
33449,3
33710,3
33777,3
33886,3
33914,3
34039,3
34286,3
34417,3
34422,3
34436,3
34467,3
34595,3
34631,3
34632,3
34633,3
34634,3
34718,3
34720,3
34849,3
34850,3
34851,3
34887,3
35120,3
35402,3
35405,3
35406,3
35407,3
35450,3
35707,3
35709,3
35714,3
35732,3
35842,3
35935,3
36096,3
36115,3
36117,3
36157,3
36158,3
36182,3
36264,3
36280,3
36670,3
36734,3
36750,3
37147,3
37386,3
37451,3
37452,3
37453,3
37527,3
37596,3
37784,3
37792,3
37853,3
37893,3
38291,3
38375,3
38376,3
38424,3
38498,3
38501,3
38502,3
38504,3
38505,3
38506,3
38507,3
38508,3
38510,3
38511,3
38641,3
38644,3
38700,3
38701,3
38712,3
38727,3
38748,3
38757,3
38758,3
38773,3
38795,3
38847,3
38848,3
38861,3
38862,3
38863,3
38867,3
38868,3
38869,3
38870,3
38871,3
38872,3
38873,3
38874,3
38875,3
38876,3
38877,3
38878,3
38893,3
38906,3
38955,3
38961,3
38969,3
38970,3
38976,3
38977,3
39000,3
39020,3
39088,3
39096,3
39179,3
39180,3
39181,3
39209,3
39251,3
39257,3
39259,3
39290,3
39536,3
39540,3
39541,3
39616,3
39623,3
39650,3
39690,3
39700,3
39718,3
39836,3
39996,3
40000,3
40001,3
40002,3
40003,3
40016,3
40105,3
40106,3
40158,3
40159,3
40164,3
40171,3
40202,3
40204,3
40209,3
40237,3
40297,3
40312,3
40333,3
40338,3
40353,3
40363,3
40383,3
40442,3
40475,3
40476,3
40499,3
40523,3
40598,3
40673,3
40674,3
40721,3
40727,3
40737,3
40745,3
40811,3
40812,3
40816,3
40817,3
40827,3
40867,3
40877,3
40903,3
40914,3
41170,3
41183,3
41227,3
41279,3
41280,3
41443,3
41444,3
41445,3
41446,3
41447,3
41448,3
41449,3
41450,3
41451,3
41452,3
41453,3
41464,3
41481,3
41489,3
41490,3
41495,3
41708,3
41725,3
41745,3
41796,3
41797,3
42015,3
42233,3
42234,3
42246,3
42247,3
42248,3
42256,3
42257,3
42258,3
42271,3
42272,3
42274,3
42275,3
42276,3
42277,3
42278,3
42279,3
42280,3
42281,3
42354,3
42484,3
42585,3
42601,3
42800,3
42801,3
42802,3
42807,3
42809,3
42820,3
42836,3
42854,3
42988,3
42989,3
42995,3
43293,3
43318,3
43323,3
43351,3
43385,3
43397,3
43418,3
43419,3
43428,3
43429,3
43430,3
43431,3
43432,3
43481,3
43482,3
43651,3
44059,3
44086,3
44208,3
44632,3
45582,3
45583,3
45614,3
45615,3
45616,3
46588,3
47638,3
48312,3
48420,3
48488,3
48624,3
48709,3
48869,3
48960,3
48961,3
48966,3
48968,3
48969,3
48970,3
48971,3
48972,3
48973,3
48992,3
49005,3
49029,3
49094,3
49110,3
49182,3
49194,3
49195,3
49196,3
49197,3
49198,3
49314,3
49332,3
49367,3
49371,3
49491,3
49584,3
49603,3
50046,3
50238,3
50241,3
50242,3
50243,3
50246,3
50255,3
50256,3
50302,3
50371,3
50482,3
50517,3
50523,3
50534,3
50599,3
50747,3
50748,3
50754,3
50909,3
50924,3
50938,3
50973,3
51014,3
51016,3
51051,3
51055,3
51060,3
51095,3
51233,3
51268,3
51304,3
51305,3
51325,3
51328,3
51380,3
51589,3
51595,3
51597,3
51598,3
51599,3
51639,3
51749,3
51757,3
51767,3
51802,3
51822,3
51823,3
51846,3
51847,3
51848,3
51849,3
51850,3
51851,3
51852,3
51853,3
51858,3
51869,3
51921,3
51922,3
52003,3
52008,3
52195,3
52254,3
52417,3
52438,3
52443,3
52450,3
52510,3
52566,3
52630,3
52634,3
52656,3
52690,3
52743,3
52851,3
52852,3
52923,3
52924,3
52958,3
52966,3
52974,3
53015,3
53017,3
53027,3
53028,3
53029,3
53030,3
53031,3
53059,3
53060,3
53061,3
53062,3
53080,3
53081,3
53082,3
53083,3
53095,3
53122,3
53138,3
53144,3
53156,3
53157,3
53158,3
53165,3
53171,3
53185,3
53186,3
53187,3
53214,3
53294,3
53339,3
53340,3
53522,3
53658,3
53659,3
53679,3
53682,3
53699,3
53700,3
53705,3
53717,3
53718,3
53721,3
53740,3
53746,3
53749,3
53755,3
53759,3
53788,3
53789,3
53790,3
53840,3
53866,3
53867,3
53920,3
53921,3
54004,3
54027,3
54037,3
54038,3
54056,3
54066,3
54068,3
54074,3
54076,3
54101,3
54111,3
54136,3
54137,3
54153,3
54158,3
54159,3
54231,3
54245,3
54297,3
54299,3
54317,3
54322,3
54323,3
54324,3
54360,3
54369,3
54412,3
54417,3
54428,3
54441,3
54454,3
54461,3
54477,3
54485,3
54513,3
54516,3
54517,3
54521,3
54524,3
54525,3
54538,3
54545,3
54550,3
54552,3
54557,3
54567,3
54573,3
54574,3
54580,3
54581,3
54628,3
54674,3
54814,3
54834,3
54841,3
54847,3
54889,3
54904,3
55051,3
55057,3
55062,3
55069,3
55077,3
55083,3
55090,3
55110,3
55123,3
55127,3
55141,3
55155,3
55166,3
55176,3
55204,3
55253,3
55258,3
55260,3
55276,3
55312,3
55316,3
55320,3
55348,3
55356,3
55360,3
55451,3
55452,3
55464,3
55465,3
55540,3
55543,3
55544,3
55550,3
55551,3
55552,3
55553,3
55555,3
55556,3
55557,3
55558,3
55559,3
55588,3
55605,3
55632,3
55633,3
55650,3
55678,3
55686,3
55687,3
55695,3
55696,3
55705,3
55714,3
55729,3
55730,3
33,14
47,14
55,14
58,14
104,14
150,14
155,14
159,14
169,14
220,14
226,14
228,14
258,14
270,14
279,14
300,14
326,14
369,14
376,14
384,14
395,14
405,14
413,14
437,14
499,14
514,14
543,14
553,14
586,14
617,14
618,14
620,14
621,14
665,14
666,14
690,14
724,14
732,14
777,14
842,14
916,14
934,14
978,14
998,14
999,14
1026,14
1048,14
1085,14
1107,14
1136,14
1148,14
1163,14
1177,14
1192,14
1225,14
1227,14
1245,14
1269,14
1280,14
1281,14
1336,14
1337,14
1338,14
1340,14
1341,14
1342,14
1343,14
1346,14
1353,14
1380,14
1383,14
1384,14
1454,14
1462,14
1484,14
1494,14
1500,14
1508,14
1517,14
1556,14
1571,14
1573,14
1594,14
1611,14
1628,14
1629,14
1647,14
1658,14
1702,14
1705,14
1767,14
1782,14
1819,14
1860,14
1943,14
1951,14
1966,14
2012,14
2016,14
2017,14
2018,14
2073,14
2130,14
2147,14
2165,14
2178,14
2204,14
2246,14
2250,14
2252,14
2261,14
2262,14
2293,14
2315,14
2338,14
2339,14
2342,14
2343,14
2344,14
2345,14
2346,14
2354,14
2355,14
2356,14
2360,14
2404,14
2592,14
2683,14
2745,14
2775,14
2944,14
2977,14
2978,14
2981,14
2983,14
2988,14
3129,14
3130,14
3166,14
3176,14
3178,14
3254,14
3258,14
3342,14
3354,14
3427,14
3428,14
3446,14
3475,14
3525,14
3536,14
3569,14
3595,14
3599,14
3603,14
3625,14
3710,14
3801,14
3906,14
3908,14
3992,14
3998,14
4004,14
4044,14
4082,14
4084,14
4085,14
4095,14
4350,14
4484,14
4531,14
4556,14
4581,14
4823,14
4853,14
4896,14
4983,14
5034,14
5039,14
5296,14
5554,14
5624,14
5688,14
5918,14
6016,14
6061,14
6069,14
6267,14
6270,14
6271,14
6276,14
6344,14
6472,14
6809,14
6880,14
6904,14
6920,14
6978,14
6980,14
7025,14
7079,14
7621,14
7662,14
7724,14
8074,14
8081,14
8145,14
8146,14
8150,14
8152,14
8153,14
8154,14
8155,14
8157,14
8158,14
8162,14
8182,14
8194,14
8208,14
8226,14
8227,14
8228,14
8278,14
8539,14
8682,14
8920,14
8986,14
9056,14
9159,14
9287,14
9345,14
9509,14
9544,14
9662,14
9824,14
9829,14
9882,14
10003,14
10083,14
10218,14
10245,14
10417,14
10418,14
10490,14
10681,14
11077,14
11111,14
11411,14
11499,14
11679,14
11687,14
11691,14
11701,14
11837,14
11869,14
11915,14
11995,14
12113,14
12115,14
12445,14
12481,14
12483,14
12485,14
12769,14
12833,14
13055,14
13125,14
13807,14
14117,14
14189,14
15037,14
15045,14
16091,14
16592,14
16602,14
16604,14
16606,14
16610,14
16694,14
16700,14
17405,14
17615,14
18831,14
19315,14
19383,14
19513,14
19533,14
20353,14
20811,14
20855,14
21861,14
22053,14
22055,14
22319,14
22535,14
22537,14
22687,14
22689,14
22975,14
22977,14
23057,14
23059,14
23063,14
23351,14
23765,14
23767,14
24127,14
24259,14
24765,14
26063,14
27899,14
28087,14
28117,14
28489,14
28623,14
28843,14
28951,14
28953,14
29495,14
30089,14
30412,14
30458,14
30463,14
30524,14
30659,14
30825,14
30868,14
30869,14
30870,14
30948,14
30960,14
30967,14
31014,14
31297,14
31424,14
31430,14
31580,14
31634,14
31853,14
31994,14
32015,14
32071,14
32189,14
32379,14
32438,14
32557,14
32682,14
32894,14
32934,14
33028,14
33042,14
33103,14
33144,14
33253,14
33357,14
33508,14
33519,14
33520,14
33702,14
33761,14
33814,14
33820,14
33914,14
34048,14
34055,14
34060,14
34103,14
34152,14
34222,14
34233,14
34236,14
34467,14
34532,14
34544,14
34674,14
34966,14
34974,14
35009,14
35060,14
35069,14
35120,14
35121,14
35140,14
35141,14
35266,14
35319,14
35480,14
35496,14
35676,14
35714,14
35952,14
35994,14
36003,14
36027,14
36124,14
36135,14
36152,14
36245,14
36266,14
36511,14
36625,14
36762,14
36992,14
37140,14
37243,14
37256,14
37291,14
37437,14
37451,14
37517,14
37559,14
37590,14
37666,14
37667,14
37729,14
37735,14
37742,14
37799,14
37893,14
38104,14
38181,14
38348,14
38368,14
38579,14
38668,14
38902,14
38906,14
38915,14
39675,14
39836,14
40074,14
40332,14
40333,14
40378,14
41005,14
41006,14
41029,14
41053,14
41096,14
41124,14
41245,14
41325,14
41340,14
41504,14
41851,14
42014,14
42047,14
42076,14
42129,14
42260,14
42290,14
42737,14
42899,14
42906,14
42976,14
42985,14
43565,14
43690,14
44090,14
44208,14
44387,14
44551,14
44552,14
44553,14
44554,14
44555,14
44556,14
44560,14
44588,14
44657,14
44670,14
44776,14
45856,14
46729,14
47301,14
47449,14
48425,14
48483,14
48488,14
48576,14
48890,14
48960,14
49110,14
49164,14
49314,14
50046,14
50599,14
51306,14
52031,14
52107,14
52205,14
52230,14
52505,14
52585,14
52638,14
52656,14
52690,14
52762,14
52814,14
52886,14
52923,14
52924,14
52941,14
52976,14
53038,14
53047,14
53121,14
53188,14
53193,14
53794,14
53901,14
53970,14
54017,14
54112,14
54164,14
54167,14
54287,14
54298,14
54398,14
54453,14
54645,14
54782,14
54841,14
54993,14
55008,14
55166,14
55266,14
55309,14
55324,14
55354,14
55543,14
55604,14
55607,14
55646,14
98,11
143,11
151,11
158,11
316,11
441,11
444,11
497,11
555,11
667,11
795,11
855,11
879,11
1407,11
1496,11
1654,11
1729,11
2169,11
2317,11
2530,11
2954,11
2959,11
2964,11
3342,11
3456,11
3468,11
3469,11
3750,11
4161,11
4473,11
4535,11
5025,11
5030,11
5116,11
5544,11
5549,11
5914,11
6164,11
6203,11
6205,11
6299,11
6479,11
7264,11
7748,11
9014,11
9053,11
9325,11
9600,11
9608,11
9712,11
10076,11
10384,11
10495,11
11769,11
12373,11
12403,11
12437,11
13917,11
19429,11
19431,11
20047,11
21521,11
22123,11
22785,11
23225,11
24751,11
25861,11
26165,11
28779,11
28817,11
28883,11
30279,11
30385,11
30583,11
30663,11
30902,11
31736,11
32287,11
34382,11
34383,11
35159,11
35241,11
36214,11
36943,11
37517,11
37722,11
37773,11
37786,11
37890,11
37993,11
38999,11
39545,11
39606,11
39790,11
40369,11
40747,11
44141,11
46488,11
49982,11
50110,11
51817,11
52381,11
52736,11
52823,11
53262,11
53598,11
53833,11
53912,11
54233,11
54534,11
55111,11
55545,11
55640,11
149,5
243,5
365,5
425,5
507,5
553,5
600,5
719,5
724,5
730,5
733,5
734,5
736,5
741,5
746,5
747,5
752,5
755,5
850,5
977,5
1019,5
1020,5
1035,5
1041,5
1042,5
1216,5
1217,5
1324,5
1532,5
1637,5
1639,5
1640,5
1908,5
1909,5
1912,5
2148,5
2218,5
2219,5
2220,5
2238,5
2417,5
2592,5
2621,5
2835,5
3007,5
3057,5
3092,5
3210,5
3375,5
3656,5
4021,5
4814,5
4866,5
5085,5
5391,5
5719,5
5774,5
5784,5
5902,5
6553,5
7058,5
7110,5
8063,5
8339,5
8449,5
8634,5
9232,5
9761,5
9926,5
10048,5
11123,5
11135,5
11355,5
12137,5
12663,5
12695,5
13767,5
15291,5
15439,5
15933,5
17371,5
18729,5
20371,5
20815,5
21105,5
22591,5
23441,5
25143,5
25567,5
25649,5
30262,5
30346,5
30531,5
31680,5
31815,5
32684,5
33013,5
33392,5
33417,5
33457,5
33605,5
33654,5
34535,5
34659,5
35746,5
36522,5
36753,5
37291,5
37408,5
37563,5
37585,5
37597,5
37616,5
37963,5
38217,5
38250,5
38797,5
39380,5
39533,5
39761,5
40104,5
40314,5
40421,5
40491,5
40615,5
40646,5
40747,5
40845,5
41051,5
41289,5
41290,5
41466,5
42044,5
42855,5
43629,5
44055,5
44387,5
47591,5
47792,5
48780,5
49049,5
49053,5
49059,5
49202,5
49430,5
49460,5
50120,5
50201,5
50290,5
50672,5
51035,5
51187,5
51440,5
51915,5
51996,5
52355,5
52364,5
53448,5
54692,5
54791,5
54792,5
54907,5
55227,5
55228,5
55278,5
55279,5
55612,5
55724,5
55725,5
188,13
203,13
211,13
213,13
214,13
217,13
220,13
221,13
316,13
320,13
368,13
651,13
692,13
724,13
736,13
741,13
753,13
755,13
823,13
827,13
828,13
830,13
972,13
977,13
1038,13
1113,13
1263,13
1272,13
1273,13
1274,13
1275,13
1331,13
1332,13
1339,13
1353,13
1359,13
1360,13
1383,13
1385,13
1386,13
1387,13
1388,13
1389,13
1390,13
1401,13
1402,13
1403,13
1404,13
1405,13
1406,13
1407,13
1408,13
1499,13
1510,13
1511,13
1512,13
1513,13
1558,13
1595,13
1632,13
1633,13
1634,13
1635,13
1636,13
1639,13
1702,13
1763,13
1770,13
1779,13
1780,13
1781,13
1782,13
1783,13
1784,13
1785,13
1787,13
1788,13
1791,13
1821,13
1834,13
1895,13
1896,13
2007,13
2021,13
2070,13
2134,13
2135,13
2136,13
2137,13
2138,13
2139,13
2140,13
2145,13
2185,13
2186,13
2187,13
2188,13
2189,13
2190,13
2191,13
2194,13
2195,13
2208,13
2209,13
2240,13
2266,13
2275,13
2276,13
2315,13
2324,13
2325,13
2326,13
2327,13
2328,13
2329,13
2338,13
2339,13
2340,13
2341,13
2342,13
2343,13
2344,13
2345,13
2348,13
2349,13
2350,13
2351,13
2352,13
2353,13
2357,13
2359,13
2360,13
2368,13
2370,13
2371,13
2372,13
2373,13
2374,13
2375,13
2376,13
2377,13
2378,13
2379,13
2380,13
2394,13
2395,13
2396,13
2410,13
2411,13
2412,13
2413,13
2430,13
2431,13
2432,13
2433,13
2434,13
2435,13
2436,13
2437,13
2438,13
2439,13
2440,13
2441,13
2442,13
2443,13
2444,13
2445,13
2446,13
2447,13
2469,13
2479,13
2480,13
2505,13
2506,13
2507,13
2530,13
2531,13
2532,13
2533,13
2539,13
2540,13
2541,13
2551,13
2588,13
2590,13
2610,13
2681,13
2721,13
2788,13
2794,13
2798,13
2821,13
2838,13
2841,13
2852,13
2858,13
2859,13
2861,13
2862,13
2863,13
2864,13
2866,13
2867,13
2868,13
2869,13
2870,13
2871,13
2872,13
2873,13
2874,13
2875,13
2883,13
2894,13
2896,13
2917,13
2935,13
2936,13
2943,13
2944,13
2945,13
2946,13
2955,13
2956,13
2957,13
2958,13
2959,13
2960,13
2977,13
2979,13
2982,13
2988,13
2989,13
2990,13
2991,13
3034,13
3039,13
3040,13
3046,13
3048,13
3050,13
3056,13
3058,13
3062,13
3063,13
3066,13
3074,13
3078,13
3082,13
3093,13
3094,13
3102,13
3105,13
3107,13
3108,13
3109,13
3140,13
3160,13
3171,13
3211,13
3239,13
3250,13
3254,13
3286,13
3300,13
3301,13
3302,13
3303,13
3307,13
3308,13
3309,13
3324,13
3329,13
3334,13
3350,13
3370,13
3377,13
3378,13
3379,13
3380,13
3382,13
3383,13
3384,13
3385,13
3393,13
3396,13
3402,13
3403,13
3411,13
3422,13
3427,13
3428,13
3439,13
3442,13
3452,13
3454,13
3478,13
3479,13
3526,13
3527,13
3529,13
3530,13
3531,13
3532,13
3534,13
3536,13
3537,13
3538,13
3539,13
3540,13
3541,13
3542,13
3543,13
3551,13
3553,13
3556,13
3557,13
3558,13
3559,13
3560,13
3562,13
3563,13
3564,13
3565,13
3566,13
3567,13
3569,13
3578,13
3580,13
3581,13
3582,13
3583,13
3584,13
3586,13
3587,13
3622,13
3628,13
3633,13
3635,13
3636,13
3639,13
3643,13
3644,13
3645,13
3648,13
3649,13
3679,13
3680,13
3681,13
3705,13
3706,13
3707,13
3711,13
3728,13
3729,13
3747,13
3771,13
3793,13
3795,13
3802,13
3824,13
3826,13
3833,13
3883,13
3888,13
3890,13
3895,13
3896,13
3902,13
3908,13
3910,13
3911,13
3912,13
3916,13
3917,13
3918,13
3919,13
3920,13
3921,13
3922,13
3939,13
3940,13
3941,13
3942,13
3944,13
3945,13
3950,13
3951,13
3953,13
3970,13
3976,13
3980,13
3981,13
3982,13
3983,13
3992,13
3995,13
3998,13
3999,13
4000,13
4004,13
4009,13
4010,13
4011,13
4017,13
4027,13
4034,13
4057,13
4084,13
4127,13
4157,13
4161,13
4164,13
4178,13
4260,13
4278,13
4304,13
4310,13
4340,13
4342,13
4350,13
4355,13
4356,13
4357,13
4358,13
4360,13
4363,13
4364,13
4365,13
4369,13
4378,13
4379,13
4399,13
4400,13
4463,13
4473,13
4479,13
4480,13
4487,13
4488,13
4489,13
4490,13
4491,13
4492,13
4493,13
4494,13
4495,13
4496,13
4497,13
4498,13
4502,13
4541,13
4555,13
4556,13
4557,13
4558,13
4560,13
4561,13
4562,13
4575,13
4590,13
4600,13
4601,13
4603,13
4604,13
4606,13
4607,13
4608,13
4638,13
4644,13
4645,13
4653,13
4675,13
4692,13
4693,13
4697,13
4698,13
4699,13
4700,13
4701,13
4714,13
4717,13
4729,13
4730,13
4731,13
4732,13
4763,13
4774,13
4775,13
4799,13
4802,13
4803,13
4813,13
4816,13
4817,13
4818,13
4819,13
4820,13
4821,13
4824,13
4825,13
4832,13
4833,13
4834,13
4840,13
4841,13
4842,13
4848,13
4849,13
4852,13
4866,13
4867,13
4868,13
4946,13
5049,13
5054,13
5097,13
5107,13
5108,13
5109,13
5117,13
5154,13
5159,13
5160,13
5172,13
5173,13
5190,13
5191,13
5194,13
5208,13
5209,13
5210,13
5211,13
5212,13
5213,13
5214,13
5259,13
5281,13
5285,13
5315,13
5316,13
5321,13
5324,13
5347,13
5383,13
5391,13
5393,13
5398,13
5399,13
5400,13
5401,13
5402,13
5403,13
5408,13
5411,13
5423,13
5424,13
5427,13
5439,13
5455,13
5464,13
5522,13
5540,13
5541,13
5542,13
5543,13
5544,13
5545,13
5546,13
5547,13
5548,13
5550,13
5551,13
5552,13
5553,13
5555,13
5556,13
5557,13
5558,13
5559,13
5560,13
5561,13
5563,13
5564,13
5565,13
5566,13
5567,13
5568,13
5569,13
5570,13
5571,13
5572,13
5573,13
5575,13
5576,13
5586,13
5587,13
5588,13
5589,13
5590,13
5603,13
5605,13
5606,13
5607,13
5608,13
5609,13
5610,13
5611,13
5612,13
5613,13
5614,13
5621,13
5643,13
5644,13
5645,13
5646,13
5649,13
5651,13
5653,13
5663,13
5664,13
5665,13
5674,13
5686,13
5687,13
5733,13
5743,13
5762,13
5773,13
5890,13
5924,13
5959,13
5993,13
6015,13
6025,13
6041,13
6097,13
6120,13
6122,13
6133,13
6194,13
6220,13
6235,13
6286,13
6328,13
6337,13
6402,13
6422,13
6465,13
6531,13
6558,13
6590,13
6622,13
6635,13
6685,13
6686,13
6689,13
6690,13
6691,13
6692,13
6694,13
6891,13
6892,13
6893,13
6903,13
6986,13
7053,13
7110,13
7154,13
7162,13
7178,13
7179,13
7262,13
7264,13
7265,13
7266,13
7268,13
7276,13
7343,13
7411,13
7455,13
7456,13
7458,13
7573,13
7581,13
7582,13
7583,13
7611,13
7612,13
7708,13
7712,13
7730,13
7748,13
7864,13
7908,13
7914,13
7969,13
8039,13
8110,13
8111,13
8275,13
8289,13
8290,13
8291,13
8292,13
8293,13
8294,13
8471,13
8523,13
8574,13
8651,13
8652,13
8653,13
8654,13
8655,13
8837,13
8918,13
8987,13
9006,13
9008,13
9009,13
9091,13
9211,13
9257,13
9270,13
9287,13
9304,13
9308,13
9309,13
9310,13
9311,13
9312,13
9316,13
9317,13
9322,13
9325,13
9326,13
9327,13
9328,13
9341,13
9352,13
9375,13
9434,13
9435,13
9442,13
9467,13
9486,13
9487,13
9503,13
9504,13
9507,13
9545,13
9588,13
9599,13
9638,13
9718,13
9721,13
9778,13
9849,13
9855,13
9887,13
9904,13
9939,13
9968,13
9970,13
10043,13
10101,13
10106,13
10256,13
10280,13
10286,13
10325,13
10327,13
10368,13
10380,13
10392,13
10409,13
10419,13
10420,13
10421,13
10424,13
10429,13
10457,13
10458,13
10488,13
10546,13
10552,13
10553,13
10564,13
10570,13
10575,13
10590,13
10668,13
10683,13
10694,13
10695,13
10697,13
10728,13
10764,13
10770,13
10779,13
10792,13
10827,13
10851,13
10906,13
10938,13
11031,13
11065,13
11067,13
11141,13
11185,13
11321,13
11349,13
11465,13
11467,13
11469,13
11523,13
11745,13
11747,13
11749,13
11807,13
11815,13
11825,13
11827,13
11855,13
11879,13
11969,13
11997,13
12055,13
12057,13
12059,13
12061,13
12143,13
12373,13
12375,13
12397,13
12551,13
12563,13
12955,13
12957,13
12959,13
12961,13
12995,13
12997,13
13019,13
13051,13
13057,13
13217,13
13219,13
13221,13
13223,13
13325,13
13379,13
13559,13
13595,13
13643,13
13785,13
13917,13
13937,13
13959,13
14047,13
14127,13
14129,13
14207,13
14209,13
14379,13
14471,13
14539,13
14543,13
14657,13
14659,13
14661,13
14991,13
14993,13
14995,13
15097,13
15409,13
15537,13
15539,13
15541,13
15839,13
15841,13
15843,13
15845,13
15867,13
16059,13
16091,13
16187,13
16189,13
16472,13
16474,13
16476,13
16638,13
16642,13
16644,13
16914,13
17012,13
17251,13
17371,13
17491,13
17537,13
17539,13
17541,13
17543,13
17745,13
17747,13
17825,13
17833,13
17867,13
18151,13
18197,13
18199,13
18455,13
18479,13
18481,13
18483,13
18525,13
18653,13
18655,13
18691,13
18693,13
18695,13
18959,13
19051,13
19101,13
19103,13
19283,13
19523,13
19569,13
19629,13
19631,13
19633,13
19635,13
19747,13
19857,13
19859,13
20007,13
20377,13
20379,13
20589,13
20757,13
20801,13
20849,13
20959,13
20995,13
21001,13
21059,13
21069,13
21097,13
21349,13
21363,13
21393,13
21513,13
21521,13
21597,13
21751,13
21829,13
21925,13
22039,13
22069,13
22081,13
22119,13
22347,13
22429,13
22543,13
22655,13
22815,13
22901,13
23033,13
23047,13
23101,13
23171,13
23247,13
23305,13
23475,13
23477,13
23479,13
23519,13
23665,13
23677,13
23719,13
23761,13
24021,13
24271,13
24273,13
24317,13
24327,13
24357,13
24377,13
24453,13
24641,13
24743,13
24745,13
24849,13
24851,13
24911,13
24967,13
24987,13
25055,13
25345,13
25667,13
25669,13
25877,13
25923,13
26031,13
26059,13
26081,13
27363,13
27413,13
27603,13
27747,13
27879,13
27881,13
27909,13
28157,13
28169,13
28309,13
28311,13
28313,13
28517,13
28519,13
28779,13
28859,13
28961,13
29083,13
29085,13
29111,13
29261,13
29307,13
29573,13
29575,13
29703,13
29705,13
29730,13
29807,13
29808,13
29809,13
29852,13
29915,13
29916,13
29992,13
29994,13
30128,13
30132,13
30242,13
30243,13
30269,13
30454,13
30460,13
30543,13
30583,13
30614,13
30658,13
30702,13
30741,13
30770,13
30812,13
30817,13
30891,13
30898,13
31101,13
31117,13
31118,13
31189,13
31331,13
31397,13
31400,13
31401,13
31403,13
31424,13
31518,13
31652,13
31740,13
31788,13
31789,13
31810,13
31885,13
31886,13
31995,13
32016,13
32063,13
32195,13
32238,13
32239,13
32267,13
32355,13
32405,13
32423,13
32484,13
32518,13
32587,13
32620,13
32667,13
32833,13
32864,13
32872,13
32895,13
32982,13
32997,13
33104,13
33125,13
33138,13
33153,13
33165,13
33231,13
33291,13
33322,13
33393,13
33505,13
33514,13
33515,13
33588,13
33750,13
33768,13
33769,13
33865,13
33962,13
33979,13
33981,13
33993,13
34015,13
34030,13
34107,13
34168,13
34246,13
34311,13
34312,13
34361,13
34388,13
34399,13
34491,13
34492,13
34506,13
34529,13
34530,13
34638,13
34639,13
34659,13
34740,13
34747,13
34758,13
34759,13
34795,13
34821,13
34823,13
34895,13
34899,13
34937,13
34959,13
34963,13
35028,13
35029,13
35178,13
35238,13
35343,13
35446,13
35498,13
35499,13
35512,13
35558,13
35573,13
35581,13
35592,13
35629,13
35726,13
35727,13
35780,13
35781,13
35827,13
35891,13
35926,13
35931,13
35936,13
36010,13
36033,13
36051,13
36052,13
36109,13
36121,13
36122,13
36137,13
36198,13
36225,13
36254,13
36256,13
36461,13
36689,13
36720,13
36721,13
36737,13
36755,13
36840,13
36849,13
36876,13
36889,13
36895,13
36933,13
36956,13
37088,13
37089,13
37127,13
37222,13
37223,13
37224,13
37233,13
37281,13
37287,13
37320,13
37340,13
37360,13
37405,13
37474,13
37659,13
37699,13
37771,13
37815,13
37939,13
38030,13
38031,13
38032,13
38033,13
38034,13
38035,13
38036,13
38037,13
38038,13
38039,13
38095,13
38107,13
38141,13
38212,13
38252,13
38260,13
38265,13
38330,13
38339,13
38453,13
38470,13
38513,13
38620,13
38621,13
38708,13
38732,13
38760,13
38775,13
38779,13
38797,13
38798,13
38817,13
38831,13
38865,13
38866,13
38975,13
38994,13
38995,13
39042,13
39058,13
39068,13
39085,13
39299,13
39337,13
39365,13
39392,13
39466,13
39471,13
39526,13
39530,13
39640,13
39680,13
39731,13
39794,13
39795,13
39800,13
39803,13
39842,13
39963,13
40022,13
40023,13
40048,13
40131,13
40212,13
40217,13
40254,13
40305,13
40336,13
40337,13
40398,13
40399,13
40471,13
40472,13
40519,13
40520,13
40521,13
40639,13
40658,13
40700,13
40746,13
40801,13
40819,13
40855,13
40922,13
40941,13
40959,13
41200,13
41207,13
41211,13
41212,13
41235,13
41236,13
41260,13
41261,13
41282,13
41332,13
41370,13
41375,13
41396,13
41397,13
41512,13
41691,13
41793,13
41794,13
41795,13
41824,13
41848,13
42031,13
42048,13
42141,13
42223,13
42224,13
42324,13
42383,13
42414,13
42517,13
42591,13
42592,13
42714,13
42756,13
42757,13
42848,13
43013,13
43015,13
43016,13
43426,13
43465,13
43466,13
43467,13
43791,13
43793,13
44044,13
44192,13
44193,13
44194,13
44211,13
46701,13
47591,13
48392,13
48422,13
48449,13
48450,13
48467,13
48468,13
48513,13
48568,13
48626,13
48651,13
48652,13
48654,13
48697,13
48698,13
48755,13
48843,13
48880,13
48889,13
49020,13
49028,13
49095,13
49222,13
49223,13
49295,13
49329,13
49335,13
49353,13
49460,13
49524,13
49580,13
49621,13
49637,13
49734,13
49752,13
49760,13
49762,13
49876,13
49922,13
49943,13
49944,13
49945,13
49948,13
49987,13
49989,13
50051,13
50156,13
50161,13
50192,13
50208,13
50237,13
50251,13
50336,13
50434,13
50435,13
50436,13
50469,13
50487,13
50488,13
50622,13
50634,13
50654,13
50804,13
50958,13
51065,13
51088,13
51217,13
51294,13
51338,13
51463,13
51594,13
51662,13
51663,13
51664,13
51721,13
51722,13
51723,13
51736,13
51737,13
51763,13
51988,13
52104,13
52185,13
52197,13
52244,13
52245,13
52252,13
52402,13
52561,13
52617,13
52717,13
52733,13
52734,13
52752,13
52904,13
53070,13
53204,13
53229,13
53257,13
53258,13
53425,13
53492,13
53506,13
53677,13
53678,13
53702,13
53724,13
53725,13
53946,13
53947,13
54015,13
54353,13
54622,13
54623,13
54629,13
54849,13
54912,13
55003,13
55145,13
55146,13
55158,13
55161,13
55162,13
55181,13
55309,13
55512,13
55524,13
55526,13
55547,13
55548,13
55596,13
55616,13
55691,13
518,22
645,22
989,22
1203,22
1223,22
1299,22
1479,22
1561,22
1739,22
1776,22
1958,22
1991,22
2040,22
2181,22
2272,22
2274,22
2282,22
2500,22
2612,22
2616,22
2706,22
2728,22
2733,22
2916,22
2937,22
2938,22
3285,22
3320,22
3362,22
3367,22
3369,22
3388,22
3473,22
3474,22
3573,22
3646,22
3685,22
3724,22
3776,22
3805,22
3808,22
3838,22
3839,22
3885,22
4103,22
4126,22
4158,22
4187,22
4393,22
4396,22
4397,22
4458,22
4586,22
4689,22
4705,22
4709,22
4827,22
4890,22
5016,22
5017,22
5036,22
5043,22
5082,22
5140,22
5168,22
5193,22
5241,22
5263,22
5291,22
5303,22
5344,22
5396,22
5476,22
5503,22
5594,22
5661,22
5662,22
5693,22
5717,22
5809,22
5868,22
5895,22
5953,22
5987,22
6031,22
6055,22
6137,22
6272,22
6273,22
6305,22
6368,22
6399,22
6401,22
6412,22
6481,22
6482,22
6513,22
6517,22
6518,22
6519,22
6522,22
6523,22
6533,22
6568,22
6666,22
6667,22
6670,22
6749,22
6769,22
6777,22
6798,22
6835,22
6841,22
6844,22
6856,22
6857,22
6902,22
7071,22
7174,22
7248,22
7259,22
7296,22
7354,22
7415,22
7416,22
7473,22
7485,22
7497,22
7500,22
7524,22
7659,22
7691,22
7696,22
7705,22
7803,22
7862,22
8092,22
8195,22
8231,22
8312,22
8348,22
8436,22
8478,22
8503,22
8645,22
8646,22
8659,22
8670,22
8677,22
8681,22
8696,22
8697,22
8717,22
8731,22
8732,22
8752,22
8753,22
8772,22
8773,22
8778,22
8783,22
8894,22
8949,22
8972,22
9002,22
9292,22
9361,22
9416,22
9445,22
9502,22
9558,22
9591,22
9606,22
9650,22
9667,22
9732,22
9733,22
9748,22
9749,22
9807,22
9822,22
9826,22
9850,22
9856,22
9868,22
9879,22
9900,22
9902,22
9903,22
9907,22
9910,22
9925,22
9930,22
9944,22
9948,22
9950,22
9952,22
9965,22
9967,22
9996,22
10050,22
10055,22
10112,22
10132,22
10177,22
10217,22
10246,22
10282,22
10285,22
10335,22
10349,22
10445,22
10509,22
10519,22
10585,22
10586,22
10602,22
10603,22
10691,22
10705,22
10706,22
10710,22
10720,22
10775,22
10799,22
10849,22
10869,22
10909,22
10941,22
10967,22
11033,22
11177,22
11189,22
11245,22
11483,22
11487,22
11507,22
11511,22
11525,22
11537,22
11583,22
11625,22
11711,22
11795,22
11829,22
12101,22
12121,22
12165,22
12359,22
12411,22
12451,22
12569,22
12613,22
12623,22
12637,22
12659,22
12661,22
12683,22
12763,22
12903,22
12935,22
12971,22
12993,22
13053,22
13153,22
13165,22
13167,22
13253,22
13259,22
13281,22
13303,22
13311,22
13359,22
13463,22
13465,22
13513,22
13543,22
13553,22
13673,22
13755,22
13857,22
14023,22
14059,22
14069,22
14125,22
14211,22
14213,22
14367,22
14951,22
15069,22
15111,22
15127,22
15129,22
15137,22
15139,22
15279,22
15407,22
15423,22
15453,22
15525,22
15527,22
15529,22
15547,22
15653,22
15673,22
15787,22
15811,22
16119,22
16199,22
16257,22
16490,22
16506,22
16570,22
16692,22
17010,22
17086,22
17151,22
17209,22
17353,22
17469,22
17471,22
17479,22
17485,22
17513,22
17601,22
17613,22
17651,22
17693,22
17705,22
17725,22
17897,22
17903,22
17913,22
17949,22
17953,22
17977,22
17979,22
17981,22
18007,22
18031,22
18137,22
18191,22
18343,22
18567,22
18569,22
18587,22
18589,22
18643,22
18743,22
18823,22
18825,22
18829,22
19053,22
19067,22
19071,22
19081,22
19137,22
19185,22
19187,22
19217,22
19287,22
19401,22
19433,22
19519,22
19521,22
19557,22
19597,22
19727,22
19839,22
19985,22
20009,22
20087,22
20115,22
20183,22
20187,22
20355,22
20365,22
20529,22
20613,22
20667,22
20707,22
20725,22
20857,22
20877,22
20889,22
20913,22
20919,22
20971,22
21031,22
21055,22
21081,22
21089,22
21103,22
21129,22
21409,22
21421,22
21451,22
21517,22
21553,22
21711,22
21713,22
21715,22
21717,22
21749,22
21761,22
21763,22
21765,22
21771,22
21773,22
21831,22
21835,22
21875,22
21891,22
21981,22
22059,22
22099,22
22131,22
22221,22
22239,22
22273,22
22279,22
22293,22
22413,22
22443,22
22467,22
22469,22
22471,22
22473,22
22507,22
22509,22
22513,22
22523,22
22567,22
22619,22
22639,22
22735,22
22999,22
23001,22
23129,22
23137,22
23157,22
23181,22
23349,22
23365,22
23375,22
23483,22
23633,22
23635,22
23637,22
23731,22
23799,22
23917,22
23943,22
24037,22
24049,22
24179,22
24181,22
24197,22
24199,22
24201,22
24315,22
24429,22
24575,22
24633,22
24675,22
24783,22
24785,22
24789,22
24791,22
24795,22
24803,22
24819,22
24823,22
24843,22
24859,22
24861,22
24875,22
24881,22
24901,22
24903,22
24905,22
24985,22
24995,22
24999,22
25091,22
25093,22
25103,22
25113,22
25149,22
25173,22
25259,22
25291,22
25293,22
25329,22
25461,22
25473,22
25495,22
25533,22
25541,22
25545,22
25549,22
25609,22
25611,22
25613,22
25615,22
25617,22
25619,22
25627,22
25639,22
25641,22
25857,22
25991,22
26033,22
26089,22
26135,22
26137,22
26139,22
26141,22
26143,22
26145,22
26147,22
26151,22
26153,22
26155,22
26157,22
26159,22
26197,22
26293,22
27377,22
27417,22
27451,22
27453,22
27457,22
27459,22
27461,22
27463,22
27575,22
27737,22
27793,22
27841,22
27843,22
27845,22
27849,22
27851,22
27853,22
27855,22
27961,22
27997,22
28017,22
28023,22
28069,22
28073,22
28091,22
28113,22
28115,22
28197,22
28205,22
28355,22
28439,22
28487,22
28653,22
28655,22
28687,22
28689,22
28693,22
28723,22
28749,22
28765,22
28831,22
28881,22
28897,22
28921,22
28963,22
28991,22
29053,22
29103,22
29107,22
29123,22
29151,22
29153,22
29177,22
29179,22
29181,22
29247,22
29249,22
29271,22
29273,22
29311,22
29355,22
29379,22
29401,22
29403,22
29409,22
29411,22
29435,22
29451,22
29455,22
29457,22
29459,22
29477,22
29479,22
29483,22
29489,22
29503,22
29507,22
29535,22
29543,22
29555,22
29557,22
29559,22
29585,22
29643,22
29655,22
29671,22
29707,22
29738,22
29740,22
29744,22
29745,22
29757,22
29759,22
29765,22
29767,22
29770,22
29778,22
29782,22
29791,22
29792,22
29793,22
29795,22
29796,22
29797,22
29798,22
29799,22
29814,22
29833,22
29853,22
29856,22
29867,22
29888,22
29895,22
29897,22
29904,22
29906,22
29908,22
29917,22
29918,22
29919,22
29920,22
29921,22
29922,22
29923,22
29924,22
29925,22
29926,22
29927,22
29928,22
29929,22
29933,22
29941,22
29946,22
29947,22
29948,22
29955,22
29963,22
29966,22
29970,22
29974,22
30010,22
30012,22
30018,22
30019,22
30025,22
30039,22
30054,22
30055,22
30065,22
30072,22
30073,22
30074,22
30075,22
30076,22
30077,22
30078,22
30081,22
30082,22
30085,22
30092,22
30104,22
30105,22
30106,22
30116,22
30119,22
30129,22
30131,22
30157,22
30158,22
30160,22
30161,22
30162,22
30163,22
30164,22
30167,22
30169,22
30199,22
30200,22
30201,22
30202,22
30204,22
30207,22
30208,22
30209,22
30234,22
30241,22
30284,22
30298,22
30397,22
30399,22
30400,22
30401,22
30405,22
30424,22
30425,22
30427,22
30428,22
30429,22
30430,22
30431,22
30433,22
30435,22
30445,22
30514,22
30534,22
30576,22
30766,22
30842,22
30845,22
30861,22
30886,22
30892,22
30903,22
30924,22
30942,22
30952,22
30959,22
30969,22
30973,22
30983,22
30984,22
31048,22
31068,22
31078,22
31102,22
31108,22
31166,22
31280,22
31300,22
31508,22
31509,22
31510,22
31511,22
31547,22
31563,22
31568,22
31624,22
31639,22
31641,22
31662,22
31692,22
31694,22
31695,22
31698,22
31701,22
31730,22
31749,22
31760,22
31762,22
31769,22
31780,22
31830,22
31831,22
31832,22
31833,22
31834,22
31846,22
31867,22
31872,22
31873,22
31874,22
31878,22
31880,22
31882,22
31894,22
31908,22
31914,22
31924,22
31972,22
31989,22
32030,22
32031,22
32058,22
32073,22
32074,22
32133,22
32166,22
32167,22
32212,22
32221,22
32225,22
32227,22
32229,22
32233,22
32253,22
32254,22
32293,22
32322,22
32338,22
32344,22
32345,22
32384,22
32388,22
32420,22
32421,22
32430,22
32446,22
32448,22
32468,22
32472,22
32473,22
32475,22
32481,22
32572,22
32583,22
32598,22
32626,22
32627,22
32633,22
32639,22
32642,22
32644,22
32691,22
32693,22
32695,22
32700,22
32730,22
32740,22
32745,22
32747,22
32748,22
32750,22
32752,22
32755,22
32756,22
32757,22
32761,22
32762,22
32763,22
32764,22
32765,22
32767,22
32768,22
32772,22
32775,22
32776,22
32777,22
32778,22
32779,22
32781,22
32783,22
32784,22
32785,22
32794,22
32799,22
32800,22
32803,22
32811,22
32812,22
32813,22
32826,22
32844,22
32847,22
32850,22
32851,22
32853,22
32855,22
32856,22
32857,22
32858,22
32859,22
32860,22
32861,22
32862,22
32868,22
32904,22
32907,22
32920,22
32928,22
32950,22
32953,22
33037,22
33045,22
33046,22
33059,22
33060,22
33062,22
33077,22
33079,22
33083,22
33084,22
33106,22
33108,22
33119,22
33124,22
33130,22
33148,22
33177,22
33187,22
33197,22
33200,22
33217,22
33236,22
33272,22
33319,22
33342,22
33369,22
33388,22
33389,22
33394,22
33400,22
33401,22
33420,22
33429,22
33485,22
33522,22
33523,22
33526,22
33572,22
33573,22
33580,22
33607,22
33618,22
33658,22
33689,22
33690,22
33698,22
33718,22
33720,22
33727,22
33736,22
33740,22
33808,22
33826,22
33827,22
33828,22
33839,22
33840,22
33842,22
33860,22
33866,22
33885,22
33887,22
33898,22
33905,22
33906,22
33907,22
33908,22
33909,22
33910,22
33936,22
33938,22
33945,22
33970,22
33978,22
33982,22
33998,22
33999,22
34000,22
34028,22
34140,22
34153,22
34182,22
34183,22
34185,22
34186,22
34194,22
34226,22
34243,22
34252,22
34310,22
34315,22
34340,22
34366,22
34406,22
34412,22
34418,22
34423,22
34424,22
34425,22
34426,22
34432,22
34450,22
34474,22
34552,22
34580,22
34589,22
34607,22
34625,22
34643,22
34652,22
34656,22
34657,22
34666,22
34685,22
34690,22
34700,22
34704,22
34705,22
34706,22
34717,22
34719,22
34723,22
34725,22
34743,22
34751,22
34771,22
34785,22
34787,22
34836,22
34856,22
34857,22
34858,22
34859,22
34860,22
34861,22
34868,22
34889,22
34907,22
34908,22
34910,22
34915,22
34924,22
34925,22
34930,22
34931,22
34935,22
34943,22
34952,22
34954,22
34958,22
34961,22
34985,22
34992,22
34993,22
35003,22
35006,22
35032,22
35033,22
35036,22
35037,22
35038,22
35040,22
35048,22
35054,22
35055,22
35056,22
35057,22
35058,22
35059,22
35092,22
35101,22
35102,22
35103,22
35105,22
35106,22
35107,22
35108,22
35109,22
35119,22
35148,22
35151,22
35152,22
35154,22
35160,22
35161,22
35162,22
35163,22
35164,22
35165,22
35166,22
35168,22
35170,22
35172,22
35173,22
35174,22
35175,22
35176,22
35177,22
35212,22
35229,22
35264,22
35272,22
35273,22
35275,22
35276,22
35278,22
35279,22
35280,22
35294,22
35302,22
35324,22
35329,22
35339,22
35349,22
35350,22
35364,22
35365,22
35366,22
35386,22
35390,22
35394,22
35395,22
35398,22
35403,22
35408,22
35409,22
35410,22
35416,22
35419,22
35423,22
35453,22
35456,22
35475,22
35491,22
35493,22
35510,22
35511,22
35514,22
35527,22
35530,22
35531,22
35532,22
35533,22
35534,22
35535,22
35536,22
35537,22
35553,22
35554,22
35566,22
35585,22
35587,22
35588,22
35617,22
35623,22
35642,22
35648,22
35651,22
35663,22
35666,22
35667,22
35668,22
35669,22
35670,22
35671,22
35680,22
35681,22
35682,22
35683,22
35696,22
35697,22
35699,22
35700,22
35701,22
35708,22
35721,22
35722,22
35723,22
35734,22
35735,22
35747,22
35752,22
35774,22
35777,22
35778,22
35782,22
35783,22
35784,22
35785,22
35786,22
35809,22
35958,22
35962,22
35974,22
35978,22
35979,22
35992,22
36009,22
36018,22
36055,22
36056,22
36057,22
36061,22
36063,22
36065,22
36066,22
36067,22
36069,22
36070,22
36071,22
36072,22
36074,22
36078,22
36079,22
36080,22
36081,22
36082,22
36083,22
36084,22
36085,22
36086,22
36087,22
36088,22
36089,22
36090,22
36091,22
36092,22
36093,22
36095,22
36101,22
36102,22
36103,22
36107,22
36111,22
36113,22
36114,22
36116,22
36125,22
36129,22
36130,22
36136,22
36159,22
36167,22
36169,22
36170,22
36172,22
36173,22
36175,22
36180,22
36181,22
36183,22
36186,22
36191,22
36233,22
36249,22
36258,22
36269,22
36270,22
36271,22
36272,22
36274,22
36279,22
36281,22
36287,22
36289,22
36292,22
36293,22
36294,22
36299,22
36300,22
36301,22
36302,22
36310,22
36311,22
36312,22
36315,22
36321,22
36322,22
36323,22
36324,22
36325,22
36326,22
36347,22
36348,22
36349,22
36350,22
36351,22
36352,22
36353,22
36354,22
36355,22
36356,22
36357,22
36358,22
36359,22
36360,22
36361,22
36362,22
36372,22
36373,22
36374,22
36375,22
36376,22
36377,22
36378,22
36380,22
36382,22
36383,22
36384,22
36385,22
36386,22
36387,22
36388,22
36389,22
36390,22
36391,22
36392,22
36393,22
36394,22
36396,22
36398,22
36399,22
36400,22
36401,22
36402,22
36403,22
36410,22
36411,22
36451,22
36473,22
36483,22
36489,22
36493,22
36501,22
36502,22
36529,22
36530,22
36550,22
36559,22
36572,22
36573,22
36583,22
36594,22
36595,22
36596,22
36597,22
36598,22
36599,22
36600,22
36601,22
36602,22
36603,22
36604,22
36605,22
36606,22
36607,22
36608,22
36613,22
36618,22
36621,22
36623,22
36630,22
36631,22
36640,22
36667,22
36668,22
36669,22
36671,22
36672,22
36673,22
36674,22
36675,22
36676,22
36677,22
36678,22
36679,22
36680,22
36684,22
36685,22
36701,22
36716,22
36725,22
36727,22
36749,22
36752,22
36760,22
36763,22
36764,22
36767,22
36778,22
36780,22
36781,22
36806,22
36807,22
36808,22
36809,22
36810,22
36811,22
36812,22
36818,22
36819,22
36820,22
36821,22
36822,22
36841,22
36846,22
36883,22
36918,22
36919,22
36920,22
36921,22
36922,22
36932,22
36954,22
36968,22
36970,22
36973,22
36978,22
36981,22
37002,22
37008,22
37009,22
37010,22
37011,22
37017,22
37018,22
37028,22
37059,22
37060,22
37064,22
37065,22
37066,22
37067,22
37069,22
37070,22
37071,22
37072,22
37074,22
37075,22
37096,22
37106,22
37124,22
37135,22
37136,22
37138,22
37143,22
37145,22
37153,22
37155,22
37190,22
37191,22
37192,22
37193,22
37194,22
37195,22
37196,22
37198,22
37212,22
37217,22
37255,22
37273,22
37278,22
37279,22
37285,22
37316,22
37336,22
37337,22
37343,22
37344,22
37350,22
37351,22
37352,22
37355,22
37356,22
37357,22
37362,22
37369,22
37370,22
37384,22
37401,22
37404,22
37406,22
37413,22
37414,22
37454,22
37455,22
37461,22
37462,22
37463,22
37464,22
37465,22
37466,22
37468,22
37493,22
37494,22
37511,22
37528,22
37530,22
37532,22
37533,22
37534,22
37536,22
37537,22
37538,22
37539,22
37540,22
37542,22
37550,22
37553,22
37588,22
37594,22
37603,22
37604,22
37605,22
37606,22
37609,22
37610,22
37611,22
37622,22
37639,22
37665,22
37668,22
37669,22
37670,22
37679,22
37680,22
37683,22
37684,22
37686,22
37687,22
37688,22
37689,22
37690,22
37691,22
37692,22
37693,22
37694,22
37695,22
37696,22
37714,22
37717,22
37720,22
37721,22
37723,22
37730,22
37732,22
37733,22
37734,22
37739,22
37749,22
37762,22
37818,22
37825,22
37845,22
37854,22
37863,22
37867,22
37869,22
37870,22
37876,22
37877,22
37878,22
37891,22
37892,22
37930,22
37941,22
37942,22
37943,22
37944,22
37945,22
37947,22
37950,22
37951,22
37954,22
37955,22
37959,22
38011,22
38013,22
38014,22
38028,22
38029,22
38042,22
38043,22
38044,22
38045,22
38047,22
38048,22
38051,22
38052,22
38054,22
38057,22
38063,22
38070,22
38071,22
38072,22
38074,22
38075,22
38081,22
38094,22
38096,22
38099,22
38154,22
38158,22
38167,22
38175,22
38194,22
38195,22
38267,22
38271,22
38287,22
38304,22
38305,22
38306,22
38307,22
38308,22
38309,22
38310,22
38311,22
38319,22
38320,22
38321,22
38322,22
38323,22
38324,22
38326,22
38327,22
38338,22
38341,22
38362,22
38378,22
38379,22
38387,22
38392,22
38407,22
38429,22
38445,22
38471,22
38477,22
38478,22
38485,22
38486,22
38487,22
38488,22
38495,22
38497,22
38500,22
38503,22
38509,22
38521,22
38534,22
38535,22
38537,22
38551,22
38552,22
38587,22
38603,22
38609,22
38611,22
38612,22
38613,22
38614,22
38616,22
38618,22
38626,22
38631,22
38640,22
38669,22
38670,22
38685,22
38702,22
38703,22
38728,22
38738,22
38756,22
38762,22
38763,22
38764,22
38765,22
38766,22
38769,22
38771,22
38772,22
38784,22
38785,22
38786,22
38794,22
38796,22
38800,22
38805,22
38808,22
38809,22
38811,22
38812,22
38813,22
38820,22
38827,22
38852,22
38855,22
38856,22
38857,22
38886,22
38887,22
38888,22
38896,22
38898,22
38901,22
38905,22
38907,22
38911,22
38913,22
38914,22
38922,22
38926,22
38927,22
38928,22
38933,22
38934,22
38960,22
38964,22
38968,22
38974,22
38980,22
38986,22
38997,22
39001,22
39013,22
39027,22
39032,22
39037,22
39038,22
39048,22
39065,22
39075,22
39082,22
39083,22
39086,22
39087,22
39089,22
39091,22
39093,22
39098,22
39099,22
39103,22
39104,22
39105,22
39106,22
39107,22
39108,22
39112,22
39113,22
39114,22
39117,22
39121,22
39122,22
39124,22
39125,22
39126,22
39127,22
39128,22
39129,22
39130,22
39131,22
39132,22
39133,22
39135,22
39136,22
39137,22
39138,22
39139,22
39140,22
39144,22
39145,22
39146,22
39147,22
39148,22
39149,22
39150,22
39151,22
39153,22
39154,22
39155,22
39156,22
39157,22
39158,22
39159,22
39160,22
39161,22
39163,22
39164,22
39165,22
39166,22
39167,22
39168,22
39169,22
39170,22
39171,22
39172,22
39173,22
39174,22
39182,22
39183,22
39187,22
39200,22
39201,22
39202,22
39203,22
39204,22
39205,22
39207,22
39208,22
39211,22
39215,22
39216,22
39219,22
39220,22
39224,22
39225,22
39228,22
39229,22
39242,22
39243,22
39245,22
39253,22
39254,22
39255,22
39256,22
39258,22
39260,22
39261,22
39262,22
39263,22
39265,22
39273,22
39275,22
39279,22
39281,22
39284,22
39285,22
39286,22
39288,22
39293,22
39294,22
39296,22
39297,22
39305,22
39306,22
39313,22
39314,22
39320,22
39321,22
39323,22
39330,22
39331,22
39342,22
39345,22
39348,22
39349,22
39353,22
39354,22
39356,22
39360,22
39367,22
39370,22
39371,22
39372,22
39373,22
39375,22
39376,22
39377,22
39381,22
39393,22
39394,22
39395,22
39396,22
39401,22
39403,22
39404,22
39406,22
39407,22
39408,22
39409,22
39426,22
39427,22
39429,22
39450,22
39451,22
39452,22
39453,22
39465,22
39476,22
39478,22
39479,22
39488,22
39499,22
39500,22
39501,22
39502,22
39503,22
39504,22
39507,22
39511,22
39517,22
39544,22
39549,22
39560,22
39611,22
39619,22
39624,22
39625,22
39626,22
39627,22
39644,22
39658,22
39681,22
39682,22
39684,22
39691,22
39694,22
39696,22
39697,22
39706,22
39716,22
39727,22
39735,22
39754,22
39758,22
39759,22
39782,22
39786,22
39787,22
39793,22
39812,22
39815,22
39826,22
39831,22
39854,22
39857,22
39858,22
39869,22
39870,22
39874,22
39876,22
39877,22
39884,22
39886,22
39888,22
39889,22
39891,22
39892,22
39896,22
39901,22
39910,22
39911,22
39914,22
39916,22
39918,22
39919,22
39920,22
39922,22
39923,22
39925,22
39926,22
39944,22
39962,22
39975,22
39989,22
39994,22
39997,22
40033,22
40037,22
40057,22
40058,22
40087,22
40088,22
40089,22
40112,22
40121,22
40137,22
40140,22
40147,22
40148,22
40152,22
40153,22
40172,22
40188,22
40200,22
40210,22
40222,22
40238,22
40245,22
40246,22
40255,22
40273,22
40288,22
40298,22
40299,22
40304,22
40316,22
40344,22
40352,22
40360,22
40361,22
40366,22
40373,22
40375,22
40393,22
40406,22
40407,22
40408,22
40412,22
40414,22
40415,22
40425,22
40430,22
40438,22
40441,22
40459,22
40462,22
40463,22
40468,22
40495,22
40502,22
40509,22
40527,22
40531,22
40539,22
40543,22
40552,22
40553,22
40555,22
40556,22
40557,22
40558,22
40559,22
40560,22
40562,22
40564,22
40569,22
40573,22
40576,22
40582,22
40593,22
40599,22
40600,22
40612,22
40621,22
40625,22
40626,22
40630,22
40641,22
40664,22
40665,22
40683,22
40684,22
40686,22
40687,22
40689,22
40690,22
40691,22
40693,22
40695,22
40699,22
40701,22
40702,22
40703,22
40709,22
40710,22
40711,22
40713,22
40715,22
40717,22
40741,22
40742,22
40785,22
40800,22
40828,22
40831,22
40837,22
40838,22
40840,22
40842,22
40859,22
40889,22
40900,22
40924,22
40928,22
40967,22
40970,22
40989,22
41011,22
41019,22
41022,22
41023,22
41033,22
41034,22
41035,22
41039,22
41044,22
41069,22
41070,22
41072,22
41090,22
41091,22
41092,22
41099,22
41100,22
41121,22
41132,22
41164,22
41167,22
41171,22
41174,22
41176,22
41177,22
41178,22
41180,22
41185,22
41188,22
41192,22
41193,22
41197,22
41201,22
41202,22
41230,22
41232,22
41234,22
41237,22
41240,22
41241,22
41242,22
41243,22
41244,22
41247,22
41248,22
41249,22
41251,22
41252,22
41253,22
41255,22
41263,22
41303,22
41308,22
41309,22
41316,22
41317,22
41318,22
41319,22
41377,22
41381,22
41404,22
41412,22
41431,22
41462,22
41485,22
41498,22
41499,22
41500,22
41505,22
41521,22
41534,22
41535,22
41541,22
41568,22
41569,22
41570,22
41602,22
41627,22
41630,22
41633,22
41638,22
41646,22
41651,22
41652,22
41656,22
41663,22
41664,22
41673,22
41684,22
41685,22
41707,22
41709,22
41722,22
41727,22
41729,22
41739,22
41744,22
41759,22
41763,22
41764,22
41766,22
41768,22
41780,22
41781,22
41782,22
41806,22
41820,22
41852,22
41853,22
41904,22
41939,22
41976,22
41987,22
42000,22
42003,22
42005,22
42012,22
42105,22
42121,22
42143,22
42168,22
42199,22
42240,22
42314,22
42316,22
42323,22
42344,22
42378,22
42385,22
42399,22
42482,22
42526,22
42563,22
42584,22
42600,22
42602,22
42612,22
42616,22
42617,22
42618,22
42619,22
42628,22
42636,22
42637,22
42638,22
42639,22
42646,22
42649,22
42650,22
42656,22
42662,22
42663,22
42666,22
42672,22
42673,22
42681,22
42682,22
42690,22
42699,22
42703,22
42722,22
42731,22
42733,22
42736,22
42744,22
42748,22
42749,22
42750,22
42762,22
42767,22
42768,22
42783,22
42784,22
42785,22
42793,22
42811,22
42837,22
42838,22
42842,22
42843,22
42844,22
42845,22
42846,22
42852,22
42865,22
42872,22
42873,22
42882,22
42887,22
42888,22
42889,22
42895,22
42896,22
42903,22
42908,22
42909,22
42911,22
42919,22
42925,22
42935,22
42952,22
42954,22
42958,22
42971,22
42981,22
43005,22
43201,22
43203,22
43208,22
43212,22
43213,22
43214,22
43215,22
43216,22
43218,22
43219,22
43220,22
43221,22
43222,22
43224,22
43225,22
43226,22
43227,22
43228,22
43231,22
43232,22
43233,22
43235,22
43236,22
43237,22
43238,22
43239,22
43241,22
43242,22
43243,22
43244,22
43245,22
43246,22
43248,22
43249,22
43250,22
43252,22
43253,22
43258,22
43259,22
43260,22
43261,22
43262,22
43263,22
43264,22
43265,22
43266,22
43267,22
43269,22
43270,22
43271,22
43272,22
43273,22
43274,22
43275,22
43276,22
43277,22
43278,22
43279,22
43280,22
43281,22
43282,22
43283,22
43284,22
43286,22
43287,22
43292,22
43303,22
43305,22
43308,22
43311,22
43312,22
43313,22
43314,22
43316,22
43317,22
43319,22
43320,22
43337,22
43338,22
43340,22
43341,22
43342,22
43343,22
43344,22
43345,22
43346,22
43347,22
43348,22
43352,22
43354,22
43357,22
43358,22
43359,22
43360,22
43361,22
43362,22
43363,22
43364,22
43365,22
43366,22
43367,22
43368,22
43369,22
43370,22
43371,22
43372,22
43373,22
43374,22
43375,22
43376,22
43377,22
43378,22
43379,22
43380,22
43381,22
43382,22
43383,22
43384,22
43386,22
43389,22
43390,22
43391,22
43392,22
43393,22
43394,22
43395,22
43398,22
43399,22
43400,22
43401,22
43402,22
43403,22
43404,22
43405,22
43406,22
43407,22
43409,22
43410,22
43411,22
43415,22
43435,22
43446,22
43447,22
43448,22
43449,22
43450,22
43454,22
43455,22
43456,22
43457,22
43458,22
43459,22
43460,22
43461,22
43462,22
43463,22
43464,22
43469,22
43475,22
43476,22
43485,22
43488,22
43489,22
43490,22
43491,22
43492,22
43493,22
43494,22
43495,22
43496,22
43497,22
43498,22
43499,22
43501,22
43502,22
43503,22
43504,22
43505,22
43508,22
43509,22
43510,22
43511,22
43512,22
43513,22
43514,22
43515,22
43516,22
43517,22
43518,22
43519,22
43520,22
43521,22
43522,22
43525,22
43526,22
43531,22
43533,22
43534,22
43535,22
43536,22
43537,22
43538,22
43539,22
43540,22
43541,22
43542,22
43543,22
43544,22
43545,22
43546,22
43548,22
43551,22
43552,22
43564,22
43566,22
43567,22
43569,22
43570,22
43571,22
43572,22
43573,22
43577,22
43578,22
43579,22
43580,22
43582,22
43583,22
43584,22
43586,22
43587,22
43592,22
43593,22
43594,22
43595,22
43596,22
43597,22
43598,22
43601,22
43602,22
43603,22
43605,22
43606,22
43607,22
43610,22
43611,22
43612,22
43613,22
43614,22
43615,22
43616,22
43617,22
43619,22
43620,22
43622,22
43623,22
43624,22
43625,22
43628,22
43632,22
43633,22
43634,22
43636,22
43637,22
43638,22
43639,22
43640,22
43642,22
43643,22
43644,22
43646,22
43647,22
43648,22
43649,22
43650,22
43652,22
43654,22
43655,22
43656,22
43657,22
43658,22
43659,22
43660,22
43661,22
43662,22
43663,22
43664,22
43665,22
43666,22
43667,22
43668,22
43669,22
43670,22
43671,22
43672,22
43673,22
43674,22
43675,22
43676,22
43677,22
43678,22
43679,22
43680,22
43681,22
43682,22
43688,22
43689,22
43694,22
43712,22
43735,22
43739,22
43746,22
43751,22
43762,22
43768,22
43771,22
43775,22
43787,22
43794,22
43795,22
43796,22
43797,22
43798,22
43799,22
43800,22
43801,22
43803,22
43804,22
43805,22
43806,22
43808,22
43809,22
43810,22
43816,22
43817,22
43818,22
43819,22
43820,22
43821,22
43822,22
43824,22
43825,22
43826,22
43827,22
43828,22
43829,22
43832,22
43847,22
43849,22
43852,22
43856,22
43857,22
43879,22
43898,22
43901,22
43906,22
43907,22
43910,22
43911,22
43912,22
43913,22
43914,22
43915,22
43916,22
43917,22
43918,22
43919,22
43936,22
43938,22
43939,22
43941,22
43942,22
43944,22
43945,22
43946,22
43950,22
43951,22
43952,22
43953,22
43954,22
43955,22
43956,22
43960,22
43961,22
43962,22
43964,22
43965,22
43966,22
43967,22
43968,22
43970,22
43975,22
43976,22
43979,22
44018,22
44019,22
44020,22
44021,22
44041,22
44048,22
44077,22
44081,22
44084,22
44099,22
44140,22
44144,22
44145,22
44146,22
44147,22
44148,22
44149,22
44151,22
44152,22
44153,22
44154,22
44155,22
44156,22
44157,22
44158,22
44160,22
44161,22
44162,22
44163,22
44164,22
44165,22
44166,22
44171,22
44175,22
44223,22
44224,22
44246,22
44254,22
44256,22
44257,22
44259,22
44260,22
44263,22
44265,22
44267,22
44271,22
44275,22
44284,22
44288,22
44289,22
44349,22
44373,22
44374,22
44385,22
44407,22
44413,22
44414,22
44415,22
44416,22
44417,22
44418,22
44419,22
44420,22
44421,22
44422,22
44423,22
44424,22
44425,22
44426,22
44434,22
44452,22
44454,22
44455,22
44456,22
44457,22
44458,22
44459,22
44463,22
44473,22
44476,22
44477,22
44478,22
44479,22
44486,22
44488,22
44489,22
44490,22
44491,22
44492,22
44493,22
44499,22
44642,22
44645,22
44651,22
44655,22
44675,22
44685,22
44687,22
44704,22
44707,22
44708,22
44709,22
44710,22
44711,22
44717,22
44718,22
44719,22
44720,22
44721,22
44759,22
44790,22
44826,22
44840,22
44848,22
44849,22
44882,22
44947,22
44949,22
44984,22
45013,22
45031,22
45080,22
45108,22
45109,22
45116,22
45141,22
45155,22
45156,22
45171,22
45176,22
45180,22
45182,22
45188,22
45201,22
45211,22
45212,22
45216,22
45226,22
45229,22
45230,22
45231,22
45236,22
45254,22
45255,22
45257,22
45258,22
45259,22
45263,22
45264,22
45265,22
45267,22
45268,22
45270,22
45271,22
45272,22
45274,22
45276,22
45279,22
45283,22
45284,22
45285,22
45286,22
45287,22
45289,22
45290,22
45291,22
45293,22
45305,22
45306,22
45309,22
45311,22
45312,22
45314,22
45315,22
45326,22
45331,22
45332,22
45341,22
45401,22
45402,22
45404,22
45430,22
45431,22
45449,22
45451,22
45452,22
45454,22
45461,22
45462,22
45463,22
45467,22
45493,22
45537,22
45539,22
45541,22
45543,22
45545,22
45547,22
45548,22
45549,22
45551,22
45552,22
45562,22
45595,22
45612,22
45660,22
45661,22
45662,22
45664,22
45667,22
45668,22
45676,22
45678,22
45679,22
45681,22
45682,22
45683,22
45684,22
45685,22
45687,22
45688,22
45689,22
45690,22
45696,22
45697,22
45698,22
45699,22
45702,22
45703,22
45705,22
45706,22
45707,22
45708,22
45716,22
45717,22
45718,22
45719,22
45720,22
45721,22
45722,22
45723,22
45724,22
45726,22
45727,22
45728,22
45729,22
45730,22
45733,22
45734,22
45735,22
45736,22
45737,22
45738,22
45739,22
45740,22
45741,22
45742,22
45743,22
45744,22
45746,22
45747,22
45748,22
45749,22
45750,22
45751,22
45754,22
45755,22
45756,22
45757,22
45758,22
45759,22
45760,22
45761,22
45762,22
45763,22
45764,22
45765,22
45766,22
45768,22
45769,22
45770,22
45773,22
45774,22
45776,22
45784,22
45785,22
45786,22
45787,22
45788,22
45790,22
45793,22
45794,22
45795,22
45796,22
45797,22
45799,22
45800,22
45801,22
45802,22
45811,22
45812,22
45816,22
45821,22
45822,22
45823,22
45824,22
45825,22
45826,22
45827,22
45828,22
45829,22
45830,22
45834,22
45838,22
45854,22
45855,22
45858,22
45860,22
45861,22
45862,22
45866,22
45868,22
45869,22
45870,22
45871,22
45872,22
45874,22
45876,22
45879,22
45881,22
45882,22
45883,22
45884,22
45886,22
45889,22
45892,22
45897,22
45898,22
45900,22
45901,22
45903,22
45904,22
45905,22
45907,22
45908,22
45911,22
45912,22
45914,22
45915,22
45916,22
45919,22
45920,22
45921,22
45922,22
45926,22
45927,22
45928,22
45929,22
45930,22
45934,22
45941,22
45944,22
45946,22
45954,22
45963,22
45965,22
45966,22
45971,22
45973,22
45976,22
45977,22
45979,22
45980,22
45986,22
45988,22
46013,22
46016,22
46020,22
46029,22
46031,22
46037,22
46038,22
46040,22
46049,22
46050,22
46055,22
46065,22
46066,22
46072,22
46073,22
46075,22
46098,22
46116,22
46117,22
46120,22
46121,22
46123,22
46125,22
46126,22
46128,22
46129,22
46130,22
46131,22
46133,22
46134,22
46135,22
46136,22
46137,22
46138,22
46139,22
46142,22
46145,22
46146,22
46151,22
46152,22
46153,22
46154,22
46157,22
46159,22
46165,22
46168,22
46169,22
46172,22
46173,22
46175,22
46176,22
46178,22
46183,22
46191,22
46205,22
46209,22
46210,22
46211,22
46213,22
46214,22
46216,22
46217,22
46218,22
46220,22
46221,22
46239,22
46255,22
46256,22
46263,22
46268,22
46270,22
46274,22
46275,22
46276,22
46277,22
46278,22
46279,22
46281,22
46283,22
46284,22
46288,22
46289,22
46293,22
46295,22
46299,22
46305,22
46307,22
46308,22
46309,22
46310,22
46311,22
46312,22
46313,22
46314,22
46315,22
46316,22
46318,22
46320,22
46322,22
46323,22
46325,22
46328,22
46331,22
46336,22
46341,22
46345,22
46346,22
46348,22
46351,22
46353,22
46354,22
46356,22
46360,22
46365,22
46367,22
46369,22
46370,22
46372,22
46373,22
46374,22
46375,22
46378,22
46387,22
46389,22
46390,22
46391,22
46395,22
46396,22
46397,22
46398,22
46399,22
46400,22
46401,22
46402,22
46407,22
46409,22
46411,22
46423,22
46427,22
46429,22
46432,22
46433,22
46434,22
46435,22
46437,22
46440,22
46445,22
46458,22
46461,22
46462,22
46463,22
46468,22
46469,22
46472,22
46479,22
46502,22
46505,22
46506,22
46509,22
46511,22
46512,22
46513,22
46519,22
46521,22
46524,22
46525,22
46528,22
46532,22
46535,22
46536,22
46537,22
46539,22
46540,22
46541,22
46542,22
46547,22
46548,22
46549,22
46553,22
46554,22
46555,22
46556,22
46557,22
46559,22
46560,22
46561,22
46562,22
46563,22
46564,22
46565,22
46566,22
46567,22
46570,22
46571,22
46572,22
46573,22
46574,22
46575,22
46576,22
46577,22
46578,22
46579,22
46580,22
46581,22
46582,22
46583,22
46584,22
46590,22
46591,22
46592,22
46594,22
46595,22
46596,22
46597,22
46599,22
46600,22
46601,22
46602,22
46603,22
46615,22
46616,22
46619,22
46620,22
46621,22
46623,22
46625,22
46626,22
46627,22
46633,22
46634,22
46635,22
46636,22
46637,22
46638,22
46640,22
46646,22
46659,22
46661,22
46662,22
46663,22
46665,22
46666,22
46667,22
46673,22
46674,22
46675,22
46676,22
46677,22
46678,22
46683,22
46688,22
46689,22
46690,22
46691,22
46692,22
46693,22
46694,22
46695,22
46698,22
46699,22
46700,22
46702,22
46703,22
46705,22
46706,22
46707,22
46709,22
46710,22
46711,22
46712,22
46713,22
46714,22
46716,22
46717,22
46718,22
46719,22
46721,22
46722,22
46723,22
46724,22
46725,22
46726,22
46728,22
46731,22
46732,22
46736,22
46738,22
46740,22
46741,22
46743,22
46744,22
46748,22
46749,22
46750,22
46751,22
46752,22
46753,22
46754,22
46758,22
46759,22
46761,22
46767,22
46784,22
46785,22
46788,22
46789,22
46790,22
46793,22
46794,22
46795,22
46796,22
46797,22
46806,22
46807,22
46817,22
46823,22
46827,22
46830,22
46831,22
46832,22
46834,22
46835,22
46837,22
46838,22
46843,22
46848,22
46858,22
46861,22
46872,22
46876,22
46889,22
46896,22
46897,22
46903,22
46904,22
46909,22
46913,22
46918,22
46919,22
46920,22
46939,22
46940,22
46942,22
46943,22
46949,22
46950,22
46952,22
46953,22
46955,22
46956,22
46963,22
46967,22
46978,22
46990,22
46992,22
46993,22
46996,22
46997,22
46998,22
46999,22
47001,22
47002,22
47003,22
47007,22
47008,22
47009,22
47010,22
47011,22
47012,22
47013,22
47015,22
47018,22
47019,22
47021,22
47023,22
47025,22
47029,22
47030,22
47034,22
47035,22
47036,22
47037,22
47058,22
47060,22
47061,22
47065,22
47066,22
47067,22
47070,22
47078,22
47079,22
47083,22
47084,22
47085,22
47091,22
47092,22
47093,22
47101,22
47103,22
47105,22
47106,22
47109,22
47113,22
47114,22
47115,22
47117,22
47118,22
47119,22
47122,22
47123,22
47124,22
47125,22
47126,22
47127,22
47128,22
47131,22
47136,22
47139,22
47142,22
47145,22
47146,22
47149,22
47150,22
47151,22
47152,22
47153,22
47157,22
47169,22
47170,22
47171,22
47172,22
47173,22
47174,22
47178,22
47179,22
47181,22
47182,22
47183,22
47193,22
47206,22
47251,22
47254,22
47267,22
47272,22
47280,22
47291,22
47296,22
47297,22
47300,22
47302,22
47303,22
47304,22
47314,22
47315,22
47317,22
47318,22
47319,22
47320,22
47323,22
47324,22
47325,22
47326,22
47327,22
47328,22
47330,22
47331,22
47332,22
47333,22
47334,22
47336,22
47337,22
47338,22
47339,22
47340,22
47342,22
47344,22
47345,22
47349,22
47351,22
47352,22
47353,22
47355,22
47369,22
47370,22
47426,22
47445,22
47446,22
47447,22
47453,22
47454,22
47455,22
47456,22
47457,22
47497,22
47498,22
47507,22
47517,22
47528,22
47530,22
47538,22
47543,22
47545,22
47557,22
47590,22
47601,22
47603,22
47604,22
47606,22
47607,22
47608,22
47609,22
47635,22
47650,22
47655,22
47658,22
47659,22
47662,22
47663,22
47664,22
47665,22
47667,22
47669,22
47671,22
47672,22
47673,22
47682,22
47684,22
47685,22
47686,22
47687,22
47688,22
47689,22
47690,22
47691,22
47692,22
47693,22
47694,22
47695,22
47697,22
47702,22
47703,22
47706,22
47707,22
47709,22
47719,22
47720,22
47721,22
47723,22
47729,22
47730,22
47731,22
47734,22
47739,22
47740,22
47744,22
47745,22
47746,22
47751,22
47753,22
47754,22
47755,22
47757,22
47759,22
47761,22
47762,22
47763,22
47764,22
47766,22
47767,22
47768,22
47774,22
47775,22
47797,22
47798,22
47799,22
47800,22
47801,22
47802,22
47803,22
47804,22
47805,22
47806,22
47810,22
47828,22
47829,22
47835,22
47836,22
47849,22
47858,22
47864,22
47868,22
47883,22
47885,22
47887,22
47888,22
47900,22
47902,22
47904,22
47912,22
47913,22
47924,22
47925,22
47928,22
47930,22
47932,22
47935,22
47937,22
47944,22
47946,22
47947,22
47948,22
47949,22
47951,22
47954,22
47955,22
47956,22
47957,22
47958,22
47959,22
47960,22
47961,22
47965,22
47967,22
47970,22
47971,22
47975,22
47976,22
47978,22
47986,22
47987,22
47988,22
47989,22
47990,22
47991,22
47992,22
47994,22
47996,22
47998,22
48005,22
48007,22
48008,22
48009,22
48010,22
48011,22
48012,22
48013,22
48014,22
48015,22
48016,22
48017,22
48019,22
48020,22
48021,22
48022,22
48025,22
48026,22
48029,22
48031,22
48032,22
48033,22
48034,22
48037,22
48038,22
48039,22
48040,22
48041,22
48042,22
48043,22
48044,22
48046,22
48047,22
48049,22
48050,22
48051,22
48053,22
48055,22
48057,22
48058,22
48059,22
48061,22
48062,22
48064,22
48065,22
48067,22
48068,22
48070,22
48071,22
48073,22
48074,22
48076,22
48077,22
48078,22
48079,22
48080,22
48081,22
48082,22
48083,22
48084,22
48085,22
48086,22
48087,22
48088,22
48089,22
48090,22
48091,22
48092,22
48094,22
48096,22
48101,22
48104,22
48107,22
48110,22
48111,22
48112,22
48114,22
48118,22
48134,22
48135,22
48137,22
48142,22
48164,22
48175,22
48187,22
48224,22
48254,22
48257,22
48268,22
48273,22
48275,22
48276,22
48279,22
48281,22
48282,22
48288,22
48292,22
48295,22
48300,22
48304,22
48328,22
48341,22
48349,22
48350,22
48377,22
48378,22
48410,22
48432,22
48439,22
48519,22
48524,22
48525,22
48529,22
48530,22
48531,22
48533,22
48538,22
48540,22
48541,22
48552,22
48554,22
48557,22
48558,22
48560,22
48562,22
48565,22
48566,22
48604,22
48605,22
48606,22
48645,22
48653,22
48708,22
48711,22
48762,22
48763,22
48764,22
48772,22
48773,22
48814,22
48825,22
48827,22
48828,22
48847,22
48881,22
48882,22
48894,22
48908,22
48920,22
48930,22
48963,22
48967,22
48987,22
49004,22
49008,22
49009,22
49014,22
49036,22
49054,22
49060,22
49099,22
49103,22
49104,22
49116,22
49122,22
49126,22
49127,22
49133,22
49139,22
49147,22
49148,22
49153,22
49189,22
49210,22
49221,22
49243,22
49245,22
49249,22
49250,22
49251,22
49252,22
49253,22
49254,22
49255,22
49257,22
49285,22
49395,22
49418,22
49420,22
49434,22
49437,22
49439,22
49442,22
49475,22
49490,22
49527,22
49528,22
49529,22
49532,22
49560,22
49600,22
49615,22
49644,22
49645,22
49669,22
49678,22
49682,22
49684,22
49692,22
49722,22
49737,22
49748,22
49751,22
49768,22
49769,22
49838,22
49845,22
49855,22
49861,22
49878,22
49880,22
49882,22
49898,22
49899,22
49900,22
49901,22
49902,22
49903,22
49920,22
49941,22
49960,22
49961,22
49963,22
49964,22
49965,22
49966,22
49968,22
49970,22
49971,22
49988,22
49994,22
49995,22
49996,22
49997,22
50005,22
50006,22
50007,22
50008,22
50009,22
50022,22
50027,22
50028,22
50029,22
50030,22
50031,22
50033,22
50040,22
50041,22
50042,22
50043,22
50054,22
50056,22
50057,22
50058,22
50059,22
50062,22
50063,22
50064,22
50066,22
50071,22
50073,22
50074,22
50075,22
50076,22
50077,22
50078,22
50079,22
50080,22
50082,22
50086,22
50087,22
50088,22
50089,22
50097,22
50100,22
50101,22
50102,22
50103,22
50113,22
50115,22
50116,22
50119,22
50124,22
50125,22
50136,22
50145,22
50146,22
50147,22
50151,22
50158,22
50169,22
50182,22
50183,22
50215,22
50216,22
50225,22
50227,22
50228,22
50229,22
50231,22
50232,22
50288,22
50316,22
50317,22
50352,22
50377,22
50465,22
50466,22
50480,22
50483,22
50484,22
50485,22
50486,22
50495,22
50498,22
50499,22
50505,22
50512,22
50513,22
50522,22
50563,22
50639,22
50655,22
50669,22
50681,22
50695,22
50698,22
50699,22
50735,22
50737,22
50751,22
50762,22
50767,22
50774,22
50815,22
50846,22
50850,22
50851,22
50852,22
50881,22
50931,22
50957,22
50964,22
50980,22
51004,22
51015,22
51047,22
51050,22
51054,22
51056,22
51057,22
51058,22
51076,22
51077,22
51078,22
51080,22
51084,22
51087,22
51089,22
51090,22
51091,22
51097,22
51139,22
51147,22
51154,22
51158,22
51159,22
51160,22
51161,22
51163,22
51185,22
51202,22
51218,22
51230,22
51235,22
51236,22
51237,22
51250,22
51251,22
51254,22
51255,22
51256,22
51308,22
51311,22
51312,22
51315,22
51316,22
51322,22
51323,22
51330,22
51341,22
51342,22
51344,22
51346,22
51348,22
51350,22
51375,22
51407,22
51413,22
51426,22
51428,22
51429,22
51430,22
51433,22
51439,22
51442,22
51443,22
51444,22
51446,22
51449,22
51450,22
51451,22
51452,22
51453,22
51454,22
51471,22
51474,22
51476,22
51478,22
51479,22
51480,22
51481,22
51483,22
51486,22
51487,22
51492,22
51493,22
51501,22
51502,22
51503,22
51505,22
51507,22
51512,22
51513,22
51514,22
51515,22
51516,22
51524,22
51528,22
51529,22
51536,22
51539,22
51545,22
51561,22
51565,22
51573,22
51574,22
51575,22
51577,22
51579,22
51580,22
51586,22
51587,22
51600,22
51605,22
51638,22
51640,22
51642,22
51674,22
51694,22
51695,22
51702,22
51710,22
51727,22
51741,22
51748,22
51752,22
51753,22
51754,22
51755,22
51756,22
51777,22
51785,22
51786,22
51787,22
51797,22
51798,22
51799,22
51804,22
51806,22
51807,22
51809,22
51810,22
51811,22
51812,22
51813,22
51814,22
51816,22
51819,22
51824,22
51830,22
51831,22
51832,22
51839,22
51842,22
51859,22
51862,22
51883,22
51884,22
51885,22
51886,22
51888,22
51891,22
51893,22
51910,22
51911,22
51913,22
51919,22
51956,22
51968,22
51989,22
52009,22
52010,22
52011,22
52016,22
52042,22
52048,22
52049,22
52056,22
52057,22
52058,22
52059,22
52060,22
52062,22
52063,22
52065,22
52067,22
52075,22
52078,22
52085,22
52090,22
52102,22
52103,22
52138,22
52139,22
52140,22
52141,22
52142,22
52144,22
52145,22
52146,22
52147,22
52152,22
52153,22
52154,22
52155,22
52156,22
52157,22
52158,22
52161,22
52190,22
52215,22
52219,22
52220,22
52222,22
52223,22
52232,22
52247,22
52259,22
52260,22
52261,22
52267,22
52268,22
52269,22
52270,22
52275,22
52278,22
52301,22
52302,22
52304,22
52324,22
52325,22
52326,22
52327,22
52329,22
52332,22
52333,22
52334,22
52335,22
52339,22
52340,22
52342,22
52343,22
52344,22
52345,22
52346,22
52348,22
52352,22
52373,22
52382,22
52395,22
52405,22
52407,22
52413,22
52433,22
52453,22
52454,22
52470,22
52471,22
52486,22
52487,22
52507,22
52508,22
52511,22
52512,22
52513,22
52514,22
52515,22
52516,22
52525,22
52526,22
52527,22
52528,22
52529,22
52530,22
52531,22
52532,22
52533,22
52534,22
52536,22
52537,22
52538,22
52539,22
52540,22
52541,22
52542,22
52543,22
52544,22
52548,22
52553,22
52559,22
52560,22
52567,22
52568,22
52569,22
52571,22
52579,22
52580,22
52596,22
52607,22
52711,22
52745,22
52757,22
52758,22
52759,22
52760,22
52813,22
52827,22
52828,22
52829,22
52832,22
52834,22
52846,22
52847,22
52849,22
52871,22
52872,22
52873,22
52875,22
52893,22
52898,22
52899,22
52931,22
52937,22
52938,22
52939,22
52942,22
52957,22
52959,22
52960,22
52963,22
52978,22
52979,22
52980,22
52982,22
52986,22
52988,22
52989,22
52993,22
52997,22
52999,22
53001,22
53007,22
53009,22
53010,22
53021,22
53023,22
53024,22
53036,22
53093,22
53096,22
53098,22
53101,22
53112,22
53139,22
53146,22
53164,22
53167,22
53170,22
53198,22
53202,22
53207,22
53208,22
53215,22
53216,22
53218,22
53242,22
53244,22
53245,22
53246,22
53253,22
53259,22
53266,22
53267,22
53268,22
53270,22
53277,22
53278,22
53279,22
53280,22
53286,22
53288,22
53298,22
53299,22
53314,22
53316,22
53327,22
53330,22
53331,22
53332,22
53333,22
53337,22
53338,22
53356,22
53373,22
53374,22
53375,22
53380,22
53381,22
53387,22
53394,22
53396,22
53405,22
53408,22
53409,22
53433,22
53443,22
53445,22
53479,22
53499,22
53500,22
53504,22
53517,22
53523,22
53525,22
53534,22
53560,22
53581,22
53586,22
53620,22
53635,22
53640,22
53641,22
53642,22
53648,22
53649,22
53663,22
53665,22
53674,22
53680,22
53684,22
53690,22
53698,22
53710,22
53711,22
53722,22
53729,22
53733,22
53736,22
53737,22
53738,22
53747,22
53750,22
53751,22
53753,22
53757,22
53758,22
53762,22
53764,22
53765,22
53768,22
53771,22
53773,22
53775,22
53777,22
53778,22
53784,22
53785,22
53791,22
53795,22
53797,22
53798,22
53799,22
53800,22
53801,22
53803,22
53804,22
53805,22
53808,22
53809,22
53812,22
53814,22
53823,22
53824,22
53832,22
53841,22
53849,22
53858,22
53864,22
53869,22
53870,22
53871,22
53872,22
53884,22
53895,22
53898,22
53899,22
53900,22
53908,22
53909,22
53917,22
53926,22
53927,22
53929,22
53930,22
53931,22
53932,22
53934,22
53935,22
53949,22
53952,22
53954,22
53993,22
53994,22
54001,22
54002,22
54012,22
54026,22
54036,22
54044,22
54045,22
54046,22
54047,22
54054,22
54057,22
54067,22
54070,22
54077,22
54078,22
54079,22
54083,22
54087,22
54088,22
54100,22
54114,22
54115,22
54118,22
54130,22
54132,22
54151,22
54152,22
54154,22
54156,22
54157,22
54162,22
54168,22
54178,22
54185,22
54191,22
54195,22
54212,22
54213,22
54230,22
54247,22
54253,22
54255,22
54262,22
54263,22
54267,22
54268,22
54269,22
54271,22
54272,22
54273,22
54274,22
54276,22
54278,22
54282,22
54289,22
54290,22
54291,22
54292,22
54293,22
54295,22
54301,22
54333,22
54334,22
54337,22
54341,22
54375,22
54383,22
54389,22
54390,22
54397,22
54405,22
54429,22
54430,22
54451,22
54458,22
54465,22
54466,22
54467,22
54473,22
54478,22
54479,22
54482,22
54499,22
54501,22
54512,22
54514,22
54515,22
54518,22
54529,22
54539,22
54540,22
54546,22
54548,22
54551,22
54553,22
54554,22
54555,22
54556,22
54558,22
54572,22
54575,22
54576,22
54582,22
54596,22
54602,22
54618,22
54621,22
54624,22
54630,22
54638,22
54651,22
54659,22
54664,22
54675,22
54678,22
54727,22
54748,22
54749,22
54755,22
54758,22
54771,22
54780,22
54797,22
54798,22
54839,22
54868,22
54878,22
54879,22
54888,22
54890,22
54899,22
54911,22
54923,22
54932,22
54945,22
54955,22
54959,22
54987,22
55006,22
55012,22
55016,22
55020,22
55025,22
55026,22
55027,22
55049,22
55053,22
55054,22
55055,22
55058,22
55075,22
55084,22
55088,22
55092,22
55098,22
55099,22
55102,22
55103,22
55125,22
55134,22
55142,22
55147,22
55148,22
55154,22
55159,22
55160,22
55167,22
55169,22
55170,22
55171,22
55172,22
55173,22
55174,22
55175,22
55177,22
55178,22
55180,22
55182,22
55183,22
55187,22
55198,22
55200,22
55201,22
55202,22
55203,22
55218,22
55234,22
55238,22
55240,22
55241,22
55244,22
55252,22
55254,22
55263,22
55268,22
55270,22
55277,22
55281,22
55282,22
55293,22
55297,22
55298,22
55306,22
55313,22
55321,22
55322,22
55328,22
55329,22
55331,22
55332,22
55333,22
55334,22
55335,22
55336,22
55337,22
55338,22
55358,22
55359,22
55366,22
55367,22
55368,22
55369,22
55370,22
55375,22
55376,22
55378,22
55379,22
55380,22
55381,22
55382,22
55383,22
55384,22
55385,22
55386,22
55387,22
55388,22
55389,22
55390,22
55391,22
55392,22
55393,22
55395,22
55397,22
55399,22
55401,22
55404,22
55406,22
55408,22
55410,22
55412,22
55414,22
55415,22
55416,22
55417,22
55418,22
55419,22
55420,22
55421,22
55423,22
55425,22
55426,22
55427,22
55428,22
55429,22
55430,22
55431,22
55432,22
55433,22
55434,22
55435,22
55436,22
55437,22
55438,22
55439,22
55440,22
55441,22
55442,22
55443,22
55444,22
55445,22
55446,22
55447,22
55448,22
55449,22
55456,22
55457,22
55458,22
55459,22
55460,22
55461,22
55466,22
55467,22
55468,22
55469,22
55470,22
55471,22
55472,22
55473,22
55477,22
55478,22
55481,22
55482,22
55483,22
55484,22
55485,22
55486,22
55487,22
55489,22
55490,22
55491,22
55492,22
55493,22
55496,22
55497,22
55498,22
55499,22
55500,22
55501,22
55502,22
55503,22
55505,22
55506,22
55507,22
55508,22
55509,22
55511,22
55513,22
55517,22
55523,22
55566,22
55568,22
55569,22
55574,22
55581,22
55582,22
55583,22
55584,22
55590,22
55591,22
55606,22
55613,22
55614,22
55617,22
55626,22
55637,22
55648,22
55649,22
55658,22
55662,22
55663,22
55665,22
55666,22
55667,22
55668,22
55669,22
55670,22
55671,22
55672,22
55673,22
55674,22
55675,22
55676,22
55677,22
55680,22
55682,22
55685,22
55688,22
55689,22
55706,22
55707,22
55708,22
55710,22
55716,22
55734,22
55735,22
719,9
733,9
734,9
746,9
747,9
1041,9
1042,9
2148,9
2218,9
2238,9
2239,9
2417,9
3210,9
3375,9
4822,9
5101,9
5719,9
5774,9
5784,9
5902,9
6987,9
8339,9
8577,9
8634,9
8861,9
9232,9
9761,9
9851,9
10048,9
15291,9
16023,9
17157,9
17823,9
20177,9
30262,9
35746,9
37585,9
39761,9
40491,9
40750,9
41289,9
41466,9
47792,9
48178,9
50120,9
52630,9
52844,9
52851,9
52852,9
53027,9
53028,9
53029,9
53047,9
53688,9
